seed,confirmatory_model_seed,damping_candidate,tolerance_candidate,phase,budget,strict_converged,converged_fraction,n_converged_channels,n_total_channels,state_relative_error,maximum_residual,maximum_velocity_norm,median_residual,median_velocity_norm,phase_tolerance,active_channel_steps,maximum_channel_steps,median_channel_steps,wall_time_seconds,audit_indices_json,v33_excluded_audit_indices_json,fresh_test_subset_disjoint_from_v33
17,False,width=8|trace=5|power=1,free=1e-05|nudged=1e-06,free,30000,False,0.86171875,1103,1280,4.95584461745848e-06,0.00028819627311241593,0.00020200859279371152,9.542218931452412e-06,2.7108756677929733e-06,1e-05,19095100,30000,11412.5,17.32118690002244,"[5064, 2476, 2054, 3905, 6512, 514, 5051, 9740, 5391, 5491, 2788, 5470, 1746, 9089, 7436, 4954, 9001, 1608, 3051, 6496, 742, 8407, 1509, 6853, 2502, 9794, 555, 473, 6458, 3156, 6183, 2417, 3228, 9087, 8073, 6511, 1631, 2679, 1598, 8015, 3765, 4301, 3099, 5826, 3328, 1663, 8387, 3205, 8539, 1503, 9531, 3394, 3348, 6441, 8554, 603, 7839, 362, 6854, 289, 5582, 6665, 5755, 7546, 4420, 8865, 963, 3989, 9231, 6296, 364, 8742, 6390, 7229, 2075, 4412, 660, 6218, 3104, 6397, 1589, 1332, 2959, 8750, 6937, 3564, 5703, 8540, 3697, 7812, 7052, 69, 2563, 8139, 801, 2735, 5485, 4578, 823, 2413, 8986, 5661, 5508, 4665, 9970, 1697, 3979, 4761, 9615, 1476, 8844, 5638, 5482, 3309, 8906, 4327, 879, 388, 6976, 7821, 2331, 7694, 9855, 624, 604, 2765, 7110, 1906]","[30, 192, 280, 297, 391, 505, 507, 538, 612, 635, 666, 1034, 1048, 1281, 1480, 1533, 1607, 1651, 1681, 1687, 1731, 1768, 1793, 1814, 1892, 1948, 2179, 2203, 2248, 2343, 2418, 2460, 2495, 2586, 2956, 3087, 3125, 3185, 3194, 3204, 3236, 3294, 3304, 3322, 3396, 3448, 3462, 3503, 3540, 3674, 4035, 4168, 4249, 4289, 4372, 4427, 4444, 4515, 4700, 4912, 5073, 5202, 5219, 5231, 5423, 5530, 5576, 5631, 5729, 5819, 5917, 6030, 6056, 6076, 6089, 6123, 6209, 6219, 6241, 6293, 6302, 6315, 6428, 6486, 6693, 6721, 6792, 6801, 6820, 6907, 7202, 7238, 7303, 7394, 7447, 7516, 7731, 7737, 7824, 7864, 7919, 7932, 8008, 8043, 8060, 8160, 8249, 8309, 8433, 8486, 8561, 8639, 8652, 8731, 8741, 8886, 9047, 9055, 9063, 9258, 9299, 9305, 9485, 9494, 9505, 9620, 9755, 9822]",True
17,False,width=8|trace=5|power=1,free=1e-05|nudged=1e-06,plus,30000,False,0.9328125,1194,1280,4.025584582362441e-07,6.4557925815891235e-06,3.2238721242688917e-06,9.580687983409397e-07,2.592289542995422e-07,1e-06,13454400,30000,7675.0,13.125564099987969,"[5064, 2476, 2054, 3905, 6512, 514, 5051, 9740, 5391, 5491, 2788, 5470, 1746, 9089, 7436, 4954, 9001, 1608, 3051, 6496, 742, 8407, 1509, 6853, 2502, 9794, 555, 473, 6458, 3156, 6183, 2417, 3228, 9087, 8073, 6511, 1631, 2679, 1598, 8015, 3765, 4301, 3099, 5826, 3328, 1663, 8387, 3205, 8539, 1503, 9531, 3394, 3348, 6441, 8554, 603, 7839, 362, 6854, 289, 5582, 6665, 5755, 7546, 4420, 8865, 963, 3989, 9231, 6296, 364, 8742, 6390, 7229, 2075, 4412, 660, 6218, 3104, 6397, 1589, 1332, 2959, 8750, 6937, 3564, 5703, 8540, 3697, 7812, 7052, 69, 2563, 8139, 801, 2735, 5485, 4578, 823, 2413, 8986, 5661, 5508, 4665, 9970, 1697, 3979, 4761, 9615, 1476, 8844, 5638, 5482, 3309, 8906, 4327, 879, 388, 6976, 7821, 2331, 7694, 9855, 624, 604, 2765, 7110, 1906]","[30, 192, 280, 297, 391, 505, 507, 538, 612, 635, 666, 1034, 1048, 1281, 1480, 1533, 1607, 1651, 1681, 1687, 1731, 1768, 1793, 1814, 1892, 1948, 2179, 2203, 2248, 2343, 2418, 2460, 2495, 2586, 2956, 3087, 3125, 3185, 3194, 3204, 3236, 3294, 3304, 3322, 3396, 3448, 3462, 3503, 3540, 3674, 4035, 4168, 4249, 4289, 4372, 4427, 4444, 4515, 4700, 4912, 5073, 5202, 5219, 5231, 5423, 5530, 5576, 5631, 5729, 5819, 5917, 6030, 6056, 6076, 6089, 6123, 6209, 6219, 6241, 6293, 6302, 6315, 6428, 6486, 6693, 6721, 6792, 6801, 6820, 6907, 7202, 7238, 7303, 7394, 7447, 7516, 7731, 7737, 7824, 7864, 7919, 7932, 8008, 8043, 8060, 8160, 8249, 8309, 8433, 8486, 8561, 8639, 8652, 8731, 8741, 8886, 9047, 9055, 9063, 9258, 9299, 9305, 9485, 9494, 9505, 9620, 9755, 9822]",True
17,False,width=8|trace=5|power=1,free=1e-05|nudged=1e-06,minus,30000,False,0.93125,1192,1280,4.0403392582164456e-07,6.448526465182465e-06,3.220211627223323e-06,9.609218882839815e-07,2.5754539370592837e-07,1e-06,13421200,30000,7600.0,13.137740799982566,"[5064, 2476, 2054, 3905, 6512, 514, 5051, 9740, 5391, 5491, 2788, 5470, 1746, 9089, 7436, 4954, 9001, 1608, 3051, 6496, 742, 8407, 1509, 6853, 2502, 9794, 555, 473, 6458, 3156, 6183, 2417, 3228, 9087, 8073, 6511, 1631, 2679, 1598, 8015, 3765, 4301, 3099, 5826, 3328, 1663, 8387, 3205, 8539, 1503, 9531, 3394, 3348, 6441, 8554, 603, 7839, 362, 6854, 289, 5582, 6665, 5755, 7546, 4420, 8865, 963, 3989, 9231, 6296, 364, 8742, 6390, 7229, 2075, 4412, 660, 6218, 3104, 6397, 1589, 1332, 2959, 8750, 6937, 3564, 5703, 8540, 3697, 7812, 7052, 69, 2563, 8139, 801, 2735, 5485, 4578, 823, 2413, 8986, 5661, 5508, 4665, 9970, 1697, 3979, 4761, 9615, 1476, 8844, 5638, 5482, 3309, 8906, 4327, 879, 388, 6976, 7821, 2331, 7694, 9855, 624, 604, 2765, 7110, 1906]","[30, 192, 280, 297, 391, 505, 507, 538, 612, 635, 666, 1034, 1048, 1281, 1480, 1533, 1607, 1651, 1681, 1687, 1731, 1768, 1793, 1814, 1892, 1948, 2179, 2203, 2248, 2343, 2418, 2460, 2495, 2586, 2956, 3087, 3125, 3185, 3194, 3204, 3236, 3294, 3304, 3322, 3396, 3448, 3462, 3503, 3540, 3674, 4035, 4168, 4249, 4289, 4372, 4427, 4444, 4515, 4700, 4912, 5073, 5202, 5219, 5231, 5423, 5530, 5576, 5631, 5729, 5819, 5917, 6030, 6056, 6076, 6089, 6123, 6209, 6219, 6241, 6293, 6302, 6315, 6428, 6486, 6693, 6721, 6792, 6801, 6820, 6907, 7202, 7238, 7303, 7394, 7447, 7516, 7731, 7737, 7824, 7864, 7919, 7932, 8008, 8043, 8060, 8160, 8249, 8309, 8433, 8486, 8561, 8639, 8652, 8731, 8741, 8886, 9047, 9055, 9063, 9258, 9299, 9305, 9485, 9494, 9505, 9620, 9755, 9822]",True
17,False,width=8|trace=5|power=1,free=1e-05|nudged=1e-06,free,60000,False,0.9546875,1222,1280,4.699626367933481e-06,0.0003553036548617003,9.091462650603695e-05,9.569659933531839e-06,2.6074453915993705e-06,1e-05,22024150,60000,11412.5,21.344795900047757,"[5064, 2476, 2054, 3905, 6512, 514, 5051, 9740, 5391, 5491, 2788, 5470, 1746, 9089, 7436, 4954, 9001, 1608, 3051, 6496, 742, 8407, 1509, 6853, 2502, 9794, 555, 473, 6458, 3156, 6183, 2417, 3228, 9087, 8073, 6511, 1631, 2679, 1598, 8015, 3765, 4301, 3099, 5826, 3328, 1663, 8387, 3205, 8539, 1503, 9531, 3394, 3348, 6441, 8554, 603, 7839, 362, 6854, 289, 5582, 6665, 5755, 7546, 4420, 8865, 963, 3989, 9231, 6296, 364, 8742, 6390, 7229, 2075, 4412, 660, 6218, 3104, 6397, 1589, 1332, 2959, 8750, 6937, 3564, 5703, 8540, 3697, 7812, 7052, 69, 2563, 8139, 801, 2735, 5485, 4578, 823, 2413, 8986, 5661, 5508, 4665, 9970, 1697, 3979, 4761, 9615, 1476, 8844, 5638, 5482, 3309, 8906, 4327, 879, 388, 6976, 7821, 2331, 7694, 9855, 624, 604, 2765, 7110, 1906]","[30, 192, 280, 297, 391, 505, 507, 538, 612, 635, 666, 1034, 1048, 1281, 1480, 1533, 1607, 1651, 1681, 1687, 1731, 1768, 1793, 1814, 1892, 1948, 2179, 2203, 2248, 2343, 2418, 2460, 2495, 2586, 2956, 3087, 3125, 3185, 3194, 3204, 3236, 3294, 3304, 3322, 3396, 3448, 3462, 3503, 3540, 3674, 4035, 4168, 4249, 4289, 4372, 4427, 4444, 4515, 4700, 4912, 5073, 5202, 5219, 5231, 5423, 5530, 5576, 5631, 5729, 5819, 5917, 6030, 6056, 6076, 6089, 6123, 6209, 6219, 6241, 6293, 6302, 6315, 6428, 6486, 6693, 6721, 6792, 6801, 6820, 6907, 7202, 7238, 7303, 7394, 7447, 7516, 7731, 7737, 7824, 7864, 7919, 7932, 8008, 8043, 8060, 8160, 8249, 8309, 8433, 8486, 8561, 8639, 8652, 8731, 8741, 8886, 9047, 9055, 9063, 9258, 9299, 9305, 9485, 9494, 9505, 9620, 9755, 9822]",True
17,False,width=8|trace=5|power=1,free=1e-05|nudged=1e-06,plus,60000,False,0.98046875,1255,1280,4.007566236201789e-07,4.8033520574933786e-06,2.0795994189755407e-06,9.584890547589082e-07,2.5843973821982774e-07,1e-06,14826450,60000,7675.0,16.014286899997387,"[5064, 2476, 2054, 3905, 6512, 514, 5051, 9740, 5391, 5491, 2788, 5470, 1746, 9089, 7436, 4954, 9001, 1608, 3051, 6496, 742, 8407, 1509, 6853, 2502, 9794, 555, 473, 6458, 3156, 6183, 2417, 3228, 9087, 8073, 6511, 1631, 2679, 1598, 8015, 3765, 4301, 3099, 5826, 3328, 1663, 8387, 3205, 8539, 1503, 9531, 3394, 3348, 6441, 8554, 603, 7839, 362, 6854, 289, 5582, 6665, 5755, 7546, 4420, 8865, 963, 3989, 9231, 6296, 364, 8742, 6390, 7229, 2075, 4412, 660, 6218, 3104, 6397, 1589, 1332, 2959, 8750, 6937, 3564, 5703, 8540, 3697, 7812, 7052, 69, 2563, 8139, 801, 2735, 5485, 4578, 823, 2413, 8986, 5661, 5508, 4665, 9970, 1697, 3979, 4761, 9615, 1476, 8844, 5638, 5482, 3309, 8906, 4327, 879, 388, 6976, 7821, 2331, 7694, 9855, 624, 604, 2765, 7110, 1906]","[30, 192, 280, 297, 391, 505, 507, 538, 612, 635, 666, 1034, 1048, 1281, 1480, 1533, 1607, 1651, 1681, 1687, 1731, 1768, 1793, 1814, 1892, 1948, 2179, 2203, 2248, 2343, 2418, 2460, 2495, 2586, 2956, 3087, 3125, 3185, 3194, 3204, 3236, 3294, 3304, 3322, 3396, 3448, 3462, 3503, 3540, 3674, 4035, 4168, 4249, 4289, 4372, 4427, 4444, 4515, 4700, 4912, 5073, 5202, 5219, 5231, 5423, 5530, 5576, 5631, 5729, 5819, 5917, 6030, 6056, 6076, 6089, 6123, 6209, 6219, 6241, 6293, 6302, 6315, 6428, 6486, 6693, 6721, 6792, 6801, 6820, 6907, 7202, 7238, 7303, 7394, 7447, 7516, 7731, 7737, 7824, 7864, 7919, 7932, 8008, 8043, 8060, 8160, 8249, 8309, 8433, 8486, 8561, 8639, 8652, 8731, 8741, 8886, 9047, 9055, 9063, 9258, 9299, 9305, 9485, 9494, 9505, 9620, 9755, 9822]",True
17,False,width=8|trace=5|power=1,free=1e-05|nudged=1e-06,minus,60000,False,0.98125,1256,1280,4.022897531449542e-07,4.792822124424888e-06,2.0806292596338263e-06,9.611533423630686e-07,2.5677434172662786e-07,1e-06,14793675,60000,7600.0,15.99840199999744,"[5064, 2476, 2054, 3905, 6512, 514, 5051, 9740, 5391, 5491, 2788, 5470, 1746, 9089, 7436, 4954, 9001, 1608, 3051, 6496, 742, 8407, 1509, 6853, 2502, 9794, 555, 473, 6458, 3156, 6183, 2417, 3228, 9087, 8073, 6511, 1631, 2679, 1598, 8015, 3765, 4301, 3099, 5826, 3328, 1663, 8387, 3205, 8539, 1503, 9531, 3394, 3348, 6441, 8554, 603, 7839, 362, 6854, 289, 5582, 6665, 5755, 7546, 4420, 8865, 963, 3989, 9231, 6296, 364, 8742, 6390, 7229, 2075, 4412, 660, 6218, 3104, 6397, 1589, 1332, 2959, 8750, 6937, 3564, 5703, 8540, 3697, 7812, 7052, 69, 2563, 8139, 801, 2735, 5485, 4578, 823, 2413, 8986, 5661, 5508, 4665, 9970, 1697, 3979, 4761, 9615, 1476, 8844, 5638, 5482, 3309, 8906, 4327, 879, 388, 6976, 7821, 2331, 7694, 9855, 624, 604, 2765, 7110, 1906]","[30, 192, 280, 297, 391, 505, 507, 538, 612, 635, 666, 1034, 1048, 1281, 1480, 1533, 1607, 1651, 1681, 1687, 1731, 1768, 1793, 1814, 1892, 1948, 2179, 2203, 2248, 2343, 2418, 2460, 2495, 2586, 2956, 3087, 3125, 3185, 3194, 3204, 3236, 3294, 3304, 3322, 3396, 3448, 3462, 3503, 3540, 3674, 4035, 4168, 4249, 4289, 4372, 4427, 4444, 4515, 4700, 4912, 5073, 5202, 5219, 5231, 5423, 5530, 5576, 5631, 5729, 5819, 5917, 6030, 6056, 6076, 6089, 6123, 6209, 6219, 6241, 6293, 6302, 6315, 6428, 6486, 6693, 6721, 6792, 6801, 6820, 6907, 7202, 7238, 7303, 7394, 7447, 7516, 7731, 7737, 7824, 7864, 7919, 7932, 8008, 8043, 8060, 8160, 8249, 8309, 8433, 8486, 8561, 8639, 8652, 8731, 8741, 8886, 9047, 9055, 9063, 9258, 9299, 9305, 9485, 9494, 9505, 9620, 9755, 9822]",True
17,False,width=8|trace=5|power=1,free=1e-05|nudged=1e-06,free,120000,False,0.98515625,1261,1280,4.450178617109903e-06,0.00016312160276615287,9.549242024143808e-05,9.561424582523643e-06,2.62244237280632e-06,1e-05,23932200,120000,11412.5,26.02244240004802,"[5064, 2476, 2054, 3905, 6512, 514, 5051, 9740, 5391, 5491, 2788, 5470, 1746, 9089, 7436, 4954, 9001, 1608, 3051, 6496, 742, 8407, 1509, 6853, 2502, 9794, 555, 473, 6458, 3156, 6183, 2417, 3228, 9087, 8073, 6511, 1631, 2679, 1598, 8015, 3765, 4301, 3099, 5826, 3328, 1663, 8387, 3205, 8539, 1503, 9531, 3394, 3348, 6441, 8554, 603, 7839, 362, 6854, 289, 5582, 6665, 5755, 7546, 4420, 8865, 963, 3989, 9231, 6296, 364, 8742, 6390, 7229, 2075, 4412, 660, 6218, 3104, 6397, 1589, 1332, 2959, 8750, 6937, 3564, 5703, 8540, 3697, 7812, 7052, 69, 2563, 8139, 801, 2735, 5485, 4578, 823, 2413, 8986, 5661, 5508, 4665, 9970, 1697, 3979, 4761, 9615, 1476, 8844, 5638, 5482, 3309, 8906, 4327, 879, 388, 6976, 7821, 2331, 7694, 9855, 624, 604, 2765, 7110, 1906]","[30, 192, 280, 297, 391, 505, 507, 538, 612, 635, 666, 1034, 1048, 1281, 1480, 1533, 1607, 1651, 1681, 1687, 1731, 1768, 1793, 1814, 1892, 1948, 2179, 2203, 2248, 2343, 2418, 2460, 2495, 2586, 2956, 3087, 3125, 3185, 3194, 3204, 3236, 3294, 3304, 3322, 3396, 3448, 3462, 3503, 3540, 3674, 4035, 4168, 4249, 4289, 4372, 4427, 4444, 4515, 4700, 4912, 5073, 5202, 5219, 5231, 5423, 5530, 5576, 5631, 5729, 5819, 5917, 6030, 6056, 6076, 6089, 6123, 6209, 6219, 6241, 6293, 6302, 6315, 6428, 6486, 6693, 6721, 6792, 6801, 6820, 6907, 7202, 7238, 7303, 7394, 7447, 7516, 7731, 7737, 7824, 7864, 7919, 7932, 8008, 8043, 8060, 8160, 8249, 8309, 8433, 8486, 8561, 8639, 8652, 8731, 8741, 8886, 9047, 9055, 9063, 9258, 9299, 9305, 9485, 9494, 9505, 9620, 9755, 9822]",True
17,False,width=8|trace=5|power=1,free=1e-05|nudged=1e-06,plus,120000,False,0.99453125,1273,1280,4.0008270068155513e-07,2.2233074897330934e-06,9.98857652403918e-07,9.585485354471269e-07,2.5878062837030363e-07,1e-06,15557600,120000,7675.0,19.994802300003357,"[5064, 2476, 2054, 3905, 6512, 514, 5051, 9740, 5391, 5491, 2788, 5470, 1746, 9089, 7436, 4954, 9001, 1608, 3051, 6496, 742, 8407, 1509, 6853, 2502, 9794, 555, 473, 6458, 3156, 6183, 2417, 3228, 9087, 8073, 6511, 1631, 2679, 1598, 8015, 3765, 4301, 3099, 5826, 3328, 1663, 8387, 3205, 8539, 1503, 9531, 3394, 3348, 6441, 8554, 603, 7839, 362, 6854, 289, 5582, 6665, 5755, 7546, 4420, 8865, 963, 3989, 9231, 6296, 364, 8742, 6390, 7229, 2075, 4412, 660, 6218, 3104, 6397, 1589, 1332, 2959, 8750, 6937, 3564, 5703, 8540, 3697, 7812, 7052, 69, 2563, 8139, 801, 2735, 5485, 4578, 823, 2413, 8986, 5661, 5508, 4665, 9970, 1697, 3979, 4761, 9615, 1476, 8844, 5638, 5482, 3309, 8906, 4327, 879, 388, 6976, 7821, 2331, 7694, 9855, 624, 604, 2765, 7110, 1906]","[30, 192, 280, 297, 391, 505, 507, 538, 612, 635, 666, 1034, 1048, 1281, 1480, 1533, 1607, 1651, 1681, 1687, 1731, 1768, 1793, 1814, 1892, 1948, 2179, 2203, 2248, 2343, 2418, 2460, 2495, 2586, 2956, 3087, 3125, 3185, 3194, 3204, 3236, 3294, 3304, 3322, 3396, 3448, 3462, 3503, 3540, 3674, 4035, 4168, 4249, 4289, 4372, 4427, 4444, 4515, 4700, 4912, 5073, 5202, 5219, 5231, 5423, 5530, 5576, 5631, 5729, 5819, 5917, 6030, 6056, 6076, 6089, 6123, 6209, 6219, 6241, 6293, 6302, 6315, 6428, 6486, 6693, 6721, 6792, 6801, 6820, 6907, 7202, 7238, 7303, 7394, 7447, 7516, 7731, 7737, 7824, 7864, 7919, 7932, 8008, 8043, 8060, 8160, 8249, 8309, 8433, 8486, 8561, 8639, 8652, 8731, 8741, 8886, 9047, 9055, 9063, 9258, 9299, 9305, 9485, 9494, 9505, 9620, 9755, 9822]",True
17,False,width=8|trace=5|power=1,free=1e-05|nudged=1e-06,minus,120000,False,0.99453125,1273,1280,4.015833330690681e-07,2.205467203004356e-06,9.959593027023627e-07,9.61235972098959e-07,2.571073648696383e-07,1e-06,15526750,120000,7600.0,20.016162000014447,"[5064, 2476, 2054, 3905, 6512, 514, 5051, 9740, 5391, 5491, 2788, 5470, 1746, 9089, 7436, 4954, 9001, 1608, 3051, 6496, 742, 8407, 1509, 6853, 2502, 9794, 555, 473, 6458, 3156, 6183, 2417, 3228, 9087, 8073, 6511, 1631, 2679, 1598, 8015, 3765, 4301, 3099, 5826, 3328, 1663, 8387, 3205, 8539, 1503, 9531, 3394, 3348, 6441, 8554, 603, 7839, 362, 6854, 289, 5582, 6665, 5755, 7546, 4420, 8865, 963, 3989, 9231, 6296, 364, 8742, 6390, 7229, 2075, 4412, 660, 6218, 3104, 6397, 1589, 1332, 2959, 8750, 6937, 3564, 5703, 8540, 3697, 7812, 7052, 69, 2563, 8139, 801, 2735, 5485, 4578, 823, 2413, 8986, 5661, 5508, 4665, 9970, 1697, 3979, 4761, 9615, 1476, 8844, 5638, 5482, 3309, 8906, 4327, 879, 388, 6976, 7821, 2331, 7694, 9855, 624, 604, 2765, 7110, 1906]","[30, 192, 280, 297, 391, 505, 507, 538, 612, 635, 666, 1034, 1048, 1281, 1480, 1533, 1607, 1651, 1681, 1687, 1731, 1768, 1793, 1814, 1892, 1948, 2179, 2203, 2248, 2343, 2418, 2460, 2495, 2586, 2956, 3087, 3125, 3185, 3194, 3204, 3236, 3294, 3304, 3322, 3396, 3448, 3462, 3503, 3540, 3674, 4035, 4168, 4249, 4289, 4372, 4427, 4444, 4515, 4700, 4912, 5073, 5202, 5219, 5231, 5423, 5530, 5576, 5631, 5729, 5819, 5917, 6030, 6056, 6076, 6089, 6123, 6209, 6219, 6241, 6293, 6302, 6315, 6428, 6486, 6693, 6721, 6792, 6801, 6820, 6907, 7202, 7238, 7303, 7394, 7447, 7516, 7731, 7737, 7824, 7864, 7919, 7932, 8008, 8043, 8060, 8160, 8249, 8309, 8433, 8486, 8561, 8639, 8652, 8731, 8741, 8886, 9047, 9055, 9063, 9258, 9299, 9305, 9485, 9494, 9505, 9620, 9755, 9822]",True
17,False,width=8|trace=5|power=1,free=1e-05|nudged=1e-06,free,240000,False,0.99453125,1273,1280,4.407852708949813e-06,7.234676313716189e-05,5.188669949444619e-05,9.560527816252253e-06,2.62244237280632e-06,1e-05,24991350,240000,11412.5,33.00316970003769,"[5064, 2476, 2054, 3905, 6512, 514, 5051, 9740, 5391, 5491, 2788, 5470, 1746, 9089, 7436, 4954, 9001, 1608, 3051, 6496, 742, 8407, 1509, 6853, 2502, 9794, 555, 473, 6458, 3156, 6183, 2417, 3228, 9087, 8073, 6511, 1631, 2679, 1598, 8015, 3765, 4301, 3099, 5826, 3328, 1663, 8387, 3205, 8539, 1503, 9531, 3394, 3348, 6441, 8554, 603, 7839, 362, 6854, 289, 5582, 6665, 5755, 7546, 4420, 8865, 963, 3989, 9231, 6296, 364, 8742, 6390, 7229, 2075, 4412, 660, 6218, 3104, 6397, 1589, 1332, 2959, 8750, 6937, 3564, 5703, 8540, 3697, 7812, 7052, 69, 2563, 8139, 801, 2735, 5485, 4578, 823, 2413, 8986, 5661, 5508, 4665, 9970, 1697, 3979, 4761, 9615, 1476, 8844, 5638, 5482, 3309, 8906, 4327, 879, 388, 6976, 7821, 2331, 7694, 9855, 624, 604, 2765, 7110, 1906]","[30, 192, 280, 297, 391, 505, 507, 538, 612, 635, 666, 1034, 1048, 1281, 1480, 1533, 1607, 1651, 1681, 1687, 1731, 1768, 1793, 1814, 1892, 1948, 2179, 2203, 2248, 2343, 2418, 2460, 2495, 2586, 2956, 3087, 3125, 3185, 3194, 3204, 3236, 3294, 3304, 3322, 3396, 3448, 3462, 3503, 3540, 3674, 4035, 4168, 4249, 4289, 4372, 4427, 4444, 4515, 4700, 4912, 5073, 5202, 5219, 5231, 5423, 5530, 5576, 5631, 5729, 5819, 5917, 6030, 6056, 6076, 6089, 6123, 6209, 6219, 6241, 6293, 6302, 6315, 6428, 6486, 6693, 6721, 6792, 6801, 6820, 6907, 7202, 7238, 7303, 7394, 7447, 7516, 7731, 7737, 7824, 7864, 7919, 7932, 8008, 8043, 8060, 8160, 8249, 8309, 8433, 8486, 8561, 8639, 8652, 8731, 8741, 8886, 9047, 9055, 9063, 9258, 9299, 9305, 9485, 9494, 9505, 9620, 9755, 9822]",True
17,False,width=8|trace=5|power=1,free=1e-05|nudged=1e-06,plus,240000,True,1.0,1280,1280,3.999990246587e-07,9.999884294613954e-07,9.98857652403918e-07,9.585485354471269e-07,2.588867794758027e-07,1e-06,15805175,174275,7675.0,23.044103000022005,"[5064, 2476, 2054, 3905, 6512, 514, 5051, 9740, 5391, 5491, 2788, 5470, 1746, 9089, 7436, 4954, 9001, 1608, 3051, 6496, 742, 8407, 1509, 6853, 2502, 9794, 555, 473, 6458, 3156, 6183, 2417, 3228, 9087, 8073, 6511, 1631, 2679, 1598, 8015, 3765, 4301, 3099, 5826, 3328, 1663, 8387, 3205, 8539, 1503, 9531, 3394, 3348, 6441, 8554, 603, 7839, 362, 6854, 289, 5582, 6665, 5755, 7546, 4420, 8865, 963, 3989, 9231, 6296, 364, 8742, 6390, 7229, 2075, 4412, 660, 6218, 3104, 6397, 1589, 1332, 2959, 8750, 6937, 3564, 5703, 8540, 3697, 7812, 7052, 69, 2563, 8139, 801, 2735, 5485, 4578, 823, 2413, 8986, 5661, 5508, 4665, 9970, 1697, 3979, 4761, 9615, 1476, 8844, 5638, 5482, 3309, 8906, 4327, 879, 388, 6976, 7821, 2331, 7694, 9855, 624, 604, 2765, 7110, 1906]","[30, 192, 280, 297, 391, 505, 507, 538, 612, 635, 666, 1034, 1048, 1281, 1480, 1533, 1607, 1651, 1681, 1687, 1731, 1768, 1793, 1814, 1892, 1948, 2179, 2203, 2248, 2343, 2418, 2460, 2495, 2586, 2956, 3087, 3125, 3185, 3194, 3204, 3236, 3294, 3304, 3322, 3396, 3448, 3462, 3503, 3540, 3674, 4035, 4168, 4249, 4289, 4372, 4427, 4444, 4515, 4700, 4912, 5073, 5202, 5219, 5231, 5423, 5530, 5576, 5631, 5729, 5819, 5917, 6030, 6056, 6076, 6089, 6123, 6209, 6219, 6241, 6293, 6302, 6315, 6428, 6486, 6693, 6721, 6792, 6801, 6820, 6907, 7202, 7238, 7303, 7394, 7447, 7516, 7731, 7737, 7824, 7864, 7919, 7932, 8008, 8043, 8060, 8160, 8249, 8309, 8433, 8486, 8561, 8639, 8652, 8731, 8741, 8886, 9047, 9055, 9063, 9258, 9299, 9305, 9485, 9494, 9505, 9620, 9755, 9822]",True
17,False,width=8|trace=5|power=1,free=1e-05|nudged=1e-06,minus,240000,True,1.0,1280,1280,4.015044547431665e-07,9.999907843174436e-07,9.959593027023627e-07,9.613787137515706e-07,2.572518493020746e-07,1e-06,15776500,173475,7600.0,23.079759299987927,"[5064, 2476, 2054, 3905, 6512, 514, 5051, 9740, 5391, 5491, 2788, 5470, 1746, 9089, 7436, 4954, 9001, 1608, 3051, 6496, 742, 8407, 1509, 6853, 2502, 9794, 555, 473, 6458, 3156, 6183, 2417, 3228, 9087, 8073, 6511, 1631, 2679, 1598, 8015, 3765, 4301, 3099, 5826, 3328, 1663, 8387, 3205, 8539, 1503, 9531, 3394, 3348, 6441, 8554, 603, 7839, 362, 6854, 289, 5582, 6665, 5755, 7546, 4420, 8865, 963, 3989, 9231, 6296, 364, 8742, 6390, 7229, 2075, 4412, 660, 6218, 3104, 6397, 1589, 1332, 2959, 8750, 6937, 3564, 5703, 8540, 3697, 7812, 7052, 69, 2563, 8139, 801, 2735, 5485, 4578, 823, 2413, 8986, 5661, 5508, 4665, 9970, 1697, 3979, 4761, 9615, 1476, 8844, 5638, 5482, 3309, 8906, 4327, 879, 388, 6976, 7821, 2331, 7694, 9855, 624, 604, 2765, 7110, 1906]","[30, 192, 280, 297, 391, 505, 507, 538, 612, 635, 666, 1034, 1048, 1281, 1480, 1533, 1607, 1651, 1681, 1687, 1731, 1768, 1793, 1814, 1892, 1948, 2179, 2203, 2248, 2343, 2418, 2460, 2495, 2586, 2956, 3087, 3125, 3185, 3194, 3204, 3236, 3294, 3304, 3322, 3396, 3448, 3462, 3503, 3540, 3674, 4035, 4168, 4249, 4289, 4372, 4427, 4444, 4515, 4700, 4912, 5073, 5202, 5219, 5231, 5423, 5530, 5576, 5631, 5729, 5819, 5917, 6030, 6056, 6076, 6089, 6123, 6209, 6219, 6241, 6293, 6302, 6315, 6428, 6486, 6693, 6721, 6792, 6801, 6820, 6907, 7202, 7238, 7303, 7394, 7447, 7516, 7731, 7737, 7824, 7864, 7919, 7932, 8008, 8043, 8060, 8160, 8249, 8309, 8433, 8486, 8561, 8639, 8652, 8731, 8741, 8886, 9047, 9055, 9063, 9258, 9299, 9305, 9485, 9494, 9505, 9620, 9755, 9822]",True
17,False,width=8|trace=5|power=1,free=1e-05|nudged=1e-06,free,480000,False,0.99921875,1279,1280,4.4030758070406324e-06,9.999970036600943e-06,1.580938204657329e-05,9.559727836003477e-06,2.6269737588351655e-06,1e-05,25453500,480000,11412.5,43.49457670003176,"[5064, 2476, 2054, 3905, 6512, 514, 5051, 9740, 5391, 5491, 2788, 5470, 1746, 9089, 7436, 4954, 9001, 1608, 3051, 6496, 742, 8407, 1509, 6853, 2502, 9794, 555, 473, 6458, 3156, 6183, 2417, 3228, 9087, 8073, 6511, 1631, 2679, 1598, 8015, 3765, 4301, 3099, 5826, 3328, 1663, 8387, 3205, 8539, 1503, 9531, 3394, 3348, 6441, 8554, 603, 7839, 362, 6854, 289, 5582, 6665, 5755, 7546, 4420, 8865, 963, 3989, 9231, 6296, 364, 8742, 6390, 7229, 2075, 4412, 660, 6218, 3104, 6397, 1589, 1332, 2959, 8750, 6937, 3564, 5703, 8540, 3697, 7812, 7052, 69, 2563, 8139, 801, 2735, 5485, 4578, 823, 2413, 8986, 5661, 5508, 4665, 9970, 1697, 3979, 4761, 9615, 1476, 8844, 5638, 5482, 3309, 8906, 4327, 879, 388, 6976, 7821, 2331, 7694, 9855, 624, 604, 2765, 7110, 1906]","[30, 192, 280, 297, 391, 505, 507, 538, 612, 635, 666, 1034, 1048, 1281, 1480, 1533, 1607, 1651, 1681, 1687, 1731, 1768, 1793, 1814, 1892, 1948, 2179, 2203, 2248, 2343, 2418, 2460, 2495, 2586, 2956, 3087, 3125, 3185, 3194, 3204, 3236, 3294, 3304, 3322, 3396, 3448, 3462, 3503, 3540, 3674, 4035, 4168, 4249, 4289, 4372, 4427, 4444, 4515, 4700, 4912, 5073, 5202, 5219, 5231, 5423, 5530, 5576, 5631, 5729, 5819, 5917, 6030, 6056, 6076, 6089, 6123, 6209, 6219, 6241, 6293, 6302, 6315, 6428, 6486, 6693, 6721, 6792, 6801, 6820, 6907, 7202, 7238, 7303, 7394, 7447, 7516, 7731, 7737, 7824, 7864, 7919, 7932, 8008, 8043, 8060, 8160, 8249, 8309, 8433, 8486, 8561, 8639, 8652, 8731, 8741, 8886, 9047, 9055, 9063, 9258, 9299, 9305, 9485, 9494, 9505, 9620, 9755, 9822]",True
17,False,width=8|trace=5|power=1,free=1e-05|nudged=1e-06,plus,480000,True,1.0,1280,1280,3.999990246587e-07,9.999884294613954e-07,9.98857652403918e-07,9.585485354471269e-07,2.588867794758027e-07,1e-06,15805175,174275,7675.0,23.044150500034448,"[5064, 2476, 2054, 3905, 6512, 514, 5051, 9740, 5391, 5491, 2788, 5470, 1746, 9089, 7436, 4954, 9001, 1608, 3051, 6496, 742, 8407, 1509, 6853, 2502, 9794, 555, 473, 6458, 3156, 6183, 2417, 3228, 9087, 8073, 6511, 1631, 2679, 1598, 8015, 3765, 4301, 3099, 5826, 3328, 1663, 8387, 3205, 8539, 1503, 9531, 3394, 3348, 6441, 8554, 603, 7839, 362, 6854, 289, 5582, 6665, 5755, 7546, 4420, 8865, 963, 3989, 9231, 6296, 364, 8742, 6390, 7229, 2075, 4412, 660, 6218, 3104, 6397, 1589, 1332, 2959, 8750, 6937, 3564, 5703, 8540, 3697, 7812, 7052, 69, 2563, 8139, 801, 2735, 5485, 4578, 823, 2413, 8986, 5661, 5508, 4665, 9970, 1697, 3979, 4761, 9615, 1476, 8844, 5638, 5482, 3309, 8906, 4327, 879, 388, 6976, 7821, 2331, 7694, 9855, 624, 604, 2765, 7110, 1906]","[30, 192, 280, 297, 391, 505, 507, 538, 612, 635, 666, 1034, 1048, 1281, 1480, 1533, 1607, 1651, 1681, 1687, 1731, 1768, 1793, 1814, 1892, 1948, 2179, 2203, 2248, 2343, 2418, 2460, 2495, 2586, 2956, 3087, 3125, 3185, 3194, 3204, 3236, 3294, 3304, 3322, 3396, 3448, 3462, 3503, 3540, 3674, 4035, 4168, 4249, 4289, 4372, 4427, 4444, 4515, 4700, 4912, 5073, 5202, 5219, 5231, 5423, 5530, 5576, 5631, 5729, 5819, 5917, 6030, 6056, 6076, 6089, 6123, 6209, 6219, 6241, 6293, 6302, 6315, 6428, 6486, 6693, 6721, 6792, 6801, 6820, 6907, 7202, 7238, 7303, 7394, 7447, 7516, 7731, 7737, 7824, 7864, 7919, 7932, 8008, 8043, 8060, 8160, 8249, 8309, 8433, 8486, 8561, 8639, 8652, 8731, 8741, 8886, 9047, 9055, 9063, 9258, 9299, 9305, 9485, 9494, 9505, 9620, 9755, 9822]",True
17,False,width=8|trace=5|power=1,free=1e-05|nudged=1e-06,minus,480000,True,1.0,1280,1280,4.015044547431665e-07,9.999907843174436e-07,9.959593027023627e-07,9.613787137515706e-07,2.572518493020746e-07,1e-06,15776500,173475,7600.0,23.079810700030066,"[5064, 2476, 2054, 3905, 6512, 514, 5051, 9740, 5391, 5491, 2788, 5470, 1746, 9089, 7436, 4954, 9001, 1608, 3051, 6496, 742, 8407, 1509, 6853, 2502, 9794, 555, 473, 6458, 3156, 6183, 2417, 3228, 9087, 8073, 6511, 1631, 2679, 1598, 8015, 3765, 4301, 3099, 5826, 3328, 1663, 8387, 3205, 8539, 1503, 9531, 3394, 3348, 6441, 8554, 603, 7839, 362, 6854, 289, 5582, 6665, 5755, 7546, 4420, 8865, 963, 3989, 9231, 6296, 364, 8742, 6390, 7229, 2075, 4412, 660, 6218, 3104, 6397, 1589, 1332, 2959, 8750, 6937, 3564, 5703, 8540, 3697, 7812, 7052, 69, 2563, 8139, 801, 2735, 5485, 4578, 823, 2413, 8986, 5661, 5508, 4665, 9970, 1697, 3979, 4761, 9615, 1476, 8844, 5638, 5482, 3309, 8906, 4327, 879, 388, 6976, 7821, 2331, 7694, 9855, 624, 604, 2765, 7110, 1906]","[30, 192, 280, 297, 391, 505, 507, 538, 612, 635, 666, 1034, 1048, 1281, 1480, 1533, 1607, 1651, 1681, 1687, 1731, 1768, 1793, 1814, 1892, 1948, 2179, 2203, 2248, 2343, 2418, 2460, 2495, 2586, 2956, 3087, 3125, 3185, 3194, 3204, 3236, 3294, 3304, 3322, 3396, 3448, 3462, 3503, 3540, 3674, 4035, 4168, 4249, 4289, 4372, 4427, 4444, 4515, 4700, 4912, 5073, 5202, 5219, 5231, 5423, 5530, 5576, 5631, 5729, 5819, 5917, 6030, 6056, 6076, 6089, 6123, 6209, 6219, 6241, 6293, 6302, 6315, 6428, 6486, 6693, 6721, 6792, 6801, 6820, 6907, 7202, 7238, 7303, 7394, 7447, 7516, 7731, 7737, 7824, 7864, 7919, 7932, 8008, 8043, 8060, 8160, 8249, 8309, 8433, 8486, 8561, 8639, 8652, 8731, 8741, 8886, 9047, 9055, 9063, 9258, 9299, 9305, 9485, 9494, 9505, 9620, 9755, 9822]",True
29,True,width=8|trace=5|power=1,free=1e-05|nudged=1e-06,free,30000,False,0.8765625,1122,1280,5.0923092753675405e-06,0.0003493086660031645,0.00013356214594312607,9.58570846270138e-06,2.657380495666165e-06,1e-05,18171725,30000,10575.0,16.681098799977917,"[6340, 9893, 9494, 4227, 5898, 2892, 7011, 1817, 9530, 3788, 164, 7708, 9703, 4608, 3931, 7400, 3928, 6727, 4726, 6521, 9803, 1970, 9842, 5537, 5531, 1351, 5447, 894, 7319, 6489, 3090, 5816, 9376, 7062, 3530, 5539, 536, 6997, 8757, 570, 3073, 6155, 8589, 9714, 9301, 6702, 6638, 3229, 4831, 1049, 3538, 5302, 2554, 6014, 8262, 3512, 5673, 6111, 7800, 4383, 3679, 6383, 5320, 267, 3272, 1477, 5666, 471, 9291, 3784, 5038, 3868, 834, 5084, 3740, 8561, 3598, 4236, 675, 6721, 6965, 405, 3372, 4832, 2749, 5797, 7143, 6991, 6548, 3708, 6808, 5787, 1135, 444, 7783, 7101, 9551, 5745, 2644, 9438, 8618, 4905, 5305, 4511, 5232, 9248, 7161, 4964, 3152, 5003, 9070, 404, 1293, 7533, 9616, 8812, 9899, 1879, 1316, 5103, 2016, 1627, 8636, 2181, 3895, 1753, 296, 365]","[108, 136, 249, 257, 335, 384, 516, 521, 583, 606, 685, 780, 786, 963, 990, 994, 1018, 1127, 1141, 1245, 1279, 1291, 1424, 1481, 1526, 1652, 1653, 1725, 1892, 2001, 2055, 2234, 2316, 2353, 2396, 2455, 2463, 2531, 2545, 2693, 2881, 2969, 3122, 3160, 3204, 3240, 3255, 3270, 3366, 3422, 3583, 3698, 3758, 3783, 3824, 4008, 4270, 4272, 4452, 4552, 4575, 4996, 5015, 5048, 5083, 5204, 5340, 5479, 5529, 5615, 5784, 5912, 5953, 6018, 6154, 6194, 6442, 6530, 6574, 6585, 6669, 6704, 6705, 6739, 6938, 7072, 7132, 7172, 7214, 7244, 7266, 7382, 7409, 7460, 7563, 7588, 7605, 7727, 7797, 7834, 7843, 7851, 7921, 8160, 8241, 8272, 8352, 8408, 8410, 8496, 8655, 8688, 8779, 8788, 8977, 8980, 9015, 9049, 9160, 9399, 9447, 9576, 9695, 9711, 9756, 9852, 9866, 9989]",True
29,True,width=8|trace=5|power=1,free=1e-05|nudged=1e-06,plus,30000,False,0.9359375,1198,1280,3.8883048293663926e-07,4.883994142391651e-06,3.4870638037440402e-06,9.593714181913917e-07,2.518748117872617e-07,1e-06,12667900,30000,7100.0,12.387032500002533,"[6340, 9893, 9494, 4227, 5898, 2892, 7011, 1817, 9530, 3788, 164, 7708, 9703, 4608, 3931, 7400, 3928, 6727, 4726, 6521, 9803, 1970, 9842, 5537, 5531, 1351, 5447, 894, 7319, 6489, 3090, 5816, 9376, 7062, 3530, 5539, 536, 6997, 8757, 570, 3073, 6155, 8589, 9714, 9301, 6702, 6638, 3229, 4831, 1049, 3538, 5302, 2554, 6014, 8262, 3512, 5673, 6111, 7800, 4383, 3679, 6383, 5320, 267, 3272, 1477, 5666, 471, 9291, 3784, 5038, 3868, 834, 5084, 3740, 8561, 3598, 4236, 675, 6721, 6965, 405, 3372, 4832, 2749, 5797, 7143, 6991, 6548, 3708, 6808, 5787, 1135, 444, 7783, 7101, 9551, 5745, 2644, 9438, 8618, 4905, 5305, 4511, 5232, 9248, 7161, 4964, 3152, 5003, 9070, 404, 1293, 7533, 9616, 8812, 9899, 1879, 1316, 5103, 2016, 1627, 8636, 2181, 3895, 1753, 296, 365]","[108, 136, 249, 257, 335, 384, 516, 521, 583, 606, 685, 780, 786, 963, 990, 994, 1018, 1127, 1141, 1245, 1279, 1291, 1424, 1481, 1526, 1652, 1653, 1725, 1892, 2001, 2055, 2234, 2316, 2353, 2396, 2455, 2463, 2531, 2545, 2693, 2881, 2969, 3122, 3160, 3204, 3240, 3255, 3270, 3366, 3422, 3583, 3698, 3758, 3783, 3824, 4008, 4270, 4272, 4452, 4552, 4575, 4996, 5015, 5048, 5083, 5204, 5340, 5479, 5529, 5615, 5784, 5912, 5953, 6018, 6154, 6194, 6442, 6530, 6574, 6585, 6669, 6704, 6705, 6739, 6938, 7072, 7132, 7172, 7214, 7244, 7266, 7382, 7409, 7460, 7563, 7588, 7605, 7727, 7797, 7834, 7843, 7851, 7921, 8160, 8241, 8272, 8352, 8408, 8410, 8496, 8655, 8688, 8779, 8788, 8977, 8980, 9015, 9049, 9160, 9399, 9447, 9576, 9695, 9711, 9756, 9852, 9866, 9989]",True
29,True,width=8|trace=5|power=1,free=1e-05|nudged=1e-06,minus,30000,False,0.9375,1200,1280,3.809814956923993e-07,4.874740344442651e-06,3.465935271067271e-06,9.616523709094756e-07,2.547323489278114e-07,1e-06,12680050,30000,7125.0,12.500753199972678,"[6340, 9893, 9494, 4227, 5898, 2892, 7011, 1817, 9530, 3788, 164, 7708, 9703, 4608, 3931, 7400, 3928, 6727, 4726, 6521, 9803, 1970, 9842, 5537, 5531, 1351, 5447, 894, 7319, 6489, 3090, 5816, 9376, 7062, 3530, 5539, 536, 6997, 8757, 570, 3073, 6155, 8589, 9714, 9301, 6702, 6638, 3229, 4831, 1049, 3538, 5302, 2554, 6014, 8262, 3512, 5673, 6111, 7800, 4383, 3679, 6383, 5320, 267, 3272, 1477, 5666, 471, 9291, 3784, 5038, 3868, 834, 5084, 3740, 8561, 3598, 4236, 675, 6721, 6965, 405, 3372, 4832, 2749, 5797, 7143, 6991, 6548, 3708, 6808, 5787, 1135, 444, 7783, 7101, 9551, 5745, 2644, 9438, 8618, 4905, 5305, 4511, 5232, 9248, 7161, 4964, 3152, 5003, 9070, 404, 1293, 7533, 9616, 8812, 9899, 1879, 1316, 5103, 2016, 1627, 8636, 2181, 3895, 1753, 296, 365]","[108, 136, 249, 257, 335, 384, 516, 521, 583, 606, 685, 780, 786, 963, 990, 994, 1018, 1127, 1141, 1245, 1279, 1291, 1424, 1481, 1526, 1652, 1653, 1725, 1892, 2001, 2055, 2234, 2316, 2353, 2396, 2455, 2463, 2531, 2545, 2693, 2881, 2969, 3122, 3160, 3204, 3240, 3255, 3270, 3366, 3422, 3583, 3698, 3758, 3783, 3824, 4008, 4270, 4272, 4452, 4552, 4575, 4996, 5015, 5048, 5083, 5204, 5340, 5479, 5529, 5615, 5784, 5912, 5953, 6018, 6154, 6194, 6442, 6530, 6574, 6585, 6669, 6704, 6705, 6739, 6938, 7072, 7132, 7172, 7214, 7244, 7266, 7382, 7409, 7460, 7563, 7588, 7605, 7727, 7797, 7834, 7843, 7851, 7921, 8160, 8241, 8272, 8352, 8408, 8410, 8496, 8655, 8688, 8779, 8788, 8977, 8980, 9015, 9049, 9160, 9399, 9447, 9576, 9695, 9711, 9756, 9852, 9866, 9989]",True
29,True,width=8|trace=5|power=1,free=1e-05|nudged=1e-06,free,60000,False,0.95703125,1225,1280,4.44655767130872e-06,0.0001807458626987662,0.00010867083511383376,9.60569084205542e-06,2.5948599180859925e-06,1e-05,20919150,60000,10575.0,20.605056200001854,"[6340, 9893, 9494, 4227, 5898, 2892, 7011, 1817, 9530, 3788, 164, 7708, 9703, 4608, 3931, 7400, 3928, 6727, 4726, 6521, 9803, 1970, 9842, 5537, 5531, 1351, 5447, 894, 7319, 6489, 3090, 5816, 9376, 7062, 3530, 5539, 536, 6997, 8757, 570, 3073, 6155, 8589, 9714, 9301, 6702, 6638, 3229, 4831, 1049, 3538, 5302, 2554, 6014, 8262, 3512, 5673, 6111, 7800, 4383, 3679, 6383, 5320, 267, 3272, 1477, 5666, 471, 9291, 3784, 5038, 3868, 834, 5084, 3740, 8561, 3598, 4236, 675, 6721, 6965, 405, 3372, 4832, 2749, 5797, 7143, 6991, 6548, 3708, 6808, 5787, 1135, 444, 7783, 7101, 9551, 5745, 2644, 9438, 8618, 4905, 5305, 4511, 5232, 9248, 7161, 4964, 3152, 5003, 9070, 404, 1293, 7533, 9616, 8812, 9899, 1879, 1316, 5103, 2016, 1627, 8636, 2181, 3895, 1753, 296, 365]","[108, 136, 249, 257, 335, 384, 516, 521, 583, 606, 685, 780, 786, 963, 990, 994, 1018, 1127, 1141, 1245, 1279, 1291, 1424, 1481, 1526, 1652, 1653, 1725, 1892, 2001, 2055, 2234, 2316, 2353, 2396, 2455, 2463, 2531, 2545, 2693, 2881, 2969, 3122, 3160, 3204, 3240, 3255, 3270, 3366, 3422, 3583, 3698, 3758, 3783, 3824, 4008, 4270, 4272, 4452, 4552, 4575, 4996, 5015, 5048, 5083, 5204, 5340, 5479, 5529, 5615, 5784, 5912, 5953, 6018, 6154, 6194, 6442, 6530, 6574, 6585, 6669, 6704, 6705, 6739, 6938, 7072, 7132, 7172, 7214, 7244, 7266, 7382, 7409, 7460, 7563, 7588, 7605, 7727, 7797, 7834, 7843, 7851, 7921, 8160, 8241, 8272, 8352, 8408, 8410, 8496, 8655, 8688, 8779, 8788, 8977, 8980, 9015, 9049, 9160, 9399, 9447, 9576, 9695, 9711, 9756, 9852, 9866, 9989]",True
29,True,width=8|trace=5|power=1,free=1e-05|nudged=1e-06,plus,60000,False,0.98046875,1255,1280,3.862537733879792e-07,5.292831631231271e-06,2.116167693220535e-06,9.581161233070117e-07,2.5287654840117476e-07,1e-06,13990675,60000,7100.0,15.237163000041619,"[6340, 9893, 9494, 4227, 5898, 2892, 7011, 1817, 9530, 3788, 164, 7708, 9703, 4608, 3931, 7400, 3928, 6727, 4726, 6521, 9803, 1970, 9842, 5537, 5531, 1351, 5447, 894, 7319, 6489, 3090, 5816, 9376, 7062, 3530, 5539, 536, 6997, 8757, 570, 3073, 6155, 8589, 9714, 9301, 6702, 6638, 3229, 4831, 1049, 3538, 5302, 2554, 6014, 8262, 3512, 5673, 6111, 7800, 4383, 3679, 6383, 5320, 267, 3272, 1477, 5666, 471, 9291, 3784, 5038, 3868, 834, 5084, 3740, 8561, 3598, 4236, 675, 6721, 6965, 405, 3372, 4832, 2749, 5797, 7143, 6991, 6548, 3708, 6808, 5787, 1135, 444, 7783, 7101, 9551, 5745, 2644, 9438, 8618, 4905, 5305, 4511, 5232, 9248, 7161, 4964, 3152, 5003, 9070, 404, 1293, 7533, 9616, 8812, 9899, 1879, 1316, 5103, 2016, 1627, 8636, 2181, 3895, 1753, 296, 365]","[108, 136, 249, 257, 335, 384, 516, 521, 583, 606, 685, 780, 786, 963, 990, 994, 1018, 1127, 1141, 1245, 1279, 1291, 1424, 1481, 1526, 1652, 1653, 1725, 1892, 2001, 2055, 2234, 2316, 2353, 2396, 2455, 2463, 2531, 2545, 2693, 2881, 2969, 3122, 3160, 3204, 3240, 3255, 3270, 3366, 3422, 3583, 3698, 3758, 3783, 3824, 4008, 4270, 4272, 4452, 4552, 4575, 4996, 5015, 5048, 5083, 5204, 5340, 5479, 5529, 5615, 5784, 5912, 5953, 6018, 6154, 6194, 6442, 6530, 6574, 6585, 6669, 6704, 6705, 6739, 6938, 7072, 7132, 7172, 7214, 7244, 7266, 7382, 7409, 7460, 7563, 7588, 7605, 7727, 7797, 7834, 7843, 7851, 7921, 8160, 8241, 8272, 8352, 8408, 8410, 8496, 8655, 8688, 8779, 8788, 8977, 8980, 9015, 9049, 9160, 9399, 9447, 9576, 9695, 9711, 9756, 9852, 9866, 9989]",True
29,True,width=8|trace=5|power=1,free=1e-05|nudged=1e-06,minus,60000,False,0.98046875,1255,1280,3.7831270002778173e-07,5.0671314523690145e-06,2.1140833831026466e-06,9.59732903672625e-07,2.556112764992765e-07,1e-06,14008025,60000,7125.0,15.345931199961342,"[6340, 9893, 9494, 4227, 5898, 2892, 7011, 1817, 9530, 3788, 164, 7708, 9703, 4608, 3931, 7400, 3928, 6727, 4726, 6521, 9803, 1970, 9842, 5537, 5531, 1351, 5447, 894, 7319, 6489, 3090, 5816, 9376, 7062, 3530, 5539, 536, 6997, 8757, 570, 3073, 6155, 8589, 9714, 9301, 6702, 6638, 3229, 4831, 1049, 3538, 5302, 2554, 6014, 8262, 3512, 5673, 6111, 7800, 4383, 3679, 6383, 5320, 267, 3272, 1477, 5666, 471, 9291, 3784, 5038, 3868, 834, 5084, 3740, 8561, 3598, 4236, 675, 6721, 6965, 405, 3372, 4832, 2749, 5797, 7143, 6991, 6548, 3708, 6808, 5787, 1135, 444, 7783, 7101, 9551, 5745, 2644, 9438, 8618, 4905, 5305, 4511, 5232, 9248, 7161, 4964, 3152, 5003, 9070, 404, 1293, 7533, 9616, 8812, 9899, 1879, 1316, 5103, 2016, 1627, 8636, 2181, 3895, 1753, 296, 365]","[108, 136, 249, 257, 335, 384, 516, 521, 583, 606, 685, 780, 786, 963, 990, 994, 1018, 1127, 1141, 1245, 1279, 1291, 1424, 1481, 1526, 1652, 1653, 1725, 1892, 2001, 2055, 2234, 2316, 2353, 2396, 2455, 2463, 2531, 2545, 2693, 2881, 2969, 3122, 3160, 3204, 3240, 3255, 3270, 3366, 3422, 3583, 3698, 3758, 3783, 3824, 4008, 4270, 4272, 4452, 4552, 4575, 4996, 5015, 5048, 5083, 5204, 5340, 5479, 5529, 5615, 5784, 5912, 5953, 6018, 6154, 6194, 6442, 6530, 6574, 6585, 6669, 6704, 6705, 6739, 6938, 7072, 7132, 7172, 7214, 7244, 7266, 7382, 7409, 7460, 7563, 7588, 7605, 7727, 7797, 7834, 7843, 7851, 7921, 8160, 8241, 8272, 8352, 8408, 8410, 8496, 8655, 8688, 8779, 8788, 8977, 8980, 9015, 9049, 9160, 9399, 9447, 9576, 9695, 9711, 9756, 9852, 9866, 9989]",True
29,True,width=8|trace=5|power=1,free=1e-05|nudged=1e-06,free,120000,False,0.9859375,1262,1280,4.317903158237034e-06,0.0001727301246971933,3.376762833205098e-05,9.59876747151629e-06,2.5997733241229675e-06,1e-05,22864700,120000,10575.0,25.3277972000069,"[6340, 9893, 9494, 4227, 5898, 2892, 7011, 1817, 9530, 3788, 164, 7708, 9703, 4608, 3931, 7400, 3928, 6727, 4726, 6521, 9803, 1970, 9842, 5537, 5531, 1351, 5447, 894, 7319, 6489, 3090, 5816, 9376, 7062, 3530, 5539, 536, 6997, 8757, 570, 3073, 6155, 8589, 9714, 9301, 6702, 6638, 3229, 4831, 1049, 3538, 5302, 2554, 6014, 8262, 3512, 5673, 6111, 7800, 4383, 3679, 6383, 5320, 267, 3272, 1477, 5666, 471, 9291, 3784, 5038, 3868, 834, 5084, 3740, 8561, 3598, 4236, 675, 6721, 6965, 405, 3372, 4832, 2749, 5797, 7143, 6991, 6548, 3708, 6808, 5787, 1135, 444, 7783, 7101, 9551, 5745, 2644, 9438, 8618, 4905, 5305, 4511, 5232, 9248, 7161, 4964, 3152, 5003, 9070, 404, 1293, 7533, 9616, 8812, 9899, 1879, 1316, 5103, 2016, 1627, 8636, 2181, 3895, 1753, 296, 365]","[108, 136, 249, 257, 335, 384, 516, 521, 583, 606, 685, 780, 786, 963, 990, 994, 1018, 1127, 1141, 1245, 1279, 1291, 1424, 1481, 1526, 1652, 1653, 1725, 1892, 2001, 2055, 2234, 2316, 2353, 2396, 2455, 2463, 2531, 2545, 2693, 2881, 2969, 3122, 3160, 3204, 3240, 3255, 3270, 3366, 3422, 3583, 3698, 3758, 3783, 3824, 4008, 4270, 4272, 4452, 4552, 4575, 4996, 5015, 5048, 5083, 5204, 5340, 5479, 5529, 5615, 5784, 5912, 5953, 6018, 6154, 6194, 6442, 6530, 6574, 6585, 6669, 6704, 6705, 6739, 6938, 7072, 7132, 7172, 7214, 7244, 7266, 7382, 7409, 7460, 7563, 7588, 7605, 7727, 7797, 7834, 7843, 7851, 7921, 8160, 8241, 8272, 8352, 8408, 8410, 8496, 8655, 8688, 8779, 8788, 8977, 8980, 9015, 9049, 9160, 9399, 9447, 9576, 9695, 9711, 9756, 9852, 9866, 9989]",True
29,True,width=8|trace=5|power=1,free=1e-05|nudged=1e-06,plus,120000,False,0.99609375,1275,1280,3.8585564222578945e-07,2.126498566486202e-06,1.5878488450381223e-06,9.586427151698285e-07,2.5337359233644536e-07,1e-06,14795400,120000,7100.0,19.289224200008903,"[6340, 9893, 9494, 4227, 5898, 2892, 7011, 1817, 9530, 3788, 164, 7708, 9703, 4608, 3931, 7400, 3928, 6727, 4726, 6521, 9803, 1970, 9842, 5537, 5531, 1351, 5447, 894, 7319, 6489, 3090, 5816, 9376, 7062, 3530, 5539, 536, 6997, 8757, 570, 3073, 6155, 8589, 9714, 9301, 6702, 6638, 3229, 4831, 1049, 3538, 5302, 2554, 6014, 8262, 3512, 5673, 6111, 7800, 4383, 3679, 6383, 5320, 267, 3272, 1477, 5666, 471, 9291, 3784, 5038, 3868, 834, 5084, 3740, 8561, 3598, 4236, 675, 6721, 6965, 405, 3372, 4832, 2749, 5797, 7143, 6991, 6548, 3708, 6808, 5787, 1135, 444, 7783, 7101, 9551, 5745, 2644, 9438, 8618, 4905, 5305, 4511, 5232, 9248, 7161, 4964, 3152, 5003, 9070, 404, 1293, 7533, 9616, 8812, 9899, 1879, 1316, 5103, 2016, 1627, 8636, 2181, 3895, 1753, 296, 365]","[108, 136, 249, 257, 335, 384, 516, 521, 583, 606, 685, 780, 786, 963, 990, 994, 1018, 1127, 1141, 1245, 1279, 1291, 1424, 1481, 1526, 1652, 1653, 1725, 1892, 2001, 2055, 2234, 2316, 2353, 2396, 2455, 2463, 2531, 2545, 2693, 2881, 2969, 3122, 3160, 3204, 3240, 3255, 3270, 3366, 3422, 3583, 3698, 3758, 3783, 3824, 4008, 4270, 4272, 4452, 4552, 4575, 4996, 5015, 5048, 5083, 5204, 5340, 5479, 5529, 5615, 5784, 5912, 5953, 6018, 6154, 6194, 6442, 6530, 6574, 6585, 6669, 6704, 6705, 6739, 6938, 7072, 7132, 7172, 7214, 7244, 7266, 7382, 7409, 7460, 7563, 7588, 7605, 7727, 7797, 7834, 7843, 7851, 7921, 8160, 8241, 8272, 8352, 8408, 8410, 8496, 8655, 8688, 8779, 8788, 8977, 8980, 9015, 9049, 9160, 9399, 9447, 9576, 9695, 9711, 9756, 9852, 9866, 9989]",True
29,True,width=8|trace=5|power=1,free=1e-05|nudged=1e-06,minus,120000,False,0.99609375,1275,1280,3.779089205281737e-07,2.1262491366349613e-06,1.6983091200372152e-06,9.600406956657222e-07,2.5565100593036647e-07,1e-06,14813875,120000,7125.0,19.41428009996889,"[6340, 9893, 9494, 4227, 5898, 2892, 7011, 1817, 9530, 3788, 164, 7708, 9703, 4608, 3931, 7400, 3928, 6727, 4726, 6521, 9803, 1970, 9842, 5537, 5531, 1351, 5447, 894, 7319, 6489, 3090, 5816, 9376, 7062, 3530, 5539, 536, 6997, 8757, 570, 3073, 6155, 8589, 9714, 9301, 6702, 6638, 3229, 4831, 1049, 3538, 5302, 2554, 6014, 8262, 3512, 5673, 6111, 7800, 4383, 3679, 6383, 5320, 267, 3272, 1477, 5666, 471, 9291, 3784, 5038, 3868, 834, 5084, 3740, 8561, 3598, 4236, 675, 6721, 6965, 405, 3372, 4832, 2749, 5797, 7143, 6991, 6548, 3708, 6808, 5787, 1135, 444, 7783, 7101, 9551, 5745, 2644, 9438, 8618, 4905, 5305, 4511, 5232, 9248, 7161, 4964, 3152, 5003, 9070, 404, 1293, 7533, 9616, 8812, 9899, 1879, 1316, 5103, 2016, 1627, 8636, 2181, 3895, 1753, 296, 365]","[108, 136, 249, 257, 335, 384, 516, 521, 583, 606, 685, 780, 786, 963, 990, 994, 1018, 1127, 1141, 1245, 1279, 1291, 1424, 1481, 1526, 1652, 1653, 1725, 1892, 2001, 2055, 2234, 2316, 2353, 2396, 2455, 2463, 2531, 2545, 2693, 2881, 2969, 3122, 3160, 3204, 3240, 3255, 3270, 3366, 3422, 3583, 3698, 3758, 3783, 3824, 4008, 4270, 4272, 4452, 4552, 4575, 4996, 5015, 5048, 5083, 5204, 5340, 5479, 5529, 5615, 5784, 5912, 5953, 6018, 6154, 6194, 6442, 6530, 6574, 6585, 6669, 6704, 6705, 6739, 6938, 7072, 7132, 7172, 7214, 7244, 7266, 7382, 7409, 7460, 7563, 7588, 7605, 7727, 7797, 7834, 7843, 7851, 7921, 8160, 8241, 8272, 8352, 8408, 8410, 8496, 8655, 8688, 8779, 8788, 8977, 8980, 9015, 9049, 9160, 9399, 9447, 9576, 9695, 9711, 9756, 9852, 9866, 9989]",True
29,True,width=8|trace=5|power=1,free=1e-05|nudged=1e-06,free,240000,False,0.996875,1276,1280,4.276730265313457e-06,4.87208857927552e-05,2.4216700271486048e-05,9.598403607267762e-06,2.5997733241229675e-06,1e-05,23943325,240000,10575.0,32.35487679997459,"[6340, 9893, 9494, 4227, 5898, 2892, 7011, 1817, 9530, 3788, 164, 7708, 9703, 4608, 3931, 7400, 3928, 6727, 4726, 6521, 9803, 1970, 9842, 5537, 5531, 1351, 5447, 894, 7319, 6489, 3090, 5816, 9376, 7062, 3530, 5539, 536, 6997, 8757, 570, 3073, 6155, 8589, 9714, 9301, 6702, 6638, 3229, 4831, 1049, 3538, 5302, 2554, 6014, 8262, 3512, 5673, 6111, 7800, 4383, 3679, 6383, 5320, 267, 3272, 1477, 5666, 471, 9291, 3784, 5038, 3868, 834, 5084, 3740, 8561, 3598, 4236, 675, 6721, 6965, 405, 3372, 4832, 2749, 5797, 7143, 6991, 6548, 3708, 6808, 5787, 1135, 444, 7783, 7101, 9551, 5745, 2644, 9438, 8618, 4905, 5305, 4511, 5232, 9248, 7161, 4964, 3152, 5003, 9070, 404, 1293, 7533, 9616, 8812, 9899, 1879, 1316, 5103, 2016, 1627, 8636, 2181, 3895, 1753, 296, 365]","[108, 136, 249, 257, 335, 384, 516, 521, 583, 606, 685, 780, 786, 963, 990, 994, 1018, 1127, 1141, 1245, 1279, 1291, 1424, 1481, 1526, 1652, 1653, 1725, 1892, 2001, 2055, 2234, 2316, 2353, 2396, 2455, 2463, 2531, 2545, 2693, 2881, 2969, 3122, 3160, 3204, 3240, 3255, 3270, 3366, 3422, 3583, 3698, 3758, 3783, 3824, 4008, 4270, 4272, 4452, 4552, 4575, 4996, 5015, 5048, 5083, 5204, 5340, 5479, 5529, 5615, 5784, 5912, 5953, 6018, 6154, 6194, 6442, 6530, 6574, 6585, 6669, 6704, 6705, 6739, 6938, 7072, 7132, 7172, 7214, 7244, 7266, 7382, 7409, 7460, 7563, 7588, 7605, 7727, 7797, 7834, 7843, 7851, 7921, 8160, 8241, 8272, 8352, 8408, 8410, 8496, 8655, 8688, 8779, 8788, 8977, 8980, 9015, 9049, 9160, 9399, 9447, 9576, 9695, 9711, 9756, 9852, 9866, 9989]",True
29,True,width=8|trace=5|power=1,free=1e-05|nudged=1e-06,plus,240000,False,0.99921875,1279,1280,3.857755802259802e-07,9.998120254988785e-07,9.877992082855242e-07,9.585867344856145e-07,2.535559517735707e-07,1e-06,15001875,240000,7100.0,25.197106400039047,"[6340, 9893, 9494, 4227, 5898, 2892, 7011, 1817, 9530, 3788, 164, 7708, 9703, 4608, 3931, 7400, 3928, 6727, 4726, 6521, 9803, 1970, 9842, 5537, 5531, 1351, 5447, 894, 7319, 6489, 3090, 5816, 9376, 7062, 3530, 5539, 536, 6997, 8757, 570, 3073, 6155, 8589, 9714, 9301, 6702, 6638, 3229, 4831, 1049, 3538, 5302, 2554, 6014, 8262, 3512, 5673, 6111, 7800, 4383, 3679, 6383, 5320, 267, 3272, 1477, 5666, 471, 9291, 3784, 5038, 3868, 834, 5084, 3740, 8561, 3598, 4236, 675, 6721, 6965, 405, 3372, 4832, 2749, 5797, 7143, 6991, 6548, 3708, 6808, 5787, 1135, 444, 7783, 7101, 9551, 5745, 2644, 9438, 8618, 4905, 5305, 4511, 5232, 9248, 7161, 4964, 3152, 5003, 9070, 404, 1293, 7533, 9616, 8812, 9899, 1879, 1316, 5103, 2016, 1627, 8636, 2181, 3895, 1753, 296, 365]","[108, 136, 249, 257, 335, 384, 516, 521, 583, 606, 685, 780, 786, 963, 990, 994, 1018, 1127, 1141, 1245, 1279, 1291, 1424, 1481, 1526, 1652, 1653, 1725, 1892, 2001, 2055, 2234, 2316, 2353, 2396, 2455, 2463, 2531, 2545, 2693, 2881, 2969, 3122, 3160, 3204, 3240, 3255, 3270, 3366, 3422, 3583, 3698, 3758, 3783, 3824, 4008, 4270, 4272, 4452, 4552, 4575, 4996, 5015, 5048, 5083, 5204, 5340, 5479, 5529, 5615, 5784, 5912, 5953, 6018, 6154, 6194, 6442, 6530, 6574, 6585, 6669, 6704, 6705, 6739, 6938, 7072, 7132, 7172, 7214, 7244, 7266, 7382, 7409, 7460, 7563, 7588, 7605, 7727, 7797, 7834, 7843, 7851, 7921, 8160, 8241, 8272, 8352, 8408, 8410, 8496, 8655, 8688, 8779, 8788, 8977, 8980, 9015, 9049, 9160, 9399, 9447, 9576, 9695, 9711, 9756, 9852, 9866, 9989]",True
29,True,width=8|trace=5|power=1,free=1e-05|nudged=1e-06,minus,240000,False,0.99921875,1279,1280,3.778523601087439e-07,1.236464331836995e-06,9.85616811058399e-07,9.600406956657222e-07,2.5565100593036647e-07,1e-06,15024550,240000,7125.0,25.324330299976282,"[6340, 9893, 9494, 4227, 5898, 2892, 7011, 1817, 9530, 3788, 164, 7708, 9703, 4608, 3931, 7400, 3928, 6727, 4726, 6521, 9803, 1970, 9842, 5537, 5531, 1351, 5447, 894, 7319, 6489, 3090, 5816, 9376, 7062, 3530, 5539, 536, 6997, 8757, 570, 3073, 6155, 8589, 9714, 9301, 6702, 6638, 3229, 4831, 1049, 3538, 5302, 2554, 6014, 8262, 3512, 5673, 6111, 7800, 4383, 3679, 6383, 5320, 267, 3272, 1477, 5666, 471, 9291, 3784, 5038, 3868, 834, 5084, 3740, 8561, 3598, 4236, 675, 6721, 6965, 405, 3372, 4832, 2749, 5797, 7143, 6991, 6548, 3708, 6808, 5787, 1135, 444, 7783, 7101, 9551, 5745, 2644, 9438, 8618, 4905, 5305, 4511, 5232, 9248, 7161, 4964, 3152, 5003, 9070, 404, 1293, 7533, 9616, 8812, 9899, 1879, 1316, 5103, 2016, 1627, 8636, 2181, 3895, 1753, 296, 365]","[108, 136, 249, 257, 335, 384, 516, 521, 583, 606, 685, 780, 786, 963, 990, 994, 1018, 1127, 1141, 1245, 1279, 1291, 1424, 1481, 1526, 1652, 1653, 1725, 1892, 2001, 2055, 2234, 2316, 2353, 2396, 2455, 2463, 2531, 2545, 2693, 2881, 2969, 3122, 3160, 3204, 3240, 3255, 3270, 3366, 3422, 3583, 3698, 3758, 3783, 3824, 4008, 4270, 4272, 4452, 4552, 4575, 4996, 5015, 5048, 5083, 5204, 5340, 5479, 5529, 5615, 5784, 5912, 5953, 6018, 6154, 6194, 6442, 6530, 6574, 6585, 6669, 6704, 6705, 6739, 6938, 7072, 7132, 7172, 7214, 7244, 7266, 7382, 7409, 7460, 7563, 7588, 7605, 7727, 7797, 7834, 7843, 7851, 7921, 8160, 8241, 8272, 8352, 8408, 8410, 8496, 8655, 8688, 8779, 8788, 8977, 8980, 9015, 9049, 9160, 9399, 9447, 9576, 9695, 9711, 9756, 9852, 9866, 9989]",True
29,True,width=8|trace=5|power=1,free=1e-05|nudged=1e-06,free,480000,True,1.0,1280,1280,4.274378265618396e-06,9.999732531480551e-06,9.990078057213634e-06,9.598403607267762e-06,2.602885176829709e-06,1e-05,24220325,455225,10575.0,41.41758339997614,"[6340, 9893, 9494, 4227, 5898, 2892, 7011, 1817, 9530, 3788, 164, 7708, 9703, 4608, 3931, 7400, 3928, 6727, 4726, 6521, 9803, 1970, 9842, 5537, 5531, 1351, 5447, 894, 7319, 6489, 3090, 5816, 9376, 7062, 3530, 5539, 536, 6997, 8757, 570, 3073, 6155, 8589, 9714, 9301, 6702, 6638, 3229, 4831, 1049, 3538, 5302, 2554, 6014, 8262, 3512, 5673, 6111, 7800, 4383, 3679, 6383, 5320, 267, 3272, 1477, 5666, 471, 9291, 3784, 5038, 3868, 834, 5084, 3740, 8561, 3598, 4236, 675, 6721, 6965, 405, 3372, 4832, 2749, 5797, 7143, 6991, 6548, 3708, 6808, 5787, 1135, 444, 7783, 7101, 9551, 5745, 2644, 9438, 8618, 4905, 5305, 4511, 5232, 9248, 7161, 4964, 3152, 5003, 9070, 404, 1293, 7533, 9616, 8812, 9899, 1879, 1316, 5103, 2016, 1627, 8636, 2181, 3895, 1753, 296, 365]","[108, 136, 249, 257, 335, 384, 516, 521, 583, 606, 685, 780, 786, 963, 990, 994, 1018, 1127, 1141, 1245, 1279, 1291, 1424, 1481, 1526, 1652, 1653, 1725, 1892, 2001, 2055, 2234, 2316, 2353, 2396, 2455, 2463, 2531, 2545, 2693, 2881, 2969, 3122, 3160, 3204, 3240, 3255, 3270, 3366, 3422, 3583, 3698, 3758, 3783, 3824, 4008, 4270, 4272, 4452, 4552, 4575, 4996, 5015, 5048, 5083, 5204, 5340, 5479, 5529, 5615, 5784, 5912, 5953, 6018, 6154, 6194, 6442, 6530, 6574, 6585, 6669, 6704, 6705, 6739, 6938, 7072, 7132, 7172, 7214, 7244, 7266, 7382, 7409, 7460, 7563, 7588, 7605, 7727, 7797, 7834, 7843, 7851, 7921, 8160, 8241, 8272, 8352, 8408, 8410, 8496, 8655, 8688, 8779, 8788, 8977, 8980, 9015, 9049, 9160, 9399, 9447, 9576, 9695, 9711, 9756, 9852, 9866, 9989]",True
29,True,width=8|trace=5|power=1,free=1e-05|nudged=1e-06,plus,480000,True,1.0,1280,1280,3.8577808660110413e-07,9.998120254988785e-07,9.877992082855242e-07,9.586427151698285e-07,2.535559517735707e-07,1e-06,15020425,258550,7100.0,26.03809640003601,"[6340, 9893, 9494, 4227, 5898, 2892, 7011, 1817, 9530, 3788, 164, 7708, 9703, 4608, 3931, 7400, 3928, 6727, 4726, 6521, 9803, 1970, 9842, 5537, 5531, 1351, 5447, 894, 7319, 6489, 3090, 5816, 9376, 7062, 3530, 5539, 536, 6997, 8757, 570, 3073, 6155, 8589, 9714, 9301, 6702, 6638, 3229, 4831, 1049, 3538, 5302, 2554, 6014, 8262, 3512, 5673, 6111, 7800, 4383, 3679, 6383, 5320, 267, 3272, 1477, 5666, 471, 9291, 3784, 5038, 3868, 834, 5084, 3740, 8561, 3598, 4236, 675, 6721, 6965, 405, 3372, 4832, 2749, 5797, 7143, 6991, 6548, 3708, 6808, 5787, 1135, 444, 7783, 7101, 9551, 5745, 2644, 9438, 8618, 4905, 5305, 4511, 5232, 9248, 7161, 4964, 3152, 5003, 9070, 404, 1293, 7533, 9616, 8812, 9899, 1879, 1316, 5103, 2016, 1627, 8636, 2181, 3895, 1753, 296, 365]","[108, 136, 249, 257, 335, 384, 516, 521, 583, 606, 685, 780, 786, 963, 990, 994, 1018, 1127, 1141, 1245, 1279, 1291, 1424, 1481, 1526, 1652, 1653, 1725, 1892, 2001, 2055, 2234, 2316, 2353, 2396, 2455, 2463, 2531, 2545, 2693, 2881, 2969, 3122, 3160, 3204, 3240, 3255, 3270, 3366, 3422, 3583, 3698, 3758, 3783, 3824, 4008, 4270, 4272, 4452, 4552, 4575, 4996, 5015, 5048, 5083, 5204, 5340, 5479, 5529, 5615, 5784, 5912, 5953, 6018, 6154, 6194, 6442, 6530, 6574, 6585, 6669, 6704, 6705, 6739, 6938, 7072, 7132, 7172, 7214, 7244, 7266, 7382, 7409, 7460, 7563, 7588, 7605, 7727, 7797, 7834, 7843, 7851, 7921, 8160, 8241, 8272, 8352, 8408, 8410, 8496, 8655, 8688, 8779, 8788, 8977, 8980, 9015, 9049, 9160, 9399, 9447, 9576, 9695, 9711, 9756, 9852, 9866, 9989]",True
29,True,width=8|trace=5|power=1,free=1e-05|nudged=1e-06,minus,480000,True,1.0,1280,1280,3.778471974055937e-07,9.999896295824162e-07,9.85616811058399e-07,9.600406956657222e-07,2.5565100593036647e-07,1e-06,15042625,258075,7125.0,26.13843569997698,"[6340, 9893, 9494, 4227, 5898, 2892, 7011, 1817, 9530, 3788, 164, 7708, 9703, 4608, 3931, 7400, 3928, 6727, 4726, 6521, 9803, 1970, 9842, 5537, 5531, 1351, 5447, 894, 7319, 6489, 3090, 5816, 9376, 7062, 3530, 5539, 536, 6997, 8757, 570, 3073, 6155, 8589, 9714, 9301, 6702, 6638, 3229, 4831, 1049, 3538, 5302, 2554, 6014, 8262, 3512, 5673, 6111, 7800, 4383, 3679, 6383, 5320, 267, 3272, 1477, 5666, 471, 9291, 3784, 5038, 3868, 834, 5084, 3740, 8561, 3598, 4236, 675, 6721, 6965, 405, 3372, 4832, 2749, 5797, 7143, 6991, 6548, 3708, 6808, 5787, 1135, 444, 7783, 7101, 9551, 5745, 2644, 9438, 8618, 4905, 5305, 4511, 5232, 9248, 7161, 4964, 3152, 5003, 9070, 404, 1293, 7533, 9616, 8812, 9899, 1879, 1316, 5103, 2016, 1627, 8636, 2181, 3895, 1753, 296, 365]","[108, 136, 249, 257, 335, 384, 516, 521, 583, 606, 685, 780, 786, 963, 990, 994, 1018, 1127, 1141, 1245, 1279, 1291, 1424, 1481, 1526, 1652, 1653, 1725, 1892, 2001, 2055, 2234, 2316, 2353, 2396, 2455, 2463, 2531, 2545, 2693, 2881, 2969, 3122, 3160, 3204, 3240, 3255, 3270, 3366, 3422, 3583, 3698, 3758, 3783, 3824, 4008, 4270, 4272, 4452, 4552, 4575, 4996, 5015, 5048, 5083, 5204, 5340, 5479, 5529, 5615, 5784, 5912, 5953, 6018, 6154, 6194, 6442, 6530, 6574, 6585, 6669, 6704, 6705, 6739, 6938, 7072, 7132, 7172, 7214, 7244, 7266, 7382, 7409, 7460, 7563, 7588, 7605, 7727, 7797, 7834, 7843, 7851, 7921, 8160, 8241, 8272, 8352, 8408, 8410, 8496, 8655, 8688, 8779, 8788, 8977, 8980, 9015, 9049, 9160, 9399, 9447, 9576, 9695, 9711, 9756, 9852, 9866, 9989]",True
43,True,width=8|trace=5|power=1,free=1e-05|nudged=1e-06,free,30000,False,0.9703125,1242,1280,5.238571371463675e-06,0.0002295798497469974,6.913955494317943e-05,9.576448688539645e-06,2.474642590158833e-06,1e-05,13433800,30000,8125.0,12.675862499978393,"[6565, 7562, 3761, 5473, 6061, 5440, 373, 3617, 88, 7311, 4509, 2599, 6871, 398, 9419, 2282, 7988, 3048, 6486, 5053, 7381, 6982, 6262, 2928, 8113, 2330, 4897, 2316, 6391, 4552, 8944, 9903, 8655, 2778, 6374, 1652, 9042, 7101, 1826, 5258, 5712, 1450, 4772, 903, 4126, 2182, 9182, 8730, 2531, 7504, 5737, 4249, 8205, 6561, 3098, 4356, 6056, 5288, 7698, 9597, 7027, 1288, 1255, 4400, 7738, 7357, 267, 6573, 4392, 6214, 5491, 9414, 3884, 4184, 8057, 7354, 976, 7150, 2725, 2271, 8778, 7535, 9674, 1151, 7415, 2941, 7264, 9750, 2190, 4326, 875, 4327, 7784, 1135, 5406, 8912, 1701, 7882, 3726, 2593, 7524, 3522, 5439, 2990, 1727, 8138, 6236, 1552, 1794, 6598, 6490, 1051, 1098, 1092, 1427, 4631, 8411, 5874, 1249, 9240, 5878, 3519, 9918, 6691, 5580, 9511, 1677, 3960]","[16, 33, 63, 138, 167, 218, 392, 406, 460, 501, 529, 579, 625, 679, 996, 1039, 1054, 1226, 1282, 1301, 1338, 1350, 1452, 1600, 1703, 1808, 1850, 1894, 2083, 2236, 2338, 2387, 2391, 2465, 2482, 2560, 2616, 2655, 2670, 2796, 2801, 2880, 2907, 2923, 3643, 3653, 3769, 3790, 3820, 3864, 4043, 4121, 4161, 4209, 4217, 4229, 4230, 4281, 4300, 4408, 4463, 4495, 4544, 4611, 4744, 4902, 4941, 5059, 5192, 5362, 5391, 5404, 5446, 5469, 5544, 5607, 5721, 5753, 5813, 5906, 5930, 6112, 6185, 6203, 6265, 6529, 6560, 6844, 6899, 6902, 7000, 7144, 7278, 7331, 7341, 7356, 7383, 7604, 7614, 7638, 7741, 7806, 7810, 8042, 8165, 8295, 8298, 8316, 8339, 8383, 8477, 8595, 8624, 8707, 8729, 8774, 8785, 8813, 8894, 8951, 8969, 9106, 9170, 9661, 9666, 9716, 9723, 9792]",True
43,True,width=8|trace=5|power=1,free=1e-05|nudged=1e-06,plus,30000,False,0.98515625,1261,1280,4.777884203075044e-07,2.8186608457846743e-06,2.199322940586187e-06,9.612084276511409e-07,2.1624393531607955e-07,1e-06,7135150,30000,4175.0,7.7601716999779455,"[6565, 7562, 3761, 5473, 6061, 5440, 373, 3617, 88, 7311, 4509, 2599, 6871, 398, 9419, 2282, 7988, 3048, 6486, 5053, 7381, 6982, 6262, 2928, 8113, 2330, 4897, 2316, 6391, 4552, 8944, 9903, 8655, 2778, 6374, 1652, 9042, 7101, 1826, 5258, 5712, 1450, 4772, 903, 4126, 2182, 9182, 8730, 2531, 7504, 5737, 4249, 8205, 6561, 3098, 4356, 6056, 5288, 7698, 9597, 7027, 1288, 1255, 4400, 7738, 7357, 267, 6573, 4392, 6214, 5491, 9414, 3884, 4184, 8057, 7354, 976, 7150, 2725, 2271, 8778, 7535, 9674, 1151, 7415, 2941, 7264, 9750, 2190, 4326, 875, 4327, 7784, 1135, 5406, 8912, 1701, 7882, 3726, 2593, 7524, 3522, 5439, 2990, 1727, 8138, 6236, 1552, 1794, 6598, 6490, 1051, 1098, 1092, 1427, 4631, 8411, 5874, 1249, 9240, 5878, 3519, 9918, 6691, 5580, 9511, 1677, 3960]","[16, 33, 63, 138, 167, 218, 392, 406, 460, 501, 529, 579, 625, 679, 996, 1039, 1054, 1226, 1282, 1301, 1338, 1350, 1452, 1600, 1703, 1808, 1850, 1894, 2083, 2236, 2338, 2387, 2391, 2465, 2482, 2560, 2616, 2655, 2670, 2796, 2801, 2880, 2907, 2923, 3643, 3653, 3769, 3790, 3820, 3864, 4043, 4121, 4161, 4209, 4217, 4229, 4230, 4281, 4300, 4408, 4463, 4495, 4544, 4611, 4744, 4902, 4941, 5059, 5192, 5362, 5391, 5404, 5446, 5469, 5544, 5607, 5721, 5753, 5813, 5906, 5930, 6112, 6185, 6203, 6265, 6529, 6560, 6844, 6899, 6902, 7000, 7144, 7278, 7331, 7341, 7356, 7383, 7604, 7614, 7638, 7741, 7806, 7810, 8042, 8165, 8295, 8298, 8316, 8339, 8383, 8477, 8595, 8624, 8707, 8729, 8774, 8785, 8813, 8894, 8951, 8969, 9106, 9170, 9661, 9666, 9716, 9723, 9792]",True
43,True,width=8|trace=5|power=1,free=1e-05|nudged=1e-06,minus,30000,False,0.98515625,1261,1280,4.7564471933151923e-07,2.7933056662575387e-06,2.1135781778272263e-06,9.61319713485719e-07,2.3454300085194797e-07,1e-06,7124800,30000,4112.5,7.7419157000258565,"[6565, 7562, 3761, 5473, 6061, 5440, 373, 3617, 88, 7311, 4509, 2599, 6871, 398, 9419, 2282, 7988, 3048, 6486, 5053, 7381, 6982, 6262, 2928, 8113, 2330, 4897, 2316, 6391, 4552, 8944, 9903, 8655, 2778, 6374, 1652, 9042, 7101, 1826, 5258, 5712, 1450, 4772, 903, 4126, 2182, 9182, 8730, 2531, 7504, 5737, 4249, 8205, 6561, 3098, 4356, 6056, 5288, 7698, 9597, 7027, 1288, 1255, 4400, 7738, 7357, 267, 6573, 4392, 6214, 5491, 9414, 3884, 4184, 8057, 7354, 976, 7150, 2725, 2271, 8778, 7535, 9674, 1151, 7415, 2941, 7264, 9750, 2190, 4326, 875, 4327, 7784, 1135, 5406, 8912, 1701, 7882, 3726, 2593, 7524, 3522, 5439, 2990, 1727, 8138, 6236, 1552, 1794, 6598, 6490, 1051, 1098, 1092, 1427, 4631, 8411, 5874, 1249, 9240, 5878, 3519, 9918, 6691, 5580, 9511, 1677, 3960]","[16, 33, 63, 138, 167, 218, 392, 406, 460, 501, 529, 579, 625, 679, 996, 1039, 1054, 1226, 1282, 1301, 1338, 1350, 1452, 1600, 1703, 1808, 1850, 1894, 2083, 2236, 2338, 2387, 2391, 2465, 2482, 2560, 2616, 2655, 2670, 2796, 2801, 2880, 2907, 2923, 3643, 3653, 3769, 3790, 3820, 3864, 4043, 4121, 4161, 4209, 4217, 4229, 4230, 4281, 4300, 4408, 4463, 4495, 4544, 4611, 4744, 4902, 4941, 5059, 5192, 5362, 5391, 5404, 5446, 5469, 5544, 5607, 5721, 5753, 5813, 5906, 5930, 6112, 6185, 6203, 6265, 6529, 6560, 6844, 6899, 6902, 7000, 7144, 7278, 7331, 7341, 7356, 7383, 7604, 7614, 7638, 7741, 7806, 7810, 8042, 8165, 8295, 8298, 8316, 8339, 8383, 8477, 8595, 8624, 8707, 8729, 8774, 8785, 8813, 8894, 8951, 8969, 9106, 9170, 9661, 9666, 9716, 9723, 9792]",True
43,True,width=8|trace=5|power=1,free=1e-05|nudged=1e-06,free,60000,False,0.9859375,1262,1280,5.0707335224885295e-06,6.101799945399628e-05,5.5489089522545915e-05,9.560611378574245e-06,2.474642590158833e-06,1e-05,14127425,60000,8125.0,14.793969799997285,"[6565, 7562, 3761, 5473, 6061, 5440, 373, 3617, 88, 7311, 4509, 2599, 6871, 398, 9419, 2282, 7988, 3048, 6486, 5053, 7381, 6982, 6262, 2928, 8113, 2330, 4897, 2316, 6391, 4552, 8944, 9903, 8655, 2778, 6374, 1652, 9042, 7101, 1826, 5258, 5712, 1450, 4772, 903, 4126, 2182, 9182, 8730, 2531, 7504, 5737, 4249, 8205, 6561, 3098, 4356, 6056, 5288, 7698, 9597, 7027, 1288, 1255, 4400, 7738, 7357, 267, 6573, 4392, 6214, 5491, 9414, 3884, 4184, 8057, 7354, 976, 7150, 2725, 2271, 8778, 7535, 9674, 1151, 7415, 2941, 7264, 9750, 2190, 4326, 875, 4327, 7784, 1135, 5406, 8912, 1701, 7882, 3726, 2593, 7524, 3522, 5439, 2990, 1727, 8138, 6236, 1552, 1794, 6598, 6490, 1051, 1098, 1092, 1427, 4631, 8411, 5874, 1249, 9240, 5878, 3519, 9918, 6691, 5580, 9511, 1677, 3960]","[16, 33, 63, 138, 167, 218, 392, 406, 460, 501, 529, 579, 625, 679, 996, 1039, 1054, 1226, 1282, 1301, 1338, 1350, 1452, 1600, 1703, 1808, 1850, 1894, 2083, 2236, 2338, 2387, 2391, 2465, 2482, 2560, 2616, 2655, 2670, 2796, 2801, 2880, 2907, 2923, 3643, 3653, 3769, 3790, 3820, 3864, 4043, 4121, 4161, 4209, 4217, 4229, 4230, 4281, 4300, 4408, 4463, 4495, 4544, 4611, 4744, 4902, 4941, 5059, 5192, 5362, 5391, 5404, 5446, 5469, 5544, 5607, 5721, 5753, 5813, 5906, 5930, 6112, 6185, 6203, 6265, 6529, 6560, 6844, 6899, 6902, 7000, 7144, 7278, 7331, 7341, 7356, 7383, 7604, 7614, 7638, 7741, 7806, 7810, 8042, 8165, 8295, 8298, 8316, 8339, 8383, 8477, 8595, 8624, 8707, 8729, 8774, 8785, 8813, 8894, 8951, 8969, 9106, 9170, 9661, 9666, 9716, 9723, 9792]",True
43,True,width=8|trace=5|power=1,free=1e-05|nudged=1e-06,plus,60000,False,0.996875,1276,1280,4.775401464599581e-07,2.1872491129293564e-06,9.993549469611306e-07,9.61047560958234e-07,2.1663037878203804e-07,1e-06,7443600,60000,4175.0,9.700873400026467,"[6565, 7562, 3761, 5473, 6061, 5440, 373, 3617, 88, 7311, 4509, 2599, 6871, 398, 9419, 2282, 7988, 3048, 6486, 5053, 7381, 6982, 6262, 2928, 8113, 2330, 4897, 2316, 6391, 4552, 8944, 9903, 8655, 2778, 6374, 1652, 9042, 7101, 1826, 5258, 5712, 1450, 4772, 903, 4126, 2182, 9182, 8730, 2531, 7504, 5737, 4249, 8205, 6561, 3098, 4356, 6056, 5288, 7698, 9597, 7027, 1288, 1255, 4400, 7738, 7357, 267, 6573, 4392, 6214, 5491, 9414, 3884, 4184, 8057, 7354, 976, 7150, 2725, 2271, 8778, 7535, 9674, 1151, 7415, 2941, 7264, 9750, 2190, 4326, 875, 4327, 7784, 1135, 5406, 8912, 1701, 7882, 3726, 2593, 7524, 3522, 5439, 2990, 1727, 8138, 6236, 1552, 1794, 6598, 6490, 1051, 1098, 1092, 1427, 4631, 8411, 5874, 1249, 9240, 5878, 3519, 9918, 6691, 5580, 9511, 1677, 3960]","[16, 33, 63, 138, 167, 218, 392, 406, 460, 501, 529, 579, 625, 679, 996, 1039, 1054, 1226, 1282, 1301, 1338, 1350, 1452, 1600, 1703, 1808, 1850, 1894, 2083, 2236, 2338, 2387, 2391, 2465, 2482, 2560, 2616, 2655, 2670, 2796, 2801, 2880, 2907, 2923, 3643, 3653, 3769, 3790, 3820, 3864, 4043, 4121, 4161, 4209, 4217, 4229, 4230, 4281, 4300, 4408, 4463, 4495, 4544, 4611, 4744, 4902, 4941, 5059, 5192, 5362, 5391, 5404, 5446, 5469, 5544, 5607, 5721, 5753, 5813, 5906, 5930, 6112, 6185, 6203, 6265, 6529, 6560, 6844, 6899, 6902, 7000, 7144, 7278, 7331, 7341, 7356, 7383, 7604, 7614, 7638, 7741, 7806, 7810, 8042, 8165, 8295, 8298, 8316, 8339, 8383, 8477, 8595, 8624, 8707, 8729, 8774, 8785, 8813, 8894, 8951, 8969, 9106, 9170, 9661, 9666, 9716, 9723, 9792]",True
43,True,width=8|trace=5|power=1,free=1e-05|nudged=1e-06,minus,60000,False,0.996875,1276,1280,4.753960961149799e-07,2.1316040652192438e-06,9.971539999993812e-07,9.61319713485719e-07,2.3492167751611124e-07,1e-06,7431825,60000,4112.5,9.678651899972465,"[6565, 7562, 3761, 5473, 6061, 5440, 373, 3617, 88, 7311, 4509, 2599, 6871, 398, 9419, 2282, 7988, 3048, 6486, 5053, 7381, 6982, 6262, 2928, 8113, 2330, 4897, 2316, 6391, 4552, 8944, 9903, 8655, 2778, 6374, 1652, 9042, 7101, 1826, 5258, 5712, 1450, 4772, 903, 4126, 2182, 9182, 8730, 2531, 7504, 5737, 4249, 8205, 6561, 3098, 4356, 6056, 5288, 7698, 9597, 7027, 1288, 1255, 4400, 7738, 7357, 267, 6573, 4392, 6214, 5491, 9414, 3884, 4184, 8057, 7354, 976, 7150, 2725, 2271, 8778, 7535, 9674, 1151, 7415, 2941, 7264, 9750, 2190, 4326, 875, 4327, 7784, 1135, 5406, 8912, 1701, 7882, 3726, 2593, 7524, 3522, 5439, 2990, 1727, 8138, 6236, 1552, 1794, 6598, 6490, 1051, 1098, 1092, 1427, 4631, 8411, 5874, 1249, 9240, 5878, 3519, 9918, 6691, 5580, 9511, 1677, 3960]","[16, 33, 63, 138, 167, 218, 392, 406, 460, 501, 529, 579, 625, 679, 996, 1039, 1054, 1226, 1282, 1301, 1338, 1350, 1452, 1600, 1703, 1808, 1850, 1894, 2083, 2236, 2338, 2387, 2391, 2465, 2482, 2560, 2616, 2655, 2670, 2796, 2801, 2880, 2907, 2923, 3643, 3653, 3769, 3790, 3820, 3864, 4043, 4121, 4161, 4209, 4217, 4229, 4230, 4281, 4300, 4408, 4463, 4495, 4544, 4611, 4744, 4902, 4941, 5059, 5192, 5362, 5391, 5404, 5446, 5469, 5544, 5607, 5721, 5753, 5813, 5906, 5930, 6112, 6185, 6203, 6265, 6529, 6560, 6844, 6899, 6902, 7000, 7144, 7278, 7331, 7341, 7356, 7383, 7604, 7614, 7638, 7741, 7806, 7810, 8042, 8165, 8295, 8298, 8316, 8339, 8383, 8477, 8595, 8624, 8707, 8729, 8774, 8785, 8813, 8894, 8951, 8969, 9106, 9170, 9661, 9666, 9716, 9723, 9792]",True
43,True,width=8|trace=5|power=1,free=1e-05|nudged=1e-06,free,120000,False,0.99921875,1279,1280,5.060179886826228e-06,9.999587280323403e-06,1.3824894992122526e-05,9.566192858282429e-06,2.477713086543808e-06,1e-05,14588150,120000,8125.0,18.195070900022984,"[6565, 7562, 3761, 5473, 6061, 5440, 373, 3617, 88, 7311, 4509, 2599, 6871, 398, 9419, 2282, 7988, 3048, 6486, 5053, 7381, 6982, 6262, 2928, 8113, 2330, 4897, 2316, 6391, 4552, 8944, 9903, 8655, 2778, 6374, 1652, 9042, 7101, 1826, 5258, 5712, 1450, 4772, 903, 4126, 2182, 9182, 8730, 2531, 7504, 5737, 4249, 8205, 6561, 3098, 4356, 6056, 5288, 7698, 9597, 7027, 1288, 1255, 4400, 7738, 7357, 267, 6573, 4392, 6214, 5491, 9414, 3884, 4184, 8057, 7354, 976, 7150, 2725, 2271, 8778, 7535, 9674, 1151, 7415, 2941, 7264, 9750, 2190, 4326, 875, 4327, 7784, 1135, 5406, 8912, 1701, 7882, 3726, 2593, 7524, 3522, 5439, 2990, 1727, 8138, 6236, 1552, 1794, 6598, 6490, 1051, 1098, 1092, 1427, 4631, 8411, 5874, 1249, 9240, 5878, 3519, 9918, 6691, 5580, 9511, 1677, 3960]","[16, 33, 63, 138, 167, 218, 392, 406, 460, 501, 529, 579, 625, 679, 996, 1039, 1054, 1226, 1282, 1301, 1338, 1350, 1452, 1600, 1703, 1808, 1850, 1894, 2083, 2236, 2338, 2387, 2391, 2465, 2482, 2560, 2616, 2655, 2670, 2796, 2801, 2880, 2907, 2923, 3643, 3653, 3769, 3790, 3820, 3864, 4043, 4121, 4161, 4209, 4217, 4229, 4230, 4281, 4300, 4408, 4463, 4495, 4544, 4611, 4744, 4902, 4941, 5059, 5192, 5362, 5391, 5404, 5446, 5469, 5544, 5607, 5721, 5753, 5813, 5906, 5930, 6112, 6185, 6203, 6265, 6529, 6560, 6844, 6899, 6902, 7000, 7144, 7278, 7331, 7341, 7356, 7383, 7604, 7614, 7638, 7741, 7806, 7810, 8042, 8165, 8295, 8298, 8316, 8339, 8383, 8477, 8595, 8624, 8707, 8729, 8774, 8785, 8813, 8894, 8951, 8969, 9106, 9170, 9661, 9666, 9716, 9723, 9792]",True
43,True,width=8|trace=5|power=1,free=1e-05|nudged=1e-06,plus,120000,True,1.0,1280,1280,4.775166270794319e-07,9.99976873240379e-07,9.993549469611306e-07,9.612084276511409e-07,2.1663037878203804e-07,1e-06,7488425,85375,4175.0,10.956557299999986,"[6565, 7562, 3761, 5473, 6061, 5440, 373, 3617, 88, 7311, 4509, 2599, 6871, 398, 9419, 2282, 7988, 3048, 6486, 5053, 7381, 6982, 6262, 2928, 8113, 2330, 4897, 2316, 6391, 4552, 8944, 9903, 8655, 2778, 6374, 1652, 9042, 7101, 1826, 5258, 5712, 1450, 4772, 903, 4126, 2182, 9182, 8730, 2531, 7504, 5737, 4249, 8205, 6561, 3098, 4356, 6056, 5288, 7698, 9597, 7027, 1288, 1255, 4400, 7738, 7357, 267, 6573, 4392, 6214, 5491, 9414, 3884, 4184, 8057, 7354, 976, 7150, 2725, 2271, 8778, 7535, 9674, 1151, 7415, 2941, 7264, 9750, 2190, 4326, 875, 4327, 7784, 1135, 5406, 8912, 1701, 7882, 3726, 2593, 7524, 3522, 5439, 2990, 1727, 8138, 6236, 1552, 1794, 6598, 6490, 1051, 1098, 1092, 1427, 4631, 8411, 5874, 1249, 9240, 5878, 3519, 9918, 6691, 5580, 9511, 1677, 3960]","[16, 33, 63, 138, 167, 218, 392, 406, 460, 501, 529, 579, 625, 679, 996, 1039, 1054, 1226, 1282, 1301, 1338, 1350, 1452, 1600, 1703, 1808, 1850, 1894, 2083, 2236, 2338, 2387, 2391, 2465, 2482, 2560, 2616, 2655, 2670, 2796, 2801, 2880, 2907, 2923, 3643, 3653, 3769, 3790, 3820, 3864, 4043, 4121, 4161, 4209, 4217, 4229, 4230, 4281, 4300, 4408, 4463, 4495, 4544, 4611, 4744, 4902, 4941, 5059, 5192, 5362, 5391, 5404, 5446, 5469, 5544, 5607, 5721, 5753, 5813, 5906, 5930, 6112, 6185, 6203, 6265, 6529, 6560, 6844, 6899, 6902, 7000, 7144, 7278, 7331, 7341, 7356, 7383, 7604, 7614, 7638, 7741, 7806, 7810, 8042, 8165, 8295, 8298, 8316, 8339, 8383, 8477, 8595, 8624, 8707, 8729, 8774, 8785, 8813, 8894, 8951, 8969, 9106, 9170, 9661, 9666, 9716, 9723, 9792]",True
43,True,width=8|trace=5|power=1,free=1e-05|nudged=1e-06,minus,120000,True,1.0,1280,1280,4.7537451337240774e-07,9.999664306496444e-07,9.971539999993812e-07,9.614678546528086e-07,2.3492167751611124e-07,1e-06,7475200,83400,4112.5,10.841140699980315,"[6565, 7562, 3761, 5473, 6061, 5440, 373, 3617, 88, 7311, 4509, 2599, 6871, 398, 9419, 2282, 7988, 3048, 6486, 5053, 7381, 6982, 6262, 2928, 8113, 2330, 4897, 2316, 6391, 4552, 8944, 9903, 8655, 2778, 6374, 1652, 9042, 7101, 1826, 5258, 5712, 1450, 4772, 903, 4126, 2182, 9182, 8730, 2531, 7504, 5737, 4249, 8205, 6561, 3098, 4356, 6056, 5288, 7698, 9597, 7027, 1288, 1255, 4400, 7738, 7357, 267, 6573, 4392, 6214, 5491, 9414, 3884, 4184, 8057, 7354, 976, 7150, 2725, 2271, 8778, 7535, 9674, 1151, 7415, 2941, 7264, 9750, 2190, 4326, 875, 4327, 7784, 1135, 5406, 8912, 1701, 7882, 3726, 2593, 7524, 3522, 5439, 2990, 1727, 8138, 6236, 1552, 1794, 6598, 6490, 1051, 1098, 1092, 1427, 4631, 8411, 5874, 1249, 9240, 5878, 3519, 9918, 6691, 5580, 9511, 1677, 3960]","[16, 33, 63, 138, 167, 218, 392, 406, 460, 501, 529, 579, 625, 679, 996, 1039, 1054, 1226, 1282, 1301, 1338, 1350, 1452, 1600, 1703, 1808, 1850, 1894, 2083, 2236, 2338, 2387, 2391, 2465, 2482, 2560, 2616, 2655, 2670, 2796, 2801, 2880, 2907, 2923, 3643, 3653, 3769, 3790, 3820, 3864, 4043, 4121, 4161, 4209, 4217, 4229, 4230, 4281, 4300, 4408, 4463, 4495, 4544, 4611, 4744, 4902, 4941, 5059, 5192, 5362, 5391, 5404, 5446, 5469, 5544, 5607, 5721, 5753, 5813, 5906, 5930, 6112, 6185, 6203, 6265, 6529, 6560, 6844, 6899, 6902, 7000, 7144, 7278, 7331, 7341, 7356, 7383, 7604, 7614, 7638, 7741, 7806, 7810, 8042, 8165, 8295, 8298, 8316, 8339, 8383, 8477, 8595, 8624, 8707, 8729, 8774, 8785, 8813, 8894, 8951, 8969, 9106, 9170, 9661, 9666, 9716, 9723, 9792]",True
43,True,width=8|trace=5|power=1,free=1e-05|nudged=1e-06,free,240000,True,1.0,1280,1280,5.060252592435686e-06,9.999587280323403e-06,9.943123675862487e-06,9.56653165706055e-06,2.477713086543808e-06,1e-05,14623875,155725,8125.0,19.627593600016553,"[6565, 7562, 3761, 5473, 6061, 5440, 373, 3617, 88, 7311, 4509, 2599, 6871, 398, 9419, 2282, 7988, 3048, 6486, 5053, 7381, 6982, 6262, 2928, 8113, 2330, 4897, 2316, 6391, 4552, 8944, 9903, 8655, 2778, 6374, 1652, 9042, 7101, 1826, 5258, 5712, 1450, 4772, 903, 4126, 2182, 9182, 8730, 2531, 7504, 5737, 4249, 8205, 6561, 3098, 4356, 6056, 5288, 7698, 9597, 7027, 1288, 1255, 4400, 7738, 7357, 267, 6573, 4392, 6214, 5491, 9414, 3884, 4184, 8057, 7354, 976, 7150, 2725, 2271, 8778, 7535, 9674, 1151, 7415, 2941, 7264, 9750, 2190, 4326, 875, 4327, 7784, 1135, 5406, 8912, 1701, 7882, 3726, 2593, 7524, 3522, 5439, 2990, 1727, 8138, 6236, 1552, 1794, 6598, 6490, 1051, 1098, 1092, 1427, 4631, 8411, 5874, 1249, 9240, 5878, 3519, 9918, 6691, 5580, 9511, 1677, 3960]","[16, 33, 63, 138, 167, 218, 392, 406, 460, 501, 529, 579, 625, 679, 996, 1039, 1054, 1226, 1282, 1301, 1338, 1350, 1452, 1600, 1703, 1808, 1850, 1894, 2083, 2236, 2338, 2387, 2391, 2465, 2482, 2560, 2616, 2655, 2670, 2796, 2801, 2880, 2907, 2923, 3643, 3653, 3769, 3790, 3820, 3864, 4043, 4121, 4161, 4209, 4217, 4229, 4230, 4281, 4300, 4408, 4463, 4495, 4544, 4611, 4744, 4902, 4941, 5059, 5192, 5362, 5391, 5404, 5446, 5469, 5544, 5607, 5721, 5753, 5813, 5906, 5930, 6112, 6185, 6203, 6265, 6529, 6560, 6844, 6899, 6902, 7000, 7144, 7278, 7331, 7341, 7356, 7383, 7604, 7614, 7638, 7741, 7806, 7810, 8042, 8165, 8295, 8298, 8316, 8339, 8383, 8477, 8595, 8624, 8707, 8729, 8774, 8785, 8813, 8894, 8951, 8969, 9106, 9170, 9661, 9666, 9716, 9723, 9792]",True
43,True,width=8|trace=5|power=1,free=1e-05|nudged=1e-06,plus,240000,True,1.0,1280,1280,4.775166270794319e-07,9.99976873240379e-07,9.993549469611306e-07,9.612084276511409e-07,2.1663037878203804e-07,1e-06,7488425,85375,4175.0,10.956604700011667,"[6565, 7562, 3761, 5473, 6061, 5440, 373, 3617, 88, 7311, 4509, 2599, 6871, 398, 9419, 2282, 7988, 3048, 6486, 5053, 7381, 6982, 6262, 2928, 8113, 2330, 4897, 2316, 6391, 4552, 8944, 9903, 8655, 2778, 6374, 1652, 9042, 7101, 1826, 5258, 5712, 1450, 4772, 903, 4126, 2182, 9182, 8730, 2531, 7504, 5737, 4249, 8205, 6561, 3098, 4356, 6056, 5288, 7698, 9597, 7027, 1288, 1255, 4400, 7738, 7357, 267, 6573, 4392, 6214, 5491, 9414, 3884, 4184, 8057, 7354, 976, 7150, 2725, 2271, 8778, 7535, 9674, 1151, 7415, 2941, 7264, 9750, 2190, 4326, 875, 4327, 7784, 1135, 5406, 8912, 1701, 7882, 3726, 2593, 7524, 3522, 5439, 2990, 1727, 8138, 6236, 1552, 1794, 6598, 6490, 1051, 1098, 1092, 1427, 4631, 8411, 5874, 1249, 9240, 5878, 3519, 9918, 6691, 5580, 9511, 1677, 3960]","[16, 33, 63, 138, 167, 218, 392, 406, 460, 501, 529, 579, 625, 679, 996, 1039, 1054, 1226, 1282, 1301, 1338, 1350, 1452, 1600, 1703, 1808, 1850, 1894, 2083, 2236, 2338, 2387, 2391, 2465, 2482, 2560, 2616, 2655, 2670, 2796, 2801, 2880, 2907, 2923, 3643, 3653, 3769, 3790, 3820, 3864, 4043, 4121, 4161, 4209, 4217, 4229, 4230, 4281, 4300, 4408, 4463, 4495, 4544, 4611, 4744, 4902, 4941, 5059, 5192, 5362, 5391, 5404, 5446, 5469, 5544, 5607, 5721, 5753, 5813, 5906, 5930, 6112, 6185, 6203, 6265, 6529, 6560, 6844, 6899, 6902, 7000, 7144, 7278, 7331, 7341, 7356, 7383, 7604, 7614, 7638, 7741, 7806, 7810, 8042, 8165, 8295, 8298, 8316, 8339, 8383, 8477, 8595, 8624, 8707, 8729, 8774, 8785, 8813, 8894, 8951, 8969, 9106, 9170, 9661, 9666, 9716, 9723, 9792]",True
43,True,width=8|trace=5|power=1,free=1e-05|nudged=1e-06,minus,240000,True,1.0,1280,1280,4.7537451337240774e-07,9.999664306496444e-07,9.971539999993812e-07,9.614678546528086e-07,2.3492167751611124e-07,1e-06,7475200,83400,4112.5,10.841187899990473,"[6565, 7562, 3761, 5473, 6061, 5440, 373, 3617, 88, 7311, 4509, 2599, 6871, 398, 9419, 2282, 7988, 3048, 6486, 5053, 7381, 6982, 6262, 2928, 8113, 2330, 4897, 2316, 6391, 4552, 8944, 9903, 8655, 2778, 6374, 1652, 9042, 7101, 1826, 5258, 5712, 1450, 4772, 903, 4126, 2182, 9182, 8730, 2531, 7504, 5737, 4249, 8205, 6561, 3098, 4356, 6056, 5288, 7698, 9597, 7027, 1288, 1255, 4400, 7738, 7357, 267, 6573, 4392, 6214, 5491, 9414, 3884, 4184, 8057, 7354, 976, 7150, 2725, 2271, 8778, 7535, 9674, 1151, 7415, 2941, 7264, 9750, 2190, 4326, 875, 4327, 7784, 1135, 5406, 8912, 1701, 7882, 3726, 2593, 7524, 3522, 5439, 2990, 1727, 8138, 6236, 1552, 1794, 6598, 6490, 1051, 1098, 1092, 1427, 4631, 8411, 5874, 1249, 9240, 5878, 3519, 9918, 6691, 5580, 9511, 1677, 3960]","[16, 33, 63, 138, 167, 218, 392, 406, 460, 501, 529, 579, 625, 679, 996, 1039, 1054, 1226, 1282, 1301, 1338, 1350, 1452, 1600, 1703, 1808, 1850, 1894, 2083, 2236, 2338, 2387, 2391, 2465, 2482, 2560, 2616, 2655, 2670, 2796, 2801, 2880, 2907, 2923, 3643, 3653, 3769, 3790, 3820, 3864, 4043, 4121, 4161, 4209, 4217, 4229, 4230, 4281, 4300, 4408, 4463, 4495, 4544, 4611, 4744, 4902, 4941, 5059, 5192, 5362, 5391, 5404, 5446, 5469, 5544, 5607, 5721, 5753, 5813, 5906, 5930, 6112, 6185, 6203, 6265, 6529, 6560, 6844, 6899, 6902, 7000, 7144, 7278, 7331, 7341, 7356, 7383, 7604, 7614, 7638, 7741, 7806, 7810, 8042, 8165, 8295, 8298, 8316, 8339, 8383, 8477, 8595, 8624, 8707, 8729, 8774, 8785, 8813, 8894, 8951, 8969, 9106, 9170, 9661, 9666, 9716, 9723, 9792]",True
43,True,width=8|trace=5|power=1,free=1e-05|nudged=1e-06,free,480000,True,1.0,1280,1280,5.060252592435686e-06,9.999587280323403e-06,9.943123675862487e-06,9.56653165706055e-06,2.477713086543808e-06,1e-05,14623875,155725,8125.0,19.627649899979588,"[6565, 7562, 3761, 5473, 6061, 5440, 373, 3617, 88, 7311, 4509, 2599, 6871, 398, 9419, 2282, 7988, 3048, 6486, 5053, 7381, 6982, 6262, 2928, 8113, 2330, 4897, 2316, 6391, 4552, 8944, 9903, 8655, 2778, 6374, 1652, 9042, 7101, 1826, 5258, 5712, 1450, 4772, 903, 4126, 2182, 9182, 8730, 2531, 7504, 5737, 4249, 8205, 6561, 3098, 4356, 6056, 5288, 7698, 9597, 7027, 1288, 1255, 4400, 7738, 7357, 267, 6573, 4392, 6214, 5491, 9414, 3884, 4184, 8057, 7354, 976, 7150, 2725, 2271, 8778, 7535, 9674, 1151, 7415, 2941, 7264, 9750, 2190, 4326, 875, 4327, 7784, 1135, 5406, 8912, 1701, 7882, 3726, 2593, 7524, 3522, 5439, 2990, 1727, 8138, 6236, 1552, 1794, 6598, 6490, 1051, 1098, 1092, 1427, 4631, 8411, 5874, 1249, 9240, 5878, 3519, 9918, 6691, 5580, 9511, 1677, 3960]","[16, 33, 63, 138, 167, 218, 392, 406, 460, 501, 529, 579, 625, 679, 996, 1039, 1054, 1226, 1282, 1301, 1338, 1350, 1452, 1600, 1703, 1808, 1850, 1894, 2083, 2236, 2338, 2387, 2391, 2465, 2482, 2560, 2616, 2655, 2670, 2796, 2801, 2880, 2907, 2923, 3643, 3653, 3769, 3790, 3820, 3864, 4043, 4121, 4161, 4209, 4217, 4229, 4230, 4281, 4300, 4408, 4463, 4495, 4544, 4611, 4744, 4902, 4941, 5059, 5192, 5362, 5391, 5404, 5446, 5469, 5544, 5607, 5721, 5753, 5813, 5906, 5930, 6112, 6185, 6203, 6265, 6529, 6560, 6844, 6899, 6902, 7000, 7144, 7278, 7331, 7341, 7356, 7383, 7604, 7614, 7638, 7741, 7806, 7810, 8042, 8165, 8295, 8298, 8316, 8339, 8383, 8477, 8595, 8624, 8707, 8729, 8774, 8785, 8813, 8894, 8951, 8969, 9106, 9170, 9661, 9666, 9716, 9723, 9792]",True
43,True,width=8|trace=5|power=1,free=1e-05|nudged=1e-06,plus,480000,True,1.0,1280,1280,4.775166270794319e-07,9.99976873240379e-07,9.993549469611306e-07,9.612084276511409e-07,2.1663037878203804e-07,1e-06,7488425,85375,4175.0,10.956655699992552,"[6565, 7562, 3761, 5473, 6061, 5440, 373, 3617, 88, 7311, 4509, 2599, 6871, 398, 9419, 2282, 7988, 3048, 6486, 5053, 7381, 6982, 6262, 2928, 8113, 2330, 4897, 2316, 6391, 4552, 8944, 9903, 8655, 2778, 6374, 1652, 9042, 7101, 1826, 5258, 5712, 1450, 4772, 903, 4126, 2182, 9182, 8730, 2531, 7504, 5737, 4249, 8205, 6561, 3098, 4356, 6056, 5288, 7698, 9597, 7027, 1288, 1255, 4400, 7738, 7357, 267, 6573, 4392, 6214, 5491, 9414, 3884, 4184, 8057, 7354, 976, 7150, 2725, 2271, 8778, 7535, 9674, 1151, 7415, 2941, 7264, 9750, 2190, 4326, 875, 4327, 7784, 1135, 5406, 8912, 1701, 7882, 3726, 2593, 7524, 3522, 5439, 2990, 1727, 8138, 6236, 1552, 1794, 6598, 6490, 1051, 1098, 1092, 1427, 4631, 8411, 5874, 1249, 9240, 5878, 3519, 9918, 6691, 5580, 9511, 1677, 3960]","[16, 33, 63, 138, 167, 218, 392, 406, 460, 501, 529, 579, 625, 679, 996, 1039, 1054, 1226, 1282, 1301, 1338, 1350, 1452, 1600, 1703, 1808, 1850, 1894, 2083, 2236, 2338, 2387, 2391, 2465, 2482, 2560, 2616, 2655, 2670, 2796, 2801, 2880, 2907, 2923, 3643, 3653, 3769, 3790, 3820, 3864, 4043, 4121, 4161, 4209, 4217, 4229, 4230, 4281, 4300, 4408, 4463, 4495, 4544, 4611, 4744, 4902, 4941, 5059, 5192, 5362, 5391, 5404, 5446, 5469, 5544, 5607, 5721, 5753, 5813, 5906, 5930, 6112, 6185, 6203, 6265, 6529, 6560, 6844, 6899, 6902, 7000, 7144, 7278, 7331, 7341, 7356, 7383, 7604, 7614, 7638, 7741, 7806, 7810, 8042, 8165, 8295, 8298, 8316, 8339, 8383, 8477, 8595, 8624, 8707, 8729, 8774, 8785, 8813, 8894, 8951, 8969, 9106, 9170, 9661, 9666, 9716, 9723, 9792]",True
43,True,width=8|trace=5|power=1,free=1e-05|nudged=1e-06,minus,480000,True,1.0,1280,1280,4.7537451337240774e-07,9.999664306496444e-07,9.971539999993812e-07,9.614678546528086e-07,2.3492167751611124e-07,1e-06,7475200,83400,4112.5,10.841238800028805,"[6565, 7562, 3761, 5473, 6061, 5440, 373, 3617, 88, 7311, 4509, 2599, 6871, 398, 9419, 2282, 7988, 3048, 6486, 5053, 7381, 6982, 6262, 2928, 8113, 2330, 4897, 2316, 6391, 4552, 8944, 9903, 8655, 2778, 6374, 1652, 9042, 7101, 1826, 5258, 5712, 1450, 4772, 903, 4126, 2182, 9182, 8730, 2531, 7504, 5737, 4249, 8205, 6561, 3098, 4356, 6056, 5288, 7698, 9597, 7027, 1288, 1255, 4400, 7738, 7357, 267, 6573, 4392, 6214, 5491, 9414, 3884, 4184, 8057, 7354, 976, 7150, 2725, 2271, 8778, 7535, 9674, 1151, 7415, 2941, 7264, 9750, 2190, 4326, 875, 4327, 7784, 1135, 5406, 8912, 1701, 7882, 3726, 2593, 7524, 3522, 5439, 2990, 1727, 8138, 6236, 1552, 1794, 6598, 6490, 1051, 1098, 1092, 1427, 4631, 8411, 5874, 1249, 9240, 5878, 3519, 9918, 6691, 5580, 9511, 1677, 3960]","[16, 33, 63, 138, 167, 218, 392, 406, 460, 501, 529, 579, 625, 679, 996, 1039, 1054, 1226, 1282, 1301, 1338, 1350, 1452, 1600, 1703, 1808, 1850, 1894, 2083, 2236, 2338, 2387, 2391, 2465, 2482, 2560, 2616, 2655, 2670, 2796, 2801, 2880, 2907, 2923, 3643, 3653, 3769, 3790, 3820, 3864, 4043, 4121, 4161, 4209, 4217, 4229, 4230, 4281, 4300, 4408, 4463, 4495, 4544, 4611, 4744, 4902, 4941, 5059, 5192, 5362, 5391, 5404, 5446, 5469, 5544, 5607, 5721, 5753, 5813, 5906, 5930, 6112, 6185, 6203, 6265, 6529, 6560, 6844, 6899, 6902, 7000, 7144, 7278, 7331, 7341, 7356, 7383, 7604, 7614, 7638, 7741, 7806, 7810, 8042, 8165, 8295, 8298, 8316, 8339, 8383, 8477, 8595, 8624, 8707, 8729, 8774, 8785, 8813, 8894, 8951, 8969, 9106, 9170, 9661, 9666, 9716, 9723, 9792]",True
