profile,topology,seed,random_index,n_nodes,n_dampers,damping_trace,calibration_minimum_visibility,unseen_minimum_visibility,unseen_minimum_decay_rate,unseen_all_observable,damping_nodes
paper,sparse_16,17,0,16,4,0.1,0.12382613810317093,0.12269928140626625,0.00018807604461798522,True,"2,4,12,13"
paper,sparse_16,17,1,16,4,0.1,0.19446932837822267,0.19459996997561868,0.00047306211570663503,True,"0,2,12,13"
paper,sparse_16,17,2,16,4,0.1,0.12134459782666901,0.12012259591285565,0.00017980000012768338,True,"4,5,7,11"
paper,sparse_16,17,3,16,4,0.1,0.16331909421923116,0.16345231018724507,0.00033351555395116916,True,"0,5,11,13"
paper,sparse_16,17,4,16,4,0.1,0.1536862828322307,0.15194736891478958,0.00028650933252477584,True,"0,2,11,14"
paper,sparse_16,17,5,16,4,0.1,0.15797045421339523,0.15864130778807717,0.00031437950687279725,True,"5,7,9,11"
paper,sparse_16,17,6,16,4,0.1,0.1129980243601734,0.1149979473916061,0.0001645947124401248,True,"0,5,9,14"
paper,sparse_16,17,7,16,4,0.1,0.16352732547991963,0.16462273608768374,0.00033868614535453867,True,"3,5,7,13"
paper,sparse_16,17,8,16,4,0.1,0.11481282960739679,0.11426794685082961,0.0001626040957452557,True,"1,2,3,14"
paper,sparse_16,17,9,16,4,0.1,0.17452811821745257,0.17346388050483708,0.0003755239358467499,True,"0,4,11,13"
paper,sparse_16,17,10,16,4,0.1,0.13735498123953996,0.13922614948291853,0.00024114980324240962,True,"2,3,5,9"
paper,sparse_16,17,11,16,4,0.1,0.1548682316751892,0.15404197462372582,0.0002965077874508282,True,"0,1,3,4"
paper,sparse_16,17,12,16,4,0.1,0.13911840819755883,0.1410747159795614,0.0002484319099452237,True,"3,7,11,13"
paper,sparse_16,17,13,16,4,0.1,0.1677469949103544,0.16848939542919827,0.0003547063226374443,True,"5,7,13,14"
paper,sparse_16,17,14,16,4,0.1,0.17861079879177458,0.1785511673688416,0.00039843028852043494,True,"4,5,11,14"
paper,sparse_16,17,15,16,4,0.1,0.17431386919850628,0.17747294903208263,0.00039035745549864664,True,"0,1,2,12"
paper,sparse_16,17,16,16,4,0.1,0.08160302826502693,0.08186580930614816,8.354957930681306e-05,True,"3,5,9,14"
paper,sparse_16,17,17,16,4,0.1,0.16660798322878426,0.16953204772483502,0.00035825699997885097,True,"0,2,9,14"
paper,sparse_16,17,18,16,4,0.1,0.21405703091560752,0.21420708599880822,0.0005728385657411961,True,"1,9,13,14"
paper,sparse_16,17,19,16,4,0.1,0.09977679925039949,0.10065695741105844,0.0001265064730042731,True,"0,1,3,5"
paper,sparse_16,17,20,16,4,0.1,0.1634128727479902,0.1638912663475036,0.00033547117290072537,True,"1,2,5,11"
paper,sparse_16,17,21,16,4,0.1,0.09947019623614466,0.10062126401260721,0.00012621056355499594,True,"0,4,11,14"
paper,sparse_16,17,22,16,4,0.1,0.2287457374255034,0.22988758897224534,0.0006597895790589892,True,"0,3,4,13"
paper,sparse_16,17,23,16,4,0.1,0.0961036584839692,0.09698351620377427,0.00011632054796480162,True,"3,5,9,12"
paper,sparse_16,17,24,16,4,0.1,0.18771616517323533,0.18771145443566434,0.00044020011567549866,True,"7,12,13,14"
paper,sparse_16,17,25,16,4,0.1,0.08373160266244295,0.08189991506960687,8.326790292723096e-05,True,"2,5,7,11"
paper,sparse_16,17,26,16,4,0.1,0.22144996402511963,0.2225302136551418,0.0006184036080122413,True,"5,7,9,12"
paper,sparse_16,17,27,16,4,0.1,0.20471611782734037,0.20471661460489915,0.0005219877631452534,True,"4,5,12,14"
paper,sparse_16,17,28,16,4,0.1,0.23848044760315756,0.23865257356505096,0.0007109802487493821,True,"1,7,9,13"
paper,sparse_16,17,29,16,4,0.1,0.19112637578834382,0.18949260994760356,0.0004338902880124951,True,"0,1,2,7"
paper,sparse_16,17,30,16,4,0.1,0.15113351154753182,0.14978999774659355,0.0002798052847594046,True,"2,7,11,13"
paper,sparse_16,17,31,16,4,0.1,0.10657602047437055,0.11336042359138919,0.00016032825995743183,True,"0,1,2,11"
paper,sparse_16,17,32,16,4,0.1,0.22156338265637956,0.22264643886636584,0.000619344216414186,True,"1,5,7,12"
paper,sparse_16,17,33,16,4,0.1,0.21888639400105933,0.21804750178283727,0.000592916496514384,True,"0,4,5,7"
paper,sparse_16,17,34,16,4,0.1,0.20751058231737005,0.2066806151346043,0.0005329292453040146,True,"0,3,12,13"
paper,sparse_16,17,35,16,4,0.1,0.1482150534847054,0.14940343286315758,0.0002785619375650361,True,"3,4,7,13"
paper,sparse_16,17,36,16,4,0.1,0.16835315400359105,0.17142218478938784,0.00035859859063644417,True,"2,5,12,14"
paper,sparse_16,17,37,16,4,0.1,0.22790063910250394,0.22824564844594913,0.0006494743131361391,True,"1,2,7,9"
paper,sparse_16,17,38,16,4,0.1,0.11807058547825253,0.11658903705780493,0.0001697328090550787,True,"2,4,11,13"
paper,sparse_16,17,39,16,4,0.1,0.191078191155323,0.19135095483702866,0.0004572318115990126,True,"0,4,9,13"
paper,sparse_16,17,40,16,4,0.1,0.12930357219465724,0.12930611427026975,0.00020863871396625822,True,"1,2,3,13"
paper,sparse_16,17,41,16,4,0.1,0.11975950548910662,0.12009766316817796,0.0001802689135793345,True,"3,7,9,14"
paper,sparse_16,17,42,16,4,0.1,0.19553561439777697,0.19453912727419462,0.0004703736826335292,True,"0,7,13,14"
paper,sparse_16,17,43,16,4,0.1,0.1911344820219358,0.19416331542560428,0.0004711331555149467,True,"3,4,11,12"
paper,sparse_16,17,44,16,4,0.1,0.15047655982865876,0.15083277470156853,0.0002843396552019012,True,"3,5,7,9"
paper,sparse_16,17,45,16,4,0.1,0.22323505738328508,0.2243532874950052,0.0006290881248595115,True,"2,7,9,11"
paper,sparse_16,17,46,16,4,0.1,0.18434446532052362,0.1838799504243761,0.00042010142937892736,True,"1,4,9,11"
paper,sparse_16,17,47,16,4,0.1,0.17773962542681854,0.17595303633665887,0.00038052295335117003,True,"1,4,5,14"
paper,sparse_16,17,48,16,4,0.1,0.18516716513833048,0.18518341009002676,0.00042821088472477786,True,"0,2,5,11"
paper,sparse_16,17,49,16,4,0.1,0.15210363183491848,0.15115660375957654,0.0002855516091136989,True,"1,2,3,4"
paper,sparse_16,17,50,16,4,0.1,0.1952513908988813,0.19439689703940327,0.00047188195979147585,True,"0,4,7,13"
paper,sparse_16,17,51,16,4,0.1,0.1331027473336575,0.13403080306043033,0.00022078127607707762,True,"0,1,7,11"
paper,sparse_16,17,52,16,4,0.1,0.12175701350635659,0.12036941220276023,0.0001809345183793054,True,"2,4,11,12"
paper,sparse_16,17,53,16,4,0.1,0.15781777858603463,0.15921298540104253,0.0003166916705107381,True,"2,4,7,14"
paper,sparse_16,17,54,16,4,0.1,0.18488255579220725,0.18557800248559428,0.00043031744627608504,True,"0,4,5,12"
paper,sparse_16,17,55,16,4,0.1,0.17511112017384137,0.1757407933583054,0.0003778712401257822,True,"3,4,5,14"
paper,sparse_16,17,56,16,4,0.1,0.19626342561904475,0.19688598766572446,0.00048366185239168136,True,"3,9,12,13"
paper,sparse_16,17,57,16,4,0.1,0.13659163729689705,0.13632353455363494,0.00023179306431109215,True,"0,7,11,14"
paper,sparse_16,17,58,16,4,0.1,0.13921766156952387,0.14171001045412202,0.0002471315706124022,True,"0,5,12,14"
paper,sparse_16,17,59,16,4,0.1,0.18853852847403327,0.18843553517631156,0.0004435987276897868,True,"4,5,7,12"
paper,sparse_16,17,60,16,4,0.1,0.18823246742100397,0.1859200616689674,0.00042201107153178215,True,"0,3,4,5"
paper,sparse_16,17,61,16,4,0.1,0.160243922807039,0.15982121982854652,0.00031806742476225836,True,"1,3,7,14"
paper,sparse_16,17,62,16,4,0.1,0.22295590840784502,0.22404012118130898,0.0006274608226513045,True,"0,5,7,9"
paper,sparse_16,17,63,16,4,0.1,0.23424005985915694,0.23426388983077845,0.0006850948475429705,True,"4,7,9,12"
paper,sparse_16,29,0,16,4,0.1,0.14963036567790178,0.14894722913537273,0.00027622278339090034,True,"1,6,12,14"
paper,sparse_16,29,1,16,4,0.1,0.1331110486038163,0.13275164304137835,0.00022016655296364096,True,"4,11,13,14"
paper,sparse_16,29,2,16,4,0.1,0.1889083897510415,0.18910079333499397,0.0004461735448702542,True,"4,6,10,13"
paper,sparse_16,29,3,16,4,0.1,0.1929575040385589,0.19301381738644924,0.0004655646990412987,True,"2,9,11,15"
paper,sparse_16,29,4,16,4,0.1,0.10337254376894495,0.10357904576591566,0.0001338249944598524,True,"8,9,12,15"
paper,sparse_16,29,5,16,4,0.1,0.21912712301715345,0.21874939930296664,0.0005970231668764592,True,"1,4,8,13"
paper,sparse_16,29,6,16,4,0.1,0.13244532352973554,0.13256544179454297,0.00021900427059423633,True,"4,8,10,13"
paper,sparse_16,29,7,16,4,0.1,0.12218208930419927,0.12076517184658725,0.00018223609612988412,True,"8,12,13,14"
paper,sparse_16,29,8,16,4,0.1,0.14578502487291128,0.1457718757445187,0.00026492885150578016,True,"8,10,12,13"
paper,sparse_16,29,9,16,4,0.1,0.1644960381653195,0.16457528692493756,0.00033836412484147815,True,"8,9,10,11"
paper,sparse_16,29,10,16,4,0.1,0.2163184970002036,0.21576225645026423,0.0005812611819140667,True,"6,9,11,14"
paper,sparse_16,29,11,16,4,0.1,0.09479087971276744,0.09155425960206147,0.00010462170286326677,True,"2,6,11,14"
paper,sparse_16,29,12,16,4,0.1,0.2723504112534811,0.2689325133009246,0.0009028021571168693,True,"1,2,8,11"
paper,sparse_16,29,13,16,4,0.1,0.1559802333431206,0.15017643482211265,0.00028098934337073,True,"2,6,14,15"
paper,sparse_16,29,14,16,4,0.1,0.08219882524514933,0.08217413050411003,8.403921363075995e-05,True,"1,9,11,14"
paper,sparse_16,29,15,16,4,0.1,0.16828263312878253,0.16723530938191816,0.00034763189664552274,True,"1,6,9,14"
paper,sparse_16,29,16,16,4,0.1,0.17375041872078187,0.17718054844503933,0.0003922577098587898,True,"10,11,12,13"
paper,sparse_16,29,17,16,4,0.1,0.19875394498038773,0.19840161753789032,0.0004917468813337433,True,"1,2,14,15"
paper,sparse_16,29,18,16,4,0.1,0.08318849669576568,0.08314992583652267,8.606267012034596e-05,True,"1,2,9,11"
paper,sparse_16,29,19,16,4,0.1,0.14645556100146948,0.14668813976832956,0.00026865298862524534,True,"2,8,9,13"
paper,sparse_16,29,20,16,4,0.1,0.24267792661448537,0.24305207167648535,0.0007378918777291021,True,"4,10,11,14"
paper,sparse_16,29,21,16,4,0.1,0.036953926905810015,0.03785112699925014,1.7900857054164998e-05,True,"6,8,11,13"
paper,sparse_16,29,22,16,4,0.1,0.22465531276207534,0.22445252888389253,0.000629496630823588,True,"4,6,8,9"
paper,sparse_16,29,23,16,4,0.1,0.13763458233738654,0.13651847661188177,0.00023283679006702585,True,"2,12,13,14"
paper,sparse_16,29,24,16,4,0.1,0.025350953898152225,0.02517761185477181,7.920189545596035e-06,True,"8,10,14,15"
paper,sparse_16,29,25,16,4,0.1,0.10848265259823014,0.10855082366705153,0.00014719718975825247,True,"2,12,13,15"
paper,sparse_16,29,26,16,4,0.1,0.20090366276356672,0.20378233373461171,0.0005184144475761099,True,"2,4,10,11"
paper,sparse_16,29,27,16,4,0.1,0.13259088520476428,0.13200939028447412,0.000217698562654578,True,"4,8,13,14"
paper,sparse_16,29,28,16,4,0.1,0.20233671616579446,0.20206154244651597,0.0005101021018982244,True,"4,8,12,15"
paper,sparse_16,29,29,16,4,0.1,0.10767497266728511,0.10857391485277774,0.00014724057186255024,True,"9,12,13,14"
paper,sparse_16,29,30,16,4,0.1,0.13330671210596348,0.13380286071185846,0.00022371710343155327,True,"9,10,13,14"
paper,sparse_16,29,31,16,4,0.1,0.15063148178665478,0.1510130648122176,0.00028342183459925674,True,"1,6,8,11"
paper,sparse_16,29,32,16,4,0.1,0.27534008612646826,0.27537618739931785,0.000947593109173972,True,"1,2,10,11"
paper,sparse_16,29,33,16,4,0.1,0.2735930492058622,0.27358619407550705,0.0009347181782869418,True,"2,4,6,9"
paper,sparse_16,29,34,16,4,0.1,0.12237705302546135,0.1223429327743581,0.00018690211481689478,True,"9,10,13,15"
paper,sparse_16,29,35,16,4,0.1,0.2205631546493371,0.22019065964632087,0.0006057889708632747,True,"1,8,10,13"
paper,sparse_16,29,36,16,4,0.1,0.12265929432938816,0.1210562581353672,0.00018309024048612788,True,"11,12,13,14"
paper,sparse_16,29,37,16,4,0.1,0.1740656401218218,0.17285236536574072,0.00037311226297731537,True,"4,11,13,15"
paper,sparse_16,29,38,16,4,0.1,0.12728888768100036,0.12716524267755044,0.00020199401218795598,True,"2,10,12,15"
paper,sparse_16,29,39,16,4,0.1,0.2400156896846756,0.2401000667321284,0.0007204385114921164,True,"2,10,11,14"
paper,sparse_16,29,40,16,4,0.1,0.256405932015815,0.25648300806903407,0.0008216494473489658,True,"1,2,8,12"
paper,sparse_16,29,41,16,4,0.1,0.23390475597225352,0.2331410143108628,0.0006792725134580277,True,"4,6,9,14"
paper,sparse_16,29,42,16,4,0.1,0.17126726098314457,0.1713278081428304,0.0003667993416791582,True,"2,6,9,14"
paper,sparse_16,29,43,16,4,0.1,0.18787742609402025,0.18745957742680502,0.0004389691866719114,True,"1,4,8,14"
paper,sparse_16,29,44,16,4,0.1,0.131612602323127,0.1275950418776675,0.00020302381013681536,True,"6,8,11,15"
paper,sparse_16,29,45,16,4,0.1,0.18234435014877276,0.1821384892530429,0.00041446903988268113,True,"1,6,11,15"
paper,sparse_16,29,46,16,4,0.1,0.193682080569155,0.19408207323863977,0.00047074339242131336,True,"1,2,13,15"
paper,sparse_16,29,47,16,4,0.1,0.33817571352819437,0.338385607323582,0.00143110788632754,True,"1,4,10,12"
paper,sparse_16,29,48,16,4,0.1,0.06305367845991054,0.06305208646825146,4.958114199565822e-05,True,"2,9,11,14"
paper,sparse_16,29,49,16,4,0.1,0.1924486361893402,0.1929396281680914,0.0004646999641041427,True,"2,4,10,13"
paper,sparse_16,29,50,16,4,0.1,0.1739595746889489,0.17432136845025728,0.00037898590409468635,True,"2,9,11,12"
paper,sparse_16,29,51,16,4,0.1,0.24942918621861737,0.24979244363079556,0.000779626366885694,True,"1,11,12,15"
paper,sparse_16,29,52,16,4,0.1,0.15890201500225293,0.15925080455399,0.0003163323372386839,True,"9,10,12,14"
paper,sparse_16,29,53,16,4,0.1,0.19724482066906607,0.19739654696974257,0.00048663821731870227,True,"1,2,4,6"
paper,sparse_16,29,54,16,4,0.1,0.14620862619381728,0.14206981910671573,0.0002517531329601086,True,"2,11,13,15"
paper,sparse_16,29,55,16,4,0.1,0.21987373741193625,0.21994728179934156,0.0006041911757073692,True,"9,12,14,15"
paper,sparse_16,29,56,16,4,0.1,0.1362286312936797,0.1361406992067132,0.00023153593540176098,True,"2,4,6,8"
paper,sparse_16,29,57,16,4,0.1,0.2881255959867956,0.28816145886864736,0.0010371675208034337,True,"1,6,10,11"
paper,sparse_16,29,58,16,4,0.1,0.1474834635342888,0.14696787261420147,0.00026989134205049337,True,"9,11,12,15"
paper,sparse_16,29,59,16,4,0.1,0.19698725659163288,0.19662141835138944,0.00048296231585026606,True,"6,8,9,13"
paper,sparse_16,29,60,16,4,0.1,0.07336748185534767,0.07354508603956417,6.752831304634999e-05,True,"2,6,8,13"
paper,sparse_16,29,61,16,4,0.1,0.20429153016230567,0.20430742854797362,0.0005216793995013735,True,"1,4,6,11"
paper,sparse_16,29,62,16,4,0.1,0.1421256656658852,0.13572234825976914,0.00022947997220536254,True,"11,13,14,15"
paper,sparse_16,29,63,16,4,0.1,0.1308364163452743,0.13070849750629493,0.00021282574544578825,True,"8,10,12,15"
paper,sparse_16,43,0,16,4,0.1,0.1250056018043279,0.12492114803119443,0.000195008926325263,True,"0,5,6,13"
paper,sparse_16,43,1,16,4,0.1,0.18191568879266248,0.18177627743679367,0.0004125479801667109,True,"3,5,8,12"
paper,sparse_16,43,2,16,4,0.1,0.2088846901561265,0.20925298584887028,0.0005466984610722203,True,"3,8,11,12"
paper,sparse_16,43,3,16,4,0.1,0.040933456349462334,0.04035784369941763,2.034540139936314e-05,True,"0,6,8,12"
paper,sparse_16,43,4,16,4,0.1,0.20588024103385721,0.20588735785667622,0.000529735476869797,True,"0,3,11,14"
paper,sparse_16,43,5,16,4,0.1,0.041398511119159966,0.04137601143365539,2.1273806396548967e-05,True,"3,6,10,14"
paper,sparse_16,43,6,16,4,0.1,0.10838224845763472,0.10793703173754743,0.00014555736498705896,True,"6,13,14,15"
paper,sparse_16,43,7,16,4,0.1,0.16617594502919802,0.16528863218138276,0.0003411000644943374,True,"8,10,11,12"
paper,sparse_16,43,8,16,4,0.1,0.06339292427453518,0.06324127809316367,4.9973787606905073e-05,True,"0,9,12,13"
paper,sparse_16,43,9,16,4,0.1,0.033464047080043455,0.03288371734501735,1.3497780712579122e-05,True,"0,8,11,12"
paper,sparse_16,43,10,16,4,0.1,0.18402690644505676,0.18390671062348035,0.00042259563129459776,True,"3,9,12,15"
paper,sparse_16,43,11,16,4,0.1,0.08064806631289685,0.07737374968416981,7.421398246615363e-05,True,"0,3,10,11"
paper,sparse_16,43,12,16,4,0.1,0.15991465122505358,0.1598355195031787,0.00031926593242687096,True,"5,9,12,14"
paper,sparse_16,43,13,16,4,0.1,0.17953006702751115,0.17938406097050297,0.0004021248208104511,True,"0,5,8,13"
paper,sparse_16,43,14,16,4,0.1,0.22458160141955127,0.22441332729064242,0.0006293202994976099,True,"3,8,9,15"
paper,sparse_16,43,15,16,4,0.1,0.17737692175594177,0.17723998368495575,0.0003926054706857862,True,"8,10,12,14"
paper,sparse_16,43,16,16,4,0.1,0.20976642648189972,0.20976539292217142,0.0005498456456540235,True,"0,3,9,11"
paper,sparse_16,43,17,16,4,0.1,0.15142853673128914,0.1515361903429347,0.0002865616786641989,True,"3,8,11,14"
paper,sparse_16,43,18,16,4,0.1,0.15549997730139037,0.15541752570251907,0.0003018428505757176,True,"0,5,13,15"
paper,sparse_16,43,19,16,4,0.1,0.21405317365186194,0.21308183862518804,0.0005669507262101581,True,"3,8,10,11"
paper,sparse_16,43,20,16,4,0.1,0.0691960542762637,0.06900569550812212,5.949453895717771e-05,True,"0,6,9,10"
paper,sparse_16,43,21,16,4,0.1,0.1369842790062069,0.13639603135221562,0.00023249536673106141,True,"9,11,12,14"
paper,sparse_16,43,22,16,4,0.1,0.21315844848050988,0.212640106611072,0.0005649725265528538,True,"8,11,13,15"
paper,sparse_16,43,23,16,4,0.1,0.21477562817097645,0.21468333679432536,0.0005758764055293075,True,"0,3,11,13"
paper,sparse_16,43,24,16,4,0.1,0.14730187412033074,0.147254189662771,0.0002709637784182317,True,"5,10,13,15"
paper,sparse_16,43,25,16,4,0.1,0.10515175778065568,0.10429366567126136,0.0001357838348008955,True,"0,8,11,15"
paper,sparse_16,43,26,16,4,0.1,0.13973373567928463,0.13942015655463535,0.00024245007803208596,True,"6,9,11,13"
paper,sparse_16,43,27,16,4,0.1,0.13486214849285555,0.1313349617066497,0.00021545120877802804,True,"0,5,8,14"
paper,sparse_16,43,28,16,4,0.1,0.14465276277414138,0.1446153845800999,0.00026134145235123807,True,"5,9,13,15"
paper,sparse_16,43,29,16,4,0.1,0.1354464360020232,0.13500142831864154,0.00022776131014556888,True,"8,9,12,14"
paper,sparse_16,43,30,16,4,0.1,0.04100410799271578,0.040877094891235644,2.0879537593332387e-05,True,"6,9,10,12"
paper,sparse_16,43,31,16,4,0.1,0.14570391285795267,0.14565970905783357,0.00026513137543829335,True,"5,6,12,15"
paper,sparse_16,43,32,16,4,0.1,0.05375659050064354,0.05245986646739992,3.439318334980124e-05,True,"0,3,10,12"
paper,sparse_16,43,33,16,4,0.1,0.1664434868028934,0.16143346793886357,0.0003006069364530628,True,"3,6,12,15"
paper,sparse_16,43,34,16,4,0.1,0.1450628590723172,0.14501584341880838,0.00026279216838920316,True,"5,6,13,15"
paper,sparse_16,43,35,16,4,0.1,0.13335554207731862,0.13321977706042348,0.00022179135954336626,True,"0,10,13,14"
paper,sparse_16,43,36,16,4,0.1,0.19199210303248246,0.1919017124192306,0.0004600181480149401,True,"5,8,13,14"
paper,sparse_16,43,37,16,4,0.1,0.1451797776347208,0.14514503300514808,0.00026326037643351063,True,"5,6,9,15"
paper,sparse_16,43,38,16,4,0.1,0.13114786193424044,0.13104880451651973,0.00021462430286189882,True,"0,9,12,14"
paper,sparse_16,43,39,16,4,0.1,0.12660612280793357,0.12494549567045071,0.0001949561722750237,True,"0,5,8,10"
paper,sparse_16,43,40,16,4,0.1,0.11203548288126362,0.11197873071374205,0.00015669752411429094,True,"5,6,9,12"
paper,sparse_16,43,41,16,4,0.1,0.15170473611435387,0.14946038249963792,0.0002792415184109387,True,"5,8,10,12"
paper,sparse_16,43,42,16,4,0.1,0.10411423720772696,0.10346376549599241,0.00013370319835934175,True,"0,8,12,15"
paper,sparse_16,43,43,16,4,0.1,0.14714458214994708,0.14651844298594555,0.0002663722572962268,True,"5,11,12,15"
paper,sparse_16,43,44,16,4,0.1,0.057555709251433336,0.056844236167648485,4.035290161519267e-05,True,"0,6,9,11"
paper,sparse_16,43,45,16,4,0.1,0.14874583937402042,0.1473675104906396,0.00027127436581864117,True,"8,12,13,14"
paper,sparse_16,43,46,16,4,0.1,0.15033703947917662,0.1464934881510728,0.0002609099220406974,True,"0,3,5,15"
paper,sparse_16,43,47,16,4,0.1,0.050396790479977076,0.05011419534727295,3.1353504013953426e-05,True,"0,9,11,12"
paper,sparse_16,43,48,16,4,0.1,0.122989949463141,0.12061373261599477,0.000181769086322503,True,"8,9,13,15"
paper,sparse_16,43,49,16,4,0.1,0.11484838745766798,0.11475859068612129,0.00016456897281136307,True,"5,9,10,12"
paper,sparse_16,43,50,16,4,0.1,0.17010940069381295,0.16967574244080894,0.0003597494533760376,True,"5,8,9,14"
paper,sparse_16,43,51,16,4,0.1,0.11063547883870026,0.10985939140492561,0.0001497488290971294,True,"0,8,13,15"
paper,sparse_16,43,52,16,4,0.1,0.1992161006613673,0.19877281802701505,0.0004933321768914867,True,"5,9,10,11"
paper,sparse_16,43,53,16,4,0.1,0.20289570661614453,0.20255283089563134,0.0005121640727317189,True,"0,3,8,12"
paper,sparse_16,43,54,16,4,0.1,0.16919795139561425,0.1689653263400216,0.00035462662577573356,True,"3,13,14,15"
paper,sparse_16,43,55,16,4,0.1,0.21846869201555072,0.21822319542435353,0.00059507102954659,True,"11,12,13,14"
paper,sparse_16,43,56,16,4,0.1,0.06810274211322452,0.0679237300669578,5.764261412544158e-05,True,"0,9,10,13"
paper,sparse_16,43,57,16,4,0.1,0.2118354947832384,0.21120698197472176,0.0005571976738859286,True,"0,10,11,14"
paper,sparse_16,43,58,16,4,0.1,0.1116999830262701,0.1109381016965158,0.00015363806986160022,True,"0,9,11,15"
paper,sparse_16,43,59,16,4,0.1,0.14834215706816176,0.14767869522935007,0.000272486893209134,True,"5,6,8,15"
paper,sparse_16,43,60,16,4,0.1,0.04350477702193389,0.04244023417237181,2.2493015132796224e-05,True,"0,6,8,11"
paper,sparse_16,43,61,16,4,0.1,0.20668401937897538,0.20647807654898404,0.0005326784271496299,True,"3,8,10,12"
paper,sparse_16,43,62,16,4,0.1,0.2018817040889666,0.20184832888105234,0.000509211839156809,True,"0,3,9,14"
paper,sparse_16,43,63,16,4,0.1,0.1451267815177767,0.144562891392849,0.0002601811579604485,True,"0,13,14,15"
paper,sparse_16,71,0,16,4,0.1,0.15946565213134056,0.15943391947433336,0.0003176023802022865,True,"3,4,9,10"
paper,sparse_16,71,1,16,4,0.1,0.15517050258322485,0.1550984223704073,0.0003006853792321684,True,"7,11,14,15"
paper,sparse_16,71,2,16,4,0.1,0.17145309225676691,0.17144748766369716,0.0003671921498029085,True,"5,9,13,14"
paper,sparse_16,71,3,16,4,0.1,0.165119849432689,0.1652369537294981,0.0003407069466849766,True,"3,10,13,15"
paper,sparse_16,71,4,16,4,0.1,0.1197036348321778,0.11968892197950358,0.00017902675762432319,True,"0,11,12,14"
paper,sparse_16,71,5,16,4,0.1,0.09184414640223472,0.09186810796320673,0.00010545947852208526,True,"5,11,13,14"
paper,sparse_16,71,6,16,4,0.1,0.12115402835176697,0.12113385235077367,0.00018337467507029137,True,"0,11,12,13"
paper,sparse_16,71,7,16,4,0.1,0.1874034297845272,0.18738524653477426,0.0004387278826705199,True,"5,9,11,13"
paper,sparse_16,71,8,16,4,0.1,0.1319617898266742,0.13184049739339906,0.00021697742851320423,True,"0,5,7,10"
paper,sparse_16,71,9,16,4,0.1,0.12160468418965299,0.12155517229478262,0.0001846864502847989,True,"5,7,11,14"
paper,sparse_16,71,10,16,4,0.1,0.18677614768914547,0.18676450778032866,0.0004356821930020516,True,"5,7,9,13"
paper,sparse_16,71,11,16,4,0.1,0.15263090983549338,0.1527863594464418,0.00029141140942148813,True,"3,4,7,10"
paper,sparse_16,71,12,16,4,0.1,0.13296661869199056,0.13290913605572785,0.0002208009440797798,True,"5,7,14,15"
paper,sparse_16,71,13,16,4,0.1,0.13116355098544183,0.13108911315044475,0.00021480017778663374,True,"4,7,10,11"
paper,sparse_16,71,14,16,4,0.1,0.15788236393312446,0.15782194611596892,0.00031129446012295725,True,"3,4,5,7"
paper,sparse_16,71,15,16,4,0.1,0.10772431560633695,0.10804248749787806,0.00014584638037878905,True,"3,4,5,14"
paper,sparse_16,71,16,16,4,0.1,0.18296306942714172,0.18281192102414417,0.00041766790047215174,True,"0,7,11,15"
paper,sparse_16,71,17,16,4,0.1,0.11158592892638279,0.11173608852997569,0.000156025351463418,True,"0,3,10,14"
paper,sparse_16,71,18,16,4,0.1,0.12010507361985691,0.12067648364795934,0.00018170224689920134,True,"0,3,7,14"
paper,sparse_16,71,19,16,4,0.1,0.09578009102647204,0.09576480964202994,0.00011459867113500222,True,"0,11,13,14"
paper,sparse_16,71,20,16,4,0.1,0.15793240968135955,0.15792433039344597,0.00031171928401887983,True,"9,11,14,15"
paper,sparse_16,71,21,16,4,0.1,0.14542136377966156,0.14539319000681594,0.00026421357549916147,True,"5,7,9,11"
paper,sparse_16,71,22,16,4,0.1,0.12006247336834967,0.1203512374321791,0.00018096690363894608,True,"0,4,12,14"
paper,sparse_16,71,23,16,4,0.1,0.21073735110338077,0.2106966808686675,0.0005546961037606879,True,"9,11,13,15"
paper,sparse_16,71,24,16,4,0.1,0.10407883908414542,0.10430961371006076,0.00013597324378822329,True,"3,5,12,13"
paper,sparse_16,71,25,16,4,0.1,0.11086037092528234,0.1109627838344496,0.00015384174269972295,True,"0,3,7,15"
paper,sparse_16,71,26,16,4,0.1,0.10504709587797761,0.10500439354774883,0.00013781594336154113,True,"4,5,10,11"
paper,sparse_16,71,27,16,4,0.1,0.21149843159117587,0.21143735988928583,0.0005583450839717063,True,"3,5,13,15"
paper,sparse_16,71,28,16,4,0.1,0.10338093332771447,0.10338973087687947,0.0001335756308765701,True,"0,5,11,13"
paper,sparse_16,71,29,16,4,0.1,0.13232042366917818,0.13231611670933424,0.00021881657572031532,True,"5,9,10,15"
paper,sparse_16,71,30,16,4,0.1,0.13857012078501116,0.1376128589212331,0.00023536845279947816,True,"3,9,12,14"
paper,sparse_16,71,31,16,4,0.1,0.17048621733032582,0.16890167256133362,0.00035660137204407416,True,"3,9,10,15"
paper,sparse_16,71,32,16,4,0.1,0.14817008399391104,0.1481992506322287,0.00027431896465546224,True,"5,11,12,15"
paper,sparse_16,71,33,16,4,0.1,0.17354648442006299,0.17720075696266063,0.00039027767234511845,True,"0,3,9,14"
paper,sparse_16,71,34,16,4,0.1,0.15633218713277244,0.15628475032327208,0.0003049644287080877,True,"0,7,9,10"
paper,sparse_16,71,35,16,4,0.1,0.17973119366012594,0.17970493575343213,0.0004035795622366889,True,"3,9,14,15"
paper,sparse_16,71,36,16,4,0.1,0.14143257195991304,0.1413579567335574,0.0002485956838833292,True,"4,10,11,12"
paper,sparse_16,71,37,16,4,0.1,0.16609584462495874,0.16573695232720168,0.00034322238857556475,True,"3,7,11,15"
paper,sparse_16,71,38,16,4,0.1,0.12422400090025663,0.12434112871929562,0.00019315153505061744,True,"0,4,11,14"
paper,sparse_16,71,39,16,4,0.1,0.19044615152527736,0.19064863076957753,0.0004538947319712161,True,"4,12,14,15"
paper,sparse_16,71,40,16,4,0.1,0.18733894964238615,0.18724507932292164,0.0004380787986799639,True,"4,9,13,15"
paper,sparse_16,71,41,16,4,0.1,0.1667171791381834,0.17616857975806507,0.0003844125999517001,True,"0,3,9,13"
paper,sparse_16,71,42,16,4,0.1,0.14483966746217083,0.14398879592552535,0.0002589476923453571,True,"0,3,5,9"
paper,sparse_16,71,43,16,4,0.1,0.17374914284967874,0.18122554818237152,0.00041050616576232546,True,"7,9,10,12"
paper,sparse_16,71,44,16,4,0.1,0.11815419758659972,0.118372008812008,0.00017510710652118844,True,"0,3,5,10"
paper,sparse_16,71,45,16,4,0.1,0.11118529557328903,0.11137472159230727,0.0001549809266603308,True,"0,3,4,14"
paper,sparse_16,71,46,16,4,0.1,0.09834130610973223,0.09855526627766714,0.00012139225528562392,True,"0,5,12,13"
paper,sparse_16,71,47,16,4,0.1,0.17149600434114412,0.17148349148912115,0.0003675321546920962,True,"3,9,11,14"
paper,sparse_16,71,48,16,4,0.1,0.14822219825252278,0.1481447137600982,0.00027414144808257657,True,"0,3,7,10"
paper,sparse_16,71,49,16,4,0.1,0.13255916061906028,0.1324843176277287,0.00021939357341729804,True,"4,5,7,11"
paper,sparse_16,71,50,16,4,0.1,0.1433027778272056,0.1431898897997839,0.0002559919440848768,True,"0,5,10,15"
paper,sparse_16,71,51,16,4,0.1,0.09042336047106297,0.09052404556824964,0.00010241718721254456,True,"0,12,13,14"
paper,sparse_16,71,52,16,4,0.1,0.13579004855782592,0.1358185009385997,0.00023042031605408075,True,"0,7,12,15"
paper,sparse_16,71,53,16,4,0.1,0.14689587442757432,0.1467745752969287,0.00026908693017022034,True,"0,5,14,15"
paper,sparse_16,71,54,16,4,0.1,0.10071305031916063,0.10064776979630527,0.0001265334607437052,True,"5,9,11,14"
paper,sparse_16,71,55,16,4,0.1,0.13834183394968677,0.13838561643765313,0.0002393445736326716,True,"10,11,12,13"
paper,sparse_16,71,56,16,4,0.1,0.023625041212248215,0.03500621320217682,1.5313538396871662e-05,True,"0,9,12,15"
paper,sparse_16,71,57,16,4,0.1,0.20609452994217475,0.20607341183980935,0.0005302627622142952,True,"3,5,9,13"
paper,sparse_16,71,58,16,4,0.1,0.13357945902057294,0.1339823796905146,0.00022352745992254563,True,"5,7,12,14"
paper,sparse_16,71,59,16,4,0.1,0.1533093902909187,0.15164909050275444,0.00028743497006131213,True,"3,10,12,15"
paper,sparse_16,71,60,16,4,0.1,0.08520265267164177,0.08535266034896473,9.103770363672048e-05,True,"0,3,5,14"
paper,sparse_16,71,61,16,4,0.1,0.14343689955822658,0.14387469632354172,0.00025832347127432986,True,"0,7,12,14"
paper,sparse_16,71,62,16,4,0.1,0.1348427790241041,0.13483421405548074,0.00022722355989654441,True,"9,10,14,15"
paper,sparse_16,71,63,16,4,0.1,0.15548290771443016,0.1537576081888679,0.00029549776488813073,True,"3,5,12,15"
paper,sparse_16,97,0,16,4,0.1,0.2468719713123021,0.24659840892854182,0.0007593861799420065,True,"7,10,12,14"
paper,sparse_16,97,1,16,4,0.1,0.19673556808909956,0.1967461116525516,0.0004838116448523666,True,"0,5,6,8"
paper,sparse_16,97,2,16,4,0.1,0.08170720371778702,0.08165714000343174,8.330772417788901e-05,True,"4,6,10,12"
paper,sparse_16,97,3,16,4,0.1,0.21947452184667532,0.21954283178692835,0.0006012570631040992,True,"5,12,13,14"
paper,sparse_16,97,4,16,4,0.1,0.12634415560961879,0.12367029352013674,0.00019098362486494325,True,"6,10,12,15"
paper,sparse_16,97,5,16,4,0.1,0.09046843629983402,0.09036139218497338,0.0001018373399858663,True,"0,5,7,12"
paper,sparse_16,97,6,16,4,0.1,0.23112121696240373,0.23071918879686443,0.0006651115211837311,True,"4,6,7,14"
paper,sparse_16,97,7,16,4,0.1,0.22213914186608366,0.22238528243033331,0.0006170955322162275,True,"8,13,14,15"
paper,sparse_16,97,8,16,4,0.1,0.2581401860966523,0.25769676367088834,0.0008291027469446988,True,"4,6,7,10"
paper,sparse_16,97,9,16,4,0.1,0.07854075957514885,0.0783747581260198,7.673494697518768e-05,True,"0,6,10,12"
paper,sparse_16,97,10,16,4,0.1,0.023428954411756093,0.023817798500402474,7.08692264797528e-06,True,"0,4,6,14"
paper,sparse_16,97,11,16,4,0.1,0.27872494675782156,0.27917042918626434,0.0009714513282082227,True,"0,7,10,12"
paper,sparse_16,97,12,16,4,0.1,0.14138747313126684,0.14154745383229195,0.00024965547593069903,True,"6,12,13,15"
paper,sparse_16,97,13,16,4,0.1,0.1803720157369401,0.17906796911934794,0.00040045605788210925,True,"4,6,8,14"
paper,sparse_16,97,14,16,4,0.1,0.1102830201056645,0.1080320894130907,0.00014579878414970604,True,"0,12,14,15"
paper,sparse_16,97,15,16,4,0.1,0.20140705115450258,0.2020824078369934,0.0005094651935232813,True,"0,1,10,15"
paper,sparse_16,97,16,16,4,0.1,0.17610252168525925,0.17650301192065335,0.00038884804554159547,True,"0,1,10,14"
paper,sparse_16,97,17,16,4,0.1,0.25470138250777946,0.25338994013287297,0.0008021419021024961,True,"1,5,6,14"
paper,sparse_16,97,18,16,4,0.1,0.10621836587877655,0.10650023659940969,0.00014116584688872447,True,"0,10,13,14"
paper,sparse_16,97,19,16,4,0.1,0.26184639555109124,0.2613556027310535,0.000852695496150746,True,"4,7,10,12"
paper,sparse_16,97,20,16,4,0.1,0.10978992836042477,0.1090431345177494,0.0001484932725167032,True,"0,1,10,13"
paper,sparse_16,97,21,16,4,0.1,0.21320644523467802,0.21243346138958927,0.000564032676868248,True,"0,8,10,15"
paper,sparse_16,97,22,16,4,0.1,0.24274310185187653,0.24250842442310885,0.0007345662777248352,True,"7,8,10,14"
paper,sparse_16,97,23,16,4,0.1,0.19757842735418163,0.19772992201320555,0.0004863121202788867,True,"1,4,10,13"
paper,sparse_16,97,24,16,4,0.1,0.13494021348086252,0.13522669695576253,0.00022844262608973098,True,"5,6,7,13"
paper,sparse_16,97,25,16,4,0.1,0.13325598857435964,0.1321106451699033,0.00021793918779688948,True,"4,5,6,12"
paper,sparse_16,97,26,16,4,0.1,0.09482752239960486,0.09476700971451035,0.00011220935089786832,True,"5,6,8,12"
paper,sparse_16,97,27,16,4,0.1,0.29008211217004415,0.28969771432481745,0.0010481209629681632,True,"4,7,10,14"
paper,sparse_16,97,28,16,4,0.1,0.2280347842510244,0.22797156811726058,0.0006491898944868679,True,"6,7,14,15"
paper,sparse_16,97,29,16,4,0.1,0.2664525003198563,0.26467628371249347,0.0008747741860053448,True,"1,5,10,12"
paper,sparse_16,97,30,16,4,0.1,0.2441915808177449,0.24424684990149076,0.0007452883621044126,True,"1,5,6,8"
paper,sparse_16,97,31,16,4,0.1,0.10224018127163399,0.10258510385357121,0.00013038727098785285,True,"0,4,12,13"
paper,sparse_16,97,32,16,4,0.1,0.19205028233604785,0.1904642259645955,0.0004530258695741307,True,"0,7,13,15"
paper,sparse_16,97,33,16,4,0.1,0.2443709770293486,0.24408349145130137,0.0007440150093530884,True,"6,7,10,13"
paper,sparse_16,97,34,16,4,0.1,0.20389800000186703,0.20244198337537464,0.0005116225885692383,True,"0,1,13,15"
paper,sparse_16,97,35,16,4,0.1,0.22935423774619623,0.22926790332484218,0.0006567405088702682,True,"7,8,13,15"
paper,sparse_16,97,36,16,4,0.1,0.26217793186905297,0.2621564633819151,0.0008585928603367377,True,"5,7,14,15"
paper,sparse_16,97,37,16,4,0.1,0.11055313118905773,0.11057101817856223,0.00015278549859859547,True,"1,7,8,13"
paper,sparse_16,97,38,16,4,0.1,0.05447898250684302,0.05430033356985307,3.685312168152932e-05,True,"0,4,6,12"
paper,sparse_16,97,39,16,4,0.1,0.21550731104932275,0.2149457967303789,0.0005775020034063105,True,"0,5,10,15"
paper,sparse_16,97,40,16,4,0.1,0.20556336470769138,0.20499577628155524,0.000525026549988053,True,"0,4,8,15"
paper,sparse_16,97,41,16,4,0.1,0.06553343322340956,0.065528699575514,5.365612241649276e-05,True,"0,4,6,10"
paper,sparse_16,97,42,16,4,0.1,0.17618934816504914,0.1756161817075999,0.0003852548757690144,True,"0,4,5,13"
paper,sparse_16,97,43,16,4,0.1,0.1680297938357342,0.16532928614427517,0.00034035524731224065,True,"1,5,12,15"
paper,sparse_16,97,44,16,4,0.1,0.10608833968880638,0.1059186745021154,0.00013996642738745707,True,"0,1,5,7"
paper,sparse_16,97,45,16,4,0.1,0.12976610615000356,0.1301591171745915,0.0002114713122433054,True,"5,8,14,15"
paper,sparse_16,97,46,16,4,0.1,0.2038630574243268,0.20238110772189039,0.0005117084440587338,True,"4,5,10,14"
paper,sparse_16,97,47,16,4,0.1,0.3015614219018842,0.30206473501749204,0.0011393270683600076,True,"5,7,10,12"
paper,sparse_16,97,48,16,4,0.1,0.2081676021804423,0.20782762403027036,0.0005391677208235746,True,"7,8,10,12"
paper,sparse_16,97,49,16,4,0.1,0.21669743876934625,0.21316866061470627,0.0005666105752878403,True,"0,7,14,15"
paper,sparse_16,97,50,16,4,0.1,0.11808462098647964,0.11765831048062612,0.00017268252407193208,True,"5,7,10,13"
paper,sparse_16,97,51,16,4,0.1,0.1622346945427047,0.16153710222126316,0.00032598305040443254,True,"5,7,12,13"
paper,sparse_16,97,52,16,4,0.1,0.10721228115657683,0.10680778640856368,0.0001423275544028546,True,"0,1,6,7"
paper,sparse_16,97,53,16,4,0.1,0.11509510919786553,0.11521899353177295,0.00016562513880466478,True,"5,6,8,14"
paper,sparse_16,97,54,16,4,0.1,0.21848670042084137,0.21500869412518572,0.0005775979749104154,True,"4,5,14,15"
paper,sparse_16,97,55,16,4,0.1,0.16824523522993878,0.1679697329712747,0.0003524356557463304,True,"1,4,8,12"
paper,sparse_16,97,56,16,4,0.1,0.12199894292839994,0.12203298132372227,0.0001860897804110695,True,"5,6,12,15"
paper,sparse_16,97,57,16,4,0.1,0.1635900445850717,0.1601891634898675,0.00031986723142540113,True,"1,4,7,15"
paper,sparse_16,97,58,16,4,0.1,0.1739700245686845,0.17368772568265006,0.00037698628977275717,True,"6,7,12,14"
paper,sparse_16,97,59,16,4,0.1,0.20787168989873467,0.20818786127215333,0.0005407990977755184,True,"0,8,10,13"
paper,sparse_16,97,60,16,4,0.1,0.21003320494360628,0.20960030870874843,0.0005486669956139278,True,"0,8,12,15"
paper,sparse_16,97,61,16,4,0.1,0.24827827403332586,0.24794329971088155,0.0007676534713141336,True,"7,10,12,13"
paper,sparse_16,97,62,16,4,0.1,0.18747942622367697,0.18756665972519623,0.0004394470186530469,True,"0,5,10,14"
paper,sparse_16,97,63,16,4,0.1,0.11232743678530928,0.11153347093538886,0.0001552954676607432,True,"4,6,7,12"
paper,sparse_25,17,0,25,5,0.1,0.1676848218892672,0.16769157873712937,0.0002811260563233553,True,"2,4,10,21,23"
paper,sparse_25,17,1,25,5,0.1,0.18154366954895632,0.18187392411008285,0.0003306608172481962,True,"4,10,14,20,22"
paper,sparse_25,17,2,25,5,0.1,0.2008232030382222,0.2011016795637633,0.00040410973295756936,True,"0,9,15,20,23"
paper,sparse_25,17,3,25,5,0.1,0.2313396645560279,0.23140992857885467,0.0005349298724002319,True,"1,3,4,16,20"
paper,sparse_25,17,4,25,5,0.1,0.11470971116594757,0.11470181608288398,0.0001314272302179731,True,"11,15,16,18,22"
paper,sparse_25,17,5,25,5,0.1,0.15990901345174924,0.16424757126728942,0.0002693161333323646,True,"7,15,18,20,24"
paper,sparse_25,17,6,25,5,0.1,0.13507691244166226,0.13507939963303775,0.0001824305147740679,True,"3,10,14,19,23"
paper,sparse_25,17,7,25,5,0.1,0.1348144883268232,0.13473044562978007,0.00018141309566593877,True,"0,9,11,19,22"
paper,sparse_25,17,8,25,5,0.1,0.16111556666315555,0.1610015813753043,0.0002590671563618696,True,"3,7,10,15,16"
paper,sparse_25,17,9,25,5,0.1,0.21836048027883245,0.21851629710753612,0.0004773387295071707,True,"4,10,14,18,24"
paper,sparse_25,17,10,25,5,0.1,0.14364677965363387,0.14524108365220334,0.00021092104438558135,True,"2,15,16,22,24"
paper,sparse_25,17,11,25,5,0.1,0.13577705232375278,0.13585141783570062,0.00018425903279667422,True,"9,14,17,18,19"
paper,sparse_25,17,12,25,5,0.1,0.17930311897493267,0.1794604710541606,0.00032174540272103536,True,"0,1,17,19,22"
paper,sparse_25,17,13,25,5,0.1,0.1206110504813237,0.12087025789567662,0.00014590249542100614,True,"0,4,14,19,20"
paper,sparse_25,17,14,25,5,0.1,0.14872759974966354,0.14939319308884294,0.000223065965355429,True,"0,2,17,18,23"
paper,sparse_25,17,15,25,5,0.1,0.13620979831027089,0.13643864479441817,0.00018551765811153365,True,"7,10,11,16,17"
paper,sparse_25,17,16,25,5,0.1,0.13866179529354733,0.13882410704982412,0.00019252726787066972,True,"1,3,9,14,18"
paper,sparse_25,17,17,25,5,0.1,0.16278282735944824,0.16287170241187912,0.00026522841056234037,True,"0,10,11,23,24"
paper,sparse_25,17,18,25,5,0.1,0.10394851742501307,0.10420177803901536,0.00010811349089895339,True,"4,11,17,18,19"
paper,sparse_25,17,19,25,5,0.1,0.1077639297607924,0.10763625478338887,0.00011583130028836042,True,"0,3,9,18,24"
paper,sparse_25,17,20,25,5,0.1,0.0946658900749778,0.09459713640091359,8.934916406433402e-05,True,"7,9,15,18,24"
paper,sparse_25,17,21,25,5,0.1,0.22607511334189473,0.22625131552582425,0.0005116581763342232,True,"9,11,14,19,23"
paper,sparse_25,17,22,25,5,0.1,0.1525628033270089,0.15266936560064312,0.00023298615472838735,True,"2,4,14,20,21"
paper,sparse_25,17,23,25,5,0.1,0.13958480567631093,0.13985425170949417,0.00019548160871140502,True,"2,9,18,21,22"
paper,sparse_25,17,24,25,5,0.1,0.12010719919540547,0.12036751686934974,0.00014468810637824348,True,"0,2,4,14,20"
paper,sparse_25,17,25,25,5,0.1,0.2264841605749287,0.22657859750039697,0.0005132970407599746,True,"3,11,15,18,24"
paper,sparse_25,17,26,25,5,0.1,0.15440944656534875,0.15448299722695974,0.000238561790794789,True,"3,7,9,11,22"
paper,sparse_25,17,27,25,5,0.1,0.19748497641959856,0.1975123307053181,0.0003899870150375073,True,"9,10,11,22,23"
paper,sparse_25,17,28,25,5,0.1,0.17858427170026145,0.17861116634561247,0.00031894166717619243,True,"4,11,18,20,23"
paper,sparse_25,17,29,25,5,0.1,0.20949827465699128,0.20956580133035907,0.0004390702986081796,True,"1,2,11,19,22"
paper,sparse_25,17,30,25,5,0.1,0.17649255737677697,0.17615857378562666,0.00031018258661813514,True,"3,9,11,14,20"
paper,sparse_25,17,31,25,5,0.1,0.2026289931712294,0.20254983186945955,0.0004100067392522333,True,"3,4,14,15,18"
paper,sparse_25,17,32,25,5,0.1,0.10747123062448011,0.10782366696667336,0.00011616634323274866,True,"2,4,7,9,18"
paper,sparse_25,17,33,25,5,0.1,0.11609514919258081,0.11603536013590059,0.0001345851518132768,True,"9,11,15,19,22"
paper,sparse_25,17,34,25,5,0.1,0.17314873133471875,0.1731546713063874,0.00029973351874269805,True,"0,1,10,15,17"
paper,sparse_25,17,35,25,5,0.1,0.15995269608097162,0.1603828622595205,0.00025648261284533236,True,"2,4,10,14,18"
paper,sparse_25,17,36,25,5,0.1,0.18736889474284818,0.18748127433106238,0.0003512126218666034,True,"4,7,9,17,18"
paper,sparse_25,17,37,25,5,0.1,0.11092278215591544,0.11084429964510528,0.00012280023292587927,True,"0,1,20,22,23"
paper,sparse_25,17,38,25,5,0.1,0.23060372911000082,0.23060204279083324,0.0005311866689042127,True,"1,2,4,9,15"
paper,sparse_25,17,39,25,5,0.1,0.16412593002778827,0.16409687052676752,0.00026905826382822573,True,"0,2,9,10,16"
paper,sparse_25,17,40,25,5,0.1,0.20475525769176658,0.20488732401954296,0.00041962890755664617,True,"4,14,20,23,24"
paper,sparse_25,17,41,25,5,0.1,0.1417248458619273,0.14219108909837072,0.00020140709245575206,True,"0,2,4,10,16"
paper,sparse_25,17,42,25,5,0.1,0.16160003693220867,0.16169558089325328,0.00026140923789907955,True,"0,1,10,15,24"
paper,sparse_25,17,43,25,5,0.1,0.21084076199966054,0.21084294163825248,0.0004444508482374099,True,"1,15,17,20,24"
paper,sparse_25,17,44,25,5,0.1,0.1086731692049088,0.1083811706799171,0.00011737420346381172,True,"10,14,16,18,24"
paper,sparse_25,17,45,25,5,0.1,0.1889608959084116,0.18902926559806407,0.00035726025473847844,True,"0,10,15,21,24"
paper,sparse_25,17,46,25,5,0.1,0.1450862617852699,0.14504884682473734,0.00021013993081812898,True,"4,9,11,18,22"
paper,sparse_25,17,47,25,5,0.1,0.1355323139384156,0.13576453965567942,0.0001841570922990199,True,"2,4,14,18,20"
paper,sparse_25,17,48,25,5,0.1,0.10517848697909012,0.10531941760654893,0.0001108575969048925,True,"0,15,18,20,22"
paper,sparse_25,17,49,25,5,0.1,0.11192267439237427,0.11189788903089891,0.00012518943541395267,True,"2,10,14,15,20"
paper,sparse_25,17,50,25,5,0.1,0.10767834126333363,0.10797527236822389,0.00011652197869799208,True,"4,7,10,23,24"
paper,sparse_25,17,51,25,5,0.1,0.19280857269510163,0.19308009947248927,0.00037269628017222445,True,"0,3,10,11,17"
paper,sparse_25,17,52,25,5,0.1,0.14427935514239618,0.14460968984417738,0.0002087858825097766,True,"1,14,15,16,18"
paper,sparse_25,17,53,25,5,0.1,0.14754108271428135,0.15902849581539494,0.00025291037816965733,True,"4,9,14,15,20"
paper,sparse_25,17,54,25,5,0.1,0.11235780079834166,0.11234528606794411,0.00012616915496194148,True,"7,14,15,17,19"
paper,sparse_25,17,55,25,5,0.1,0.17019060710079337,0.17027765042287313,0.00028989060792738996,True,"4,7,14,18,19"
paper,sparse_25,17,56,25,5,0.1,0.2129204318686962,0.2129640572907917,0.000453459256351596,True,"7,11,14,20,24"
paper,sparse_25,17,57,25,5,0.1,0.20073776103340824,0.20104079672190034,0.00040382296657248684,True,"1,4,9,21,22"
paper,sparse_25,17,58,25,5,0.1,0.22809825243423593,0.22804349393408452,0.000520002656900137,True,"15,17,20,22,24"
paper,sparse_25,17,59,25,5,0.1,0.10391385922245773,0.10407833733224803,0.00010829210647167464,True,"3,7,10,18,21"
paper,sparse_25,17,60,25,5,0.1,0.11316744271112901,0.11354447646226692,0.00012860635207057047,True,"2,10,14,20,21"
paper,sparse_25,17,61,25,5,0.1,0.12246082927105537,0.12244334622280892,0.00014991024562215072,True,"14,19,20,21,22"
paper,sparse_25,17,62,25,5,0.1,0.1605887000921885,0.16095026645520377,0.0002589361846822985,True,"16,17,18,19,23"
paper,sparse_25,17,63,25,5,0.1,0.17380472457505233,0.17399761798962302,0.000302414717154198,True,"0,9,17,19,21"
paper,sparse_25,29,0,25,5,0.1,0.17671302931652655,0.1771090849206884,0.0003133863494246547,True,"1,10,19,21,24"
paper,sparse_25,29,1,25,5,0.1,0.06229578960490279,0.061704342545723045,3.804731015520646e-05,True,"4,6,13,16,17"
paper,sparse_25,29,2,25,5,0.1,0.10746297522583095,0.10827469325288057,0.00011713398486196125,True,"3,12,13,18,20"
paper,sparse_25,29,3,25,5,0.1,0.1425415333488467,0.14252412155240085,0.00020307970337546388,True,"11,13,15,19,21"
paper,sparse_25,29,4,25,5,0.1,0.0962908681246371,0.09585138671810357,9.16405347821253e-05,True,"4,11,19,20,23"
paper,sparse_25,29,5,25,5,0.1,0.1053178282287402,0.10531605023486741,0.00011087757373334783,True,"2,4,14,21,24"
paper,sparse_25,29,6,25,5,0.1,0.10058219269451621,0.10041203030058153,0.00010078922824177661,True,"1,4,12,21,22"
paper,sparse_25,29,7,25,5,0.1,0.05423457010683425,0.05371169539679168,2.8847001453558008e-05,True,"11,12,14,16,17"
paper,sparse_25,29,8,25,5,0.1,0.10030348374139385,0.10010826479574554,0.0001001943701757213,True,"12,13,16,21,22"
paper,sparse_25,29,9,25,5,0.1,0.09488607132370179,0.0943852180992233,8.768416756912978e-05,True,"13,19,20,21,24"
paper,sparse_25,29,10,25,5,0.1,0.15683403883355565,0.15664982015802906,0.0002408861112742633,True,"3,4,10,15,22"
paper,sparse_25,29,11,25,5,0.1,0.13933326302329638,0.13934722159921414,0.00019412812297253668,True,"2,13,14,21,23"
paper,sparse_25,29,12,25,5,0.1,0.09012821918553772,0.09010761823128702,8.117911393901167e-05,True,"1,12,21,23,24"
paper,sparse_25,29,13,25,5,0.1,0.1859728181140413,0.18666267759148567,0.0003482343664531484,True,"1,2,3,6,24"
paper,sparse_25,29,14,25,5,0.1,0.1972659559450594,0.1972600097254717,0.00038902824728248575,True,"2,10,17,18,22"
paper,sparse_25,29,15,25,5,0.1,0.07602145299340789,0.07534169211045615,5.650147483529655e-05,True,"3,12,14,16,19"
paper,sparse_25,29,16,25,5,0.1,0.13669702983806195,0.13673385193281248,0.0001867292784338559,True,"4,6,11,19,20"
paper,sparse_25,29,17,25,5,0.1,0.123808409600104,0.1233896725214282,0.00015187837694888295,True,"11,12,17,19,22"
paper,sparse_25,29,18,25,5,0.1,0.1617685848309049,0.16160698112135594,0.000254621758164042,True,"4,10,11,23,24"
paper,sparse_25,29,19,25,5,0.1,0.20208631504245173,0.2021007125104853,0.000408373560849995,True,"2,3,18,19,22"
paper,sparse_25,29,20,25,5,0.1,0.10961157625183045,0.10939309197209054,0.0001196510961645747,True,"3,4,16,21,22"
paper,sparse_25,29,21,25,5,0.1,0.11612982743299266,0.11589986948111915,0.00013422980640687143,True,"2,6,16,17,23"
paper,sparse_25,29,22,25,5,0.1,0.09652028129824759,0.09651978666109806,9.314807537497138e-05,True,"2,3,4,10,17"
paper,sparse_25,29,23,25,5,0.1,0.050409545485783025,0.050415277665511696,2.5406223986335075e-05,True,"2,12,15,21,23"
paper,sparse_25,29,24,25,5,0.1,0.11392446269066497,0.11351993868189422,0.00012837013989897006,True,"14,16,19,21,22"
paper,sparse_25,29,25,25,5,0.1,0.20581718689825765,0.2058610229853763,0.00042294108023660515,True,"2,3,12,16,23"
paper,sparse_25,29,26,25,5,0.1,0.1735789369821748,0.17403752306140444,0.0003025490909617512,True,"6,14,17,20,22"
paper,sparse_25,29,27,25,5,0.1,0.10757067033021944,0.10656397984735011,0.00011351081903993032,True,"15,16,18,21,23"
paper,sparse_25,29,28,25,5,0.1,0.14954168063058798,0.14953718979368552,0.00019911220749152525,True,"2,12,15,20,22"
paper,sparse_25,29,29,25,5,0.1,0.10466447359000565,0.10428051672887984,0.00010775025250346626,True,"11,12,19,21,24"
paper,sparse_25,29,30,25,5,0.1,0.05936506657274075,0.057965463106768124,3.3592094176200515e-05,True,"1,4,12,14,23"
paper,sparse_25,29,31,25,5,0.1,0.09503907799470211,0.0948277196440192,8.988774714391301e-05,True,"3,16,18,21,23"
paper,sparse_25,29,32,25,5,0.1,0.0830760738881541,0.08126411738425589,6.602039468206478e-05,True,"3,11,16,17,23"
paper,sparse_25,29,33,25,5,0.1,0.0905028381754913,0.0904831185898334,8.181504602028378e-05,True,"6,13,16,18,23"
paper,sparse_25,29,34,25,5,0.1,0.15028574331731312,0.14695260113680522,0.00021554765691972344,True,"1,6,14,20,23"
paper,sparse_25,29,35,25,5,0.1,0.11968692583551603,0.12011274208698663,0.00014411024696892039,True,"11,12,18,20,23"
paper,sparse_25,29,36,25,5,0.1,0.09884765035681352,0.09885196649267311,9.767661530179356e-05,True,"3,15,16,19,24"
paper,sparse_25,29,37,25,5,0.1,0.08871475155257642,0.08869854287353181,7.865934009693154e-05,True,"4,6,10,18,22"
paper,sparse_25,29,38,25,5,0.1,0.06773929733290027,0.06530857341217113,4.262795053866508e-05,True,"1,3,14,17,23"
paper,sparse_25,29,39,25,5,0.1,0.06631598112048122,0.06575966758414564,4.296665993780424e-05,True,"4,12,14,19,21"
paper,sparse_25,29,40,25,5,0.1,0.11216700686705561,0.11224170609069958,0.00012592476086331628,True,"14,15,16,19,24"
paper,sparse_25,29,41,25,5,0.1,0.122822741392072,0.12263737554793232,0.00015002582286116617,True,"10,15,17,20,23"
paper,sparse_25,29,42,25,5,0.1,0.1893645765084078,0.1892811889913827,0.00035740248619141324,True,"2,3,6,11,24"
paper,sparse_25,29,43,25,5,0.1,0.11405266234046582,0.11403689995324144,0.00013002836927122896,True,"3,14,15,19,24"
paper,sparse_25,29,44,25,5,0.1,0.1382565786299449,0.1381329013226191,0.00018983319648188668,True,"4,6,12,14,20"
paper,sparse_25,29,45,25,5,0.1,0.0868034158339894,0.08531895448955142,7.273252907857852e-05,True,"2,10,11,16,17"
paper,sparse_25,29,46,25,5,0.1,0.14051644746885023,0.13681575017917888,0.00018685580199676033,True,"10,16,18,21,23"
paper,sparse_25,29,47,25,5,0.1,0.1553357246980278,0.1527463639392509,0.000233089888776572,True,"11,14,15,17,22"
paper,sparse_25,29,48,25,5,0.1,0.11140498139168965,0.11142037361389073,0.00012392069715250285,True,"1,4,10,12,18"
paper,sparse_25,29,49,25,5,0.1,0.15408373894938354,0.15377153390907475,0.00023626557964612216,True,"11,18,20,22,23"
paper,sparse_25,29,50,25,5,0.1,0.18095899632158977,0.18101476398804575,0.0003275835528655513,True,"4,10,18,19,21"
paper,sparse_25,29,51,25,5,0.1,0.11003688565192106,0.10841114270066474,0.00011747252244277695,True,"3,13,14,15,21"
paper,sparse_25,29,52,25,5,0.1,0.12839079882002905,0.12838917800823405,0.0001647964473182606,True,"2,13,15,19,20"
paper,sparse_25,29,53,25,5,0.1,0.12190659984523942,0.12178250421491113,0.0001369426632509274,True,"1,13,15,17,22"
paper,sparse_25,29,54,25,5,0.1,0.18332362752155704,0.18339925791353445,0.0003362512986423982,True,"6,16,18,21,24"
paper,sparse_25,29,55,25,5,0.1,0.092324063286906,0.09232089837413911,8.52130052568234e-05,True,"6,11,14,15,17"
paper,sparse_25,29,56,25,5,0.1,0.11439252601139567,0.11420628245656923,0.00013034542005339878,True,"2,6,11,17,23"
paper,sparse_25,29,57,25,5,0.1,0.13065249922802302,0.12540333751694702,0.00015716610180865898,True,"1,10,11,12,14"
paper,sparse_25,29,58,25,5,0.1,0.19301634259219216,0.19459465302592588,0.00037834451028601057,True,"3,6,13,18,24"
paper,sparse_25,29,59,25,5,0.1,0.1365499295982357,0.13610477517053393,0.00018513651065768522,True,"3,11,18,21,24"
paper,sparse_25,29,60,25,5,0.1,0.14422840451342933,0.14388523187523647,0.0001201741761683861,True,"1,12,15,16,20"
paper,sparse_25,29,61,25,5,0.1,0.16211722112730761,0.16213078457608915,0.00026221521273050996,True,"1,10,12,16,24"
paper,sparse_25,29,62,25,5,0.1,0.17401262805323267,0.17403312057900006,0.00030283122406077334,True,"4,6,10,12,16"
paper,sparse_25,29,63,25,5,0.1,0.08874371180238445,0.08852615090105703,7.835196759278795e-05,True,"11,16,17,20,24"
paper,sparse_25,43,0,25,5,0.1,0.086712517961209,0.0864581638402379,7.469531227807802e-05,True,"0,6,10,16,19"
paper,sparse_25,43,1,25,5,0.1,0.15678279971589307,0.15679326930094387,0.0002457930463348676,True,"3,6,13,17,22"
paper,sparse_25,43,2,25,5,0.1,0.12304833865166441,0.12305165721881633,0.00015141689999803587,True,"0,11,13,20,22"
paper,sparse_25,43,3,25,5,0.1,0.10542686621521109,0.10527252825859684,0.0001108006560574526,True,"2,3,12,17,22"
paper,sparse_25,43,4,25,5,0.1,0.10009302275693478,0.1000946620449169,0.00010012851608420803,True,"3,10,11,14,21"
paper,sparse_25,43,5,25,5,0.1,0.09913358884618909,0.09912584598766616,9.825521842166118e-05,True,"13,17,18,19,23"
paper,sparse_25,43,6,25,5,0.1,0.12052551656529231,0.12076578417905454,0.00014570849586847956,True,"2,16,17,21,22"
paper,sparse_25,43,7,25,5,0.1,0.08980347880802167,0.08929632414196063,7.948853745115558e-05,True,"0,6,7,16,21"
paper,sparse_25,43,8,25,5,0.1,0.08791062925510457,0.08800126219680496,7.74312108390296e-05,True,"2,15,17,18,23"
paper,sparse_25,43,9,25,5,0.1,0.07080613070803753,0.07052653629393615,4.972790608459565e-05,True,"6,10,21,22,24"
paper,sparse_25,43,10,25,5,0.1,0.09909316065349362,0.09399924854276748,8.730585828709003e-05,True,"0,2,13,15,18"
paper,sparse_25,43,11,25,5,0.1,0.08888644311500635,0.08881527253404958,7.885400319407321e-05,True,"12,13,18,21,23"
paper,sparse_25,43,12,25,5,0.1,0.14817917195006994,0.14816767514865256,0.00021949237891327744,True,"3,6,14,16,24"
paper,sparse_25,43,13,25,5,0.1,0.10418817837649307,0.10419613673209602,0.00010856772700387762,True,"0,13,16,18,21"
paper,sparse_25,43,14,25,5,0.1,0.13984416261411844,0.13974747557099887,0.00019524201259418783,True,"2,6,10,14,18"
paper,sparse_25,43,15,25,5,0.1,0.11179699708296613,0.11167094604665592,0.00012450614635795,True,"3,12,19,20,22"
paper,sparse_25,43,16,25,5,0.1,0.1468645213564169,0.14683794089829308,0.00021556621502250017,True,"2,3,6,14,15"
paper,sparse_25,43,17,25,5,0.1,0.15254252643124536,0.15241870449911848,0.00023210157210934446,True,"2,10,15,16,19"
paper,sparse_25,43,18,25,5,0.1,0.13845860793401019,0.13829762436761622,0.00019116398377971855,True,"6,10,14,17,20"
paper,sparse_25,43,19,25,5,0.1,0.12716729893920684,0.12714799388293474,0.00016163482764330883,True,"3,7,14,17,20"
paper,sparse_25,43,20,25,5,0.1,0.10476049986572131,0.10481649095972174,0.00010984179337272804,True,"3,7,15,16,17"
paper,sparse_25,43,21,25,5,0.1,0.14588690163247994,0.14597832465843613,0.00021296222085086247,True,"3,13,14,19,24"
paper,sparse_25,43,22,25,5,0.1,0.10269627212327984,0.103045864330013,0.00010617758983832992,True,"10,11,12,15,16"
paper,sparse_25,43,23,25,5,0.1,0.1036643207948216,0.1029063089926329,0.00010512128079795402,True,"0,7,10,13,23"
paper,sparse_25,43,24,25,5,0.1,0.15451796411007893,0.1546029801876376,0.00023895092460574086,True,"10,14,15,21,22"
paper,sparse_25,43,25,25,5,0.1,0.10397885301345211,0.10397854280717761,0.00010810988446430247,True,"12,13,14,21,23"
paper,sparse_25,43,26,25,5,0.1,0.1272130557780414,0.1276436880069067,0.00016289958947091066,True,"10,12,13,15,17"
paper,sparse_25,43,27,25,5,0.1,0.10917753586813897,0.10917263369279076,0.0001191843500113754,True,"0,6,7,17,19"
paper,sparse_25,43,28,25,5,0.1,0.12696050459921307,0.12350562429226142,0.00015179935686385204,True,"3,12,15,19,23"
paper,sparse_25,43,29,25,5,0.1,0.0857312317257644,0.08573418128805772,7.339510958889739e-05,True,"6,18,19,22,24"
paper,sparse_25,43,30,25,5,0.1,0.0942507027645972,0.09425018635233302,8.882633054546618e-05,True,"12,13,14,18,23"
paper,sparse_25,43,31,25,5,0.1,0.12277380159605973,0.12276612203874374,0.00015071453109155586,True,"6,7,11,13,20"
paper,sparse_25,43,32,25,5,0.1,0.1261892216907495,0.12600626905309661,0.00015873700989060824,True,"2,6,15,17,18"
paper,sparse_25,43,33,25,5,0.1,0.15429401675785526,0.1540656806768754,0.00023728359454106007,True,"0,3,10,17,23"
paper,sparse_25,43,34,25,5,0.1,0.1482075621500596,0.14782256417722944,0.00021832703728513758,True,"7,10,14,20,22"
paper,sparse_25,43,35,25,5,0.1,0.11605385060856384,0.11604210052302207,0.00013463396675117423,True,"2,12,18,19,24"
paper,sparse_25,43,36,25,5,0.1,0.11338224685186857,0.11337550389005621,0.00012848872457529859,True,"2,18,19,20,21"
paper,sparse_25,43,37,25,5,0.1,0.13793981231665386,0.13743725351420186,0.00018835109989295828,True,"0,10,18,20,23"
paper,sparse_25,43,38,25,5,0.1,0.11099784090299836,0.11090060800114201,0.00012297310537556783,True,"13,14,21,22,24"
paper,sparse_25,43,39,25,5,0.1,0.0973292296325455,0.09732429036395711,9.46184322901944e-05,True,"3,6,19,22,23"
paper,sparse_25,43,40,25,5,0.1,0.07938468238393741,0.079387745095304,6.300911323264824e-05,True,"2,7,14,15,24"
paper,sparse_25,43,41,25,5,0.1,0.10448840606051919,0.10447823743431497,0.00010915192391663942,True,"0,7,14,17,20"
paper,sparse_25,43,42,25,5,0.1,0.09618214701186703,0.09588466121914768,9.183348060087804e-05,True,"12,13,18,19,20"
paper,sparse_25,43,43,25,5,0.1,0.12208287115315768,0.12208785258185019,0.00014905346240445816,True,"6,13,16,19,22"
paper,sparse_25,43,44,25,5,0.1,0.10990151249809126,0.10989805920807713,0.00012077425441225573,True,"11,16,18,20,21"
paper,sparse_25,43,45,25,5,0.1,0.09878467548559795,0.099195412879329,9.783126648915674e-05,True,"2,6,13,19,23"
paper,sparse_25,43,46,25,5,0.1,0.11615586877750496,0.1162828921483135,0.00013510607655953244,True,"3,15,21,22,24"
paper,sparse_25,43,47,25,5,0.1,0.09939617433919805,0.09937635260357451,9.866729392715712e-05,True,"17,18,19,23,24"
paper,sparse_25,43,48,25,5,0.1,0.12780711781652004,0.12772969557006286,0.00016310815420772506,True,"6,16,17,18,24"
paper,sparse_25,43,49,25,5,0.1,0.1348442298818243,0.13471008449445662,0.00018141545450223173,True,"0,2,10,14,17"
paper,sparse_25,43,50,25,5,0.1,0.1110206915888102,0.1110220753069202,0.00012325334149099199,True,"11,15,18,20,21"
paper,sparse_25,43,51,25,5,0.1,0.15312123142783518,0.1531365693572176,0.0002344552834244451,True,"3,11,12,16,23"
paper,sparse_25,43,52,25,5,0.1,0.15120695164102996,0.15122158066340485,0.0002286351724380964,True,"0,3,16,17,23"
paper,sparse_25,43,53,25,5,0.1,0.10610147327112718,0.10606723640716233,0.000112476510961107,True,"2,21,22,23,24"
paper,sparse_25,43,54,25,5,0.1,0.1514951705040645,0.15150675887469417,0.0002294925529479075,True,"0,3,13,16,17"
paper,sparse_25,43,55,25,5,0.1,0.052118577053929555,0.052494826119225256,2.749483311992318e-05,True,"0,2,7,13,19"
paper,sparse_25,43,56,25,5,0.1,0.17328975785272976,0.17369892478882176,0.00030153244395364487,True,"6,10,13,14,17"
paper,sparse_25,43,57,25,5,0.1,0.1914048336367295,0.19008978169171872,0.0003613328953241679,True,"3,10,12,13,21"
paper,sparse_25,43,58,25,5,0.1,0.11754382400033729,0.11699827966978538,0.00013676211812854722,True,"2,7,13,15,22"
paper,sparse_25,43,59,25,5,0.1,0.09610938196957385,0.09579136949301706,9.171303516467e-05,True,"6,7,10,14,22"
paper,sparse_25,43,60,25,5,0.1,0.11829715946836496,0.11829337955647994,0.0001398758038929082,True,"2,12,19,22,23"
paper,sparse_25,43,61,25,5,0.1,0.12944960642390646,0.12945696740057752,0.000167589143857505,True,"12,13,15,22,23"
paper,sparse_25,43,62,25,5,0.1,0.1423963654806896,0.142400799324007,0.00020274445159765286,True,"0,2,16,20,22"
paper,sparse_25,43,63,25,5,0.1,0.05382662823755365,0.05395502940070382,2.9110526062248177e-05,True,"10,12,14,19,21"
paper,sparse_25,71,0,25,5,0.1,0.13801048678949765,0.1380036081826607,0.00019039751670925364,True,"1,4,12,14,16"
paper,sparse_25,71,1,25,5,0.1,0.13799754220143035,0.1381694787580236,0.00019086597486839274,True,"2,13,18,19,21"
paper,sparse_25,71,2,25,5,0.1,0.11957125069835213,0.12014070151021304,0.0001435986116731791,True,"2,7,18,22,24"
paper,sparse_25,71,3,25,5,0.1,0.14302331004254074,0.14302119185400508,0.00020441603197135505,True,"1,16,18,19,20"
paper,sparse_25,71,4,25,5,0.1,0.15713329418412134,0.1572397970166896,0.0002472206547157185,True,"0,4,6,19,24"
paper,sparse_25,71,5,25,5,0.1,0.1559642295583255,0.1560401447751299,0.0002434306846919032,True,"13,16,18,23,24"
paper,sparse_25,71,6,25,5,0.1,0.12536944489453958,0.12549352314061815,0.00015705061573140222,True,"0,10,11,12,16"
paper,sparse_25,71,7,25,5,0.1,0.12694847317414712,0.1269616935115704,0.00016114839773892498,True,"4,7,10,11,18"
paper,sparse_25,71,8,25,5,0.1,0.14613675776872118,0.1461418154919995,0.0002135337977884344,True,"4,7,11,22,24"
paper,sparse_25,71,9,25,5,0.1,0.12982519531795675,0.13002723791924273,0.00016902390517281596,True,"3,10,12,21,22"
paper,sparse_25,71,10,25,5,0.1,0.16372638987120153,0.16372092748046,0.00026750035235476033,True,"4,11,12,13,19"
paper,sparse_25,71,11,25,5,0.1,0.12338054873271485,0.12333453624603449,0.00015207654912052782,True,"2,3,10,16,23"
paper,sparse_25,71,12,25,5,0.1,0.14287254251267947,0.14291245575740402,0.00020419519358716443,True,"0,2,13,16,18"
paper,sparse_25,71,13,25,5,0.1,0.19143140547539286,0.1914138355583959,0.00036623924359677207,True,"0,6,16,20,23"
paper,sparse_25,71,14,25,5,0.1,0.104609217329918,0.10461100690349007,0.0001091595765482789,True,"1,3,7,10,22"
paper,sparse_25,71,15,25,5,0.1,0.17349057277314753,0.17232976739527314,0.0002964899960762324,True,"0,3,14,19,24"
paper,sparse_25,71,16,25,5,0.1,0.17852118233993344,0.1785682008080232,0.0003187329327822286,True,"10,12,16,20,24"
paper,sparse_25,71,17,25,5,0.1,0.1677617159537253,0.1676266770576998,0.0002808281426028292,True,"0,3,21,23,24"
paper,sparse_25,71,18,25,5,0.1,0.09368662912579166,0.09394669360224864,8.80439730447935e-05,True,"10,11,14,19,21"
paper,sparse_25,71,19,25,5,0.1,0.13576491892068077,0.1359730284227877,0.0001839663918880574,True,"0,1,6,12,14"
paper,sparse_25,71,20,25,5,0.1,0.10192345262023066,0.10175636977029943,0.00010351361626104172,True,"0,1,10,13,19"
paper,sparse_25,71,21,25,5,0.1,0.16681596198422372,0.16683662291788887,0.0002781634893738172,True,"0,2,7,21,23"
paper,sparse_25,71,22,25,5,0.1,0.2522172321379933,0.25242363761621994,0.0006367492947107478,True,"0,3,13,19,22"
paper,sparse_25,71,23,25,5,0.1,0.1106031943256078,0.11080727577672718,0.0001227205632028383,True,"3,7,21,22,24"
paper,sparse_25,71,24,25,5,0.1,0.15910762328947795,0.1593110167027999,0.00025364612263256703,True,"2,12,14,18,22"
paper,sparse_25,71,25,25,5,0.1,0.13748748806103628,0.13811516396381437,0.00019060486122912668,True,"2,6,16,18,23"
paper,sparse_25,71,26,25,5,0.1,0.1542004634798302,0.1556791918170076,0.00024234487698776563,True,"7,18,20,21,23"
paper,sparse_25,71,27,25,5,0.1,0.13226328939651413,0.13226764072177477,0.00017484630097197584,True,"2,3,14,23,24"
paper,sparse_25,71,28,25,5,0.1,0.09986045035610897,0.10008610191978369,0.00010004320996967464,True,"3,13,14,19,21"
paper,sparse_25,71,29,25,5,0.1,0.10805697802794312,0.10800479616436395,0.0001166272731246143,True,"2,7,12,19,21"
paper,sparse_25,71,30,25,5,0.1,0.11470748410881963,0.11449068268460315,0.00013100397598209135,True,"4,10,13,14,21"
paper,sparse_25,71,31,25,5,0.1,0.16437240414510093,0.16476320153956178,0.00027142148791670095,True,"4,6,11,12,21"
paper,sparse_25,71,32,25,5,0.1,0.11901734404799173,0.11899010473054758,0.00014150867588613725,True,"0,10,13,16,18"
paper,sparse_25,71,33,25,5,0.1,0.1331236248267778,0.13304484229952193,0.00017673495048009524,True,"3,4,18,19,22"
paper,sparse_25,71,34,25,5,0.1,0.0724232970606352,0.0724224445707283,5.2436757386864485e-05,True,"0,2,7,16,24"
paper,sparse_25,71,35,25,5,0.1,0.18715243083501082,0.18715309818765713,0.00034869332129286446,True,"0,1,3,12,21"
paper,sparse_25,71,36,25,5,0.1,0.12391857684591388,0.12391816363472803,0.00015346196931584344,True,"0,1,13,14,18"
paper,sparse_25,71,37,25,5,0.1,0.15660577578992238,0.1566032166584527,0.0002451475469907871,True,"2,4,16,20,21"
paper,sparse_25,71,38,25,5,0.1,0.052124807633182745,0.05108184923349961,2.6079365131270738e-05,True,"1,3,4,10,16"
paper,sparse_25,71,39,25,5,0.1,0.09813143451381816,0.09698511235847894,9.403724550915982e-05,True,"3,6,10,11,24"
paper,sparse_25,71,40,25,5,0.1,0.17024953676920646,0.17137104073713647,0.00029366573588635037,True,"1,19,20,22,24"
paper,sparse_25,71,41,25,5,0.1,0.11196414980984129,0.11224180543310168,0.00012593186099196796,True,"10,11,14,16,23"
paper,sparse_25,71,42,25,5,0.1,0.14417155594291087,0.14424403993756843,0.00020802005452186245,True,"0,1,11,18,23"
paper,sparse_25,71,43,25,5,0.1,0.23332887832681345,0.2328240062863812,0.0005412326365744208,True,"0,3,16,19,22"
paper,sparse_25,71,44,25,5,0.1,0.10118405503538586,0.10115133777142712,0.00010222775225110503,True,"1,7,10,11,12"
paper,sparse_25,71,45,25,5,0.1,0.10223709919182603,0.10222033324048536,0.00010443007854002428,True,"4,6,12,13,19"
paper,sparse_25,71,46,25,5,0.1,0.05970948472582617,0.059833243581569044,3.5634326381983605e-05,True,"2,13,18,22,23"
paper,sparse_25,71,47,25,5,0.1,0.11291973433207944,0.11306927541227589,0.00012781256361793503,True,"10,12,14,18,24"
paper,sparse_25,71,48,25,5,0.1,0.14510103956326895,0.14510471853534782,0.00020940198532903853,True,"0,10,11,12,21"
paper,sparse_25,71,49,25,5,0.1,0.05119824604793903,0.051271854589467154,2.6261733681198773e-05,True,"2,13,18,19,22"
paper,sparse_25,71,50,25,5,0.1,0.1401986997041778,0.14035567996987133,0.00019694177698570403,True,"1,3,13,14,20"
paper,sparse_25,71,51,25,5,0.1,0.1141878760175095,0.1098943036846225,0.00011993511604074802,True,"4,10,11,16,18"
paper,sparse_25,71,52,25,5,0.1,0.1406385340503701,0.1408548882958077,0.00019828623660654576,True,"2,6,7,19,24"
paper,sparse_25,71,53,25,5,0.1,0.10575374165203981,0.10575613282351205,0.00011182755579172698,True,"2,7,16,22,24"
paper,sparse_25,71,54,25,5,0.1,0.14921910929734605,0.15123892450033827,0.00022871239372665442,True,"6,10,18,20,23"
paper,sparse_25,71,55,25,5,0.1,0.11817209096232072,0.11816013454882808,0.00013954678307767643,True,"0,7,13,16,18"
paper,sparse_25,71,56,25,5,0.1,0.1859118150115308,0.18589923345352996,0.0003453869219767203,True,"0,19,20,23,24"
paper,sparse_25,71,57,25,5,0.1,0.09317924480323587,0.0906256301155347,8.21181366563728e-05,True,"1,3,4,10,12"
paper,sparse_25,71,58,25,5,0.1,0.09746260866356576,0.09763745989384576,9.522394056578343e-05,True,"6,10,11,13,21"
paper,sparse_25,71,59,25,5,0.1,0.1686418698594018,0.16852355993846677,0.00028393057446368664,True,"0,2,7,21,24"
paper,sparse_25,71,60,25,5,0.1,0.12623718298878817,0.12641871580881123,0.00015938806836529595,True,"4,6,7,10,12"
paper,sparse_25,71,61,25,5,0.1,0.14579260735811955,0.14582567286998258,0.00021261905140534942,True,"4,7,11,12,18"
paper,sparse_25,71,62,25,5,0.1,0.15326487337238984,0.1532692677808782,0.00023485179236071296,True,"1,18,20,22,24"
paper,sparse_25,71,63,25,5,0.1,0.16365193730898284,0.16376489355427232,0.00026801207046539544,True,"0,6,11,13,19"
paper,sparse_25,97,0,25,5,0.1,0.21971069277998706,0.2249702123225405,0.0005057767300146732,True,"6,12,17,19,21"
paper,sparse_25,97,1,25,5,0.1,0.13747511004985702,0.13012798537106562,0.0001686448640420002,True,"0,7,12,21,22"
paper,sparse_25,97,2,25,5,0.1,0.12301840855977902,0.13386914148489112,0.00014670368150625918,True,"8,12,14,21,22"
paper,sparse_25,97,3,25,5,0.1,0.05318271812894617,0.05323800858584412,2.833538351949827e-05,True,"9,16,19,20,23"
paper,sparse_25,97,4,25,5,0.1,0.09011910081028063,0.10169833161303002,8.790105186981534e-05,True,"3,5,12,16,17"
paper,sparse_25,97,5,25,5,0.1,0.16020508632021266,0.15995312207775345,0.00025559300741062607,True,"3,8,14,17,23"
paper,sparse_25,97,6,25,5,0.1,0.14998897558806792,0.11881674821331746,0.00012064847050480276,True,"0,12,13,19,22"
paper,sparse_25,97,7,25,5,0.1,0.16848993253973898,0.16567427970961865,0.00027427499910909203,True,"3,9,12,15,19"
paper,sparse_25,97,8,25,5,0.1,0.2505154704120245,0.25046424952067814,0.0006180342125865768,True,"8,12,14,20,24"
paper,sparse_25,97,9,25,5,0.1,0.11484738725829687,0.11428202964104762,0.00013055937263173334,True,"0,3,16,22,23"
paper,sparse_25,97,10,25,5,0.1,0.23702994626018045,0.2365974211998068,0.0005596354674856641,True,"6,8,9,16,22"
paper,sparse_25,97,11,25,5,0.1,0.04421436046854305,0.039364586661070226,1.548208277662999e-05,True,"0,5,6,16,22"
paper,sparse_25,97,12,25,5,0.1,0.1890065526001827,0.1879177180610707,0.00035034503268877026,True,"0,6,8,14,22"
paper,sparse_25,97,13,25,5,0.1,0.07792464662695855,0.07649413179695531,5.849905918037246e-05,True,"0,5,9,13,16"
paper,sparse_25,97,14,25,5,0.1,0.18685153798901985,0.18664602095655408,0.00034818747886811163,True,"3,16,17,19,20"
paper,sparse_25,97,15,25,5,0.1,0.16041443934553531,0.14810762720555098,0.00021873817872991932,True,"6,8,12,19,21"
paper,sparse_25,97,16,25,5,0.1,0.14109436448674753,0.14147274489851572,0.00020003685765093704,True,"3,9,20,21,24"
paper,sparse_25,97,17,25,5,0.1,0.14320069745539268,0.14224751622003493,0.00020220891188427181,True,"13,14,15,16,17"
paper,sparse_25,97,18,25,5,0.1,0.14128680749678135,0.13862280080726957,0.00019186640607465888,True,"5,7,15,20,24"
paper,sparse_25,97,19,25,5,0.1,0.19809954411909678,0.18440382483534443,0.0003380288146235255,True,"6,8,12,17,20"
paper,sparse_25,97,20,25,5,0.1,0.1737116085616458,0.1719788119459716,0.0002954433178559146,True,"4,8,13,17,20"
paper,sparse_25,97,21,25,5,0.1,0.2525734653619295,0.25148764697698306,0.0006321305363481411,True,"12,15,19,22,24"
paper,sparse_25,97,22,25,5,0.1,0.15677610013492985,0.15412787086689103,0.0002374668761599974,True,"8,9,14,19,24"
paper,sparse_25,97,23,25,5,0.1,0.20940894618145922,0.20551561290555506,0.0004222824905027456,True,"5,8,9,13,16"
paper,sparse_25,97,24,25,5,0.1,0.1341697118578763,0.13254821157236252,0.00017555835812455012,True,"4,8,9,16,20"
paper,sparse_25,97,25,25,5,0.1,0.15624387744689625,0.21008099982082182,0.000276117876722215,True,"0,4,17,19,22"
paper,sparse_25,97,26,25,5,0.1,0.15591177438233608,0.15539974515344177,0.00024125145521580738,True,"8,14,17,23,24"
paper,sparse_25,97,27,25,5,0.1,0.15524357485487975,0.15446818620004954,0.00023856144828682257,True,"0,3,5,8,24"
paper,sparse_25,97,28,25,5,0.1,0.17292394114657766,0.17072517575478507,0.0002914073633833447,True,"13,15,20,22,23"
paper,sparse_25,97,29,25,5,0.1,0.1580563751717953,0.15782707803067392,0.0002489470728967158,True,"7,19,21,23,24"
paper,sparse_25,97,30,25,5,0.1,0.10133349821223618,0.09974581290889124,9.94587940149061e-05,True,"0,3,5,16,22"
paper,sparse_25,97,31,25,5,0.1,0.18149990239555566,0.18001827818376478,0.0003237208495512345,True,"0,7,14,16,17"
paper,sparse_25,97,32,25,5,0.1,0.16414909276546089,0.16245107437327494,0.0002635344744081926,True,"0,5,15,19,22"
paper,sparse_25,97,33,25,5,0.1,0.1726414366606434,0.16385298078645127,0.0002632384262891696,True,"0,3,5,12,21"
paper,sparse_25,97,34,25,5,0.1,0.2749548593760861,0.25394995550553995,0.0006449097707362239,True,"5,8,9,15,21"
paper,sparse_25,97,35,25,5,0.1,0.12692474960502753,0.10852953278161441,0.00011641770567116794,True,"0,4,8,13,22"
paper,sparse_25,97,36,25,5,0.1,0.20053475190482004,0.20035934746066483,0.00040114894888435004,True,"3,4,12,14,21"
paper,sparse_25,97,37,25,5,0.1,0.1354520601414334,0.12970312770260517,0.00016808933831607975,True,"6,7,9,13,16"
paper,sparse_25,97,38,25,5,0.1,0.16124649916620673,0.16009547017967515,0.00025622215306886353,True,"4,6,9,16,21"
paper,sparse_25,97,39,25,5,0.1,0.17452787491811372,0.17396943456363664,0.0003023716167021018,True,"7,12,15,19,23"
paper,sparse_25,97,40,25,5,0.1,0.20306231492872145,0.20115156435911982,0.00040455958470536624,True,"0,5,12,14,20"
paper,sparse_25,97,41,25,5,0.1,0.19900341086403664,0.19653084195596351,0.0003818265073725069,True,"6,12,15,17,22"
paper,sparse_25,97,42,25,5,0.1,0.17477174828301326,0.17326512637166053,0.00029999195828595004,True,"7,12,20,21,24"
paper,sparse_25,97,43,25,5,0.1,0.15551465531115233,0.15529640159882005,0.0002408493375866197,True,"4,5,8,9,14"
paper,sparse_25,97,44,25,5,0.1,0.1360285002699873,0.1356092990808161,0.00018377579983674952,True,"7,8,12,15,21"
paper,sparse_25,97,45,25,5,0.1,0.14338645754636958,0.1363157282483592,0.0001856421323943036,True,"3,4,7,14,20"
paper,sparse_25,97,46,25,5,0.1,0.15981632050024117,0.15940112116886662,0.0002540501648382043,True,"9,17,20,22,23"
paper,sparse_25,97,47,25,5,0.1,0.1519062797795718,0.1513792423157838,0.00022901457688723204,True,"6,15,17,23,24"
paper,sparse_25,97,48,25,5,0.1,0.1307448589769692,0.13094875279213267,0.00017139623378736868,True,"13,16,21,23,24"
paper,sparse_25,97,49,25,5,0.1,0.14303828236260455,0.14327472253475518,0.0002052042065420201,True,"0,3,15,16,21"
paper,sparse_25,97,50,25,5,0.1,0.2307735772241501,0.2289672478719959,0.0005241819509911316,True,"0,4,5,13,15"
paper,sparse_25,97,51,25,5,0.1,0.09288578357207528,0.0928519425494579,8.615163019783101e-05,True,"0,3,8,15,20"
paper,sparse_25,97,52,25,5,0.1,0.17282881920406357,0.1714294680668504,0.00029381392681804286,True,"6,12,14,16,20"
paper,sparse_25,97,53,25,5,0.1,0.058090644212242984,0.058155327339429165,3.3803393219011824e-05,True,"0,13,14,20,24"
paper,sparse_25,97,54,25,5,0.1,0.1333308996566575,0.13233316586743316,0.00017152468177292213,True,"4,5,20,22,23"
paper,sparse_25,97,55,25,5,0.1,0.1718632439680843,0.16978215952666745,0.00028809424168832476,True,"4,15,17,20,23"
paper,sparse_25,97,56,25,5,0.1,0.09169131800222843,0.10044159172952524,8.993066247275916e-05,True,"7,8,12,17,23"
paper,sparse_25,97,57,25,5,0.1,0.22576083475802386,0.2256665809948003,0.0005090906822176611,True,"4,16,19,22,24"
paper,sparse_25,97,58,25,5,0.1,0.17854000757585647,0.17786966721233619,0.0003162611955264856,True,"0,3,14,19,21"
paper,sparse_25,97,59,25,5,0.1,0.16065016674755808,0.16047206162874378,0.0002574531413832293,True,"5,9,17,19,22"
paper,sparse_25,97,60,25,5,0.1,0.10131021103584899,0.09959178482469644,9.696942652743026e-05,True,"7,12,13,14,21"
paper,sparse_25,97,61,25,5,0.1,0.16091081447873493,0.16466665394102162,0.0002588316816623526,True,"0,4,16,17,23"
paper,sparse_25,97,62,25,5,0.1,0.06881119505525721,0.06874463933216331,4.722751041580375e-05,True,"0,6,14,16,23"
paper,sparse_25,97,63,25,5,0.1,0.15442607148507465,0.13281600504964458,0.00017081197627553252,True,"7,12,20,21,22"
