profile,dataset,seed,chain_size,support_width,damping_trace,dt,physical_time,steps_per_phase,dynamic_vs_exact_centered_gradient_error,plus_state_vs_exact_error,minus_state_vs_exact_error,plus_residual,minus_residual,plus_velocity_norm,minus_velocity_norm,maximum_relative_split_energy_balance_error,median_relative_split_energy_balance_error,mean_dissipated_energy_two_phases,free_exact_residual,plus_exact_residual,minus_exact_residual,gradient_difference_vs_finest_dt,plus_state_difference_vs_finest_dt,minus_state_difference_vs_finest_dt
paper,moons,17,17,1,5.0,0.2,1200.0,6000,2.8385118951144923,0.00039944459150762277,0.00040217764065167075,0.00037795706342772797,0.00037751593025625916,0.0003672476731366093,0.00036442208480990377,0.006995371131763351,0.006645051945357714,0.0018342024817572548,2.2078161394887794e-16,2.3593948847696867e-16,2.2042254137332502e-16,0.3188378022031022,0.000189433217451436,0.00018980195847949653
paper,moons,17,17,1,5.0,0.1,1200.0,12000,2.4857394124361076,0.00041300985785064386,0.0004187793018585551,0.00043025662849777965,0.00043182095425711026,0.00034868473945717874,0.0003442187678512757,0.0017487940278915323,0.0016612633136077824,0.0018433746460513626,2.2078161394887794e-16,2.3593948847696867e-16,2.2042254137332502e-16,0.1845788695547883,0.00013689898972597516,0.00013689160390509657
paper,moons,17,17,1,5.0,0.05,1200.0,24000,2.3148581856697916,0.00041837257628525186,0.0004247590147928657,0.000450010380577418,0.00045142824635250174,0.0003468863363076897,0.00034586052112037724,0.0004371969090119246,0.0004153163241360214,0.001845667636488167,2.2078161394887794e-16,2.3593948847696867e-16,2.2042254137332502e-16,0.0,0.0,0.0
paper,moons,17,17,6,5.0,0.2,1200.0,6000,0.04198918229296243,3.807091296277598e-06,4.13912199875315e-06,4.535172178884558e-06,4.608291234797912e-06,5.412823418501689e-06,5.2596189434661224e-06,0.006996236090599615,0.0066462939732319865,0.0018343849065632265,2.2078161394887794e-16,2.3593948847696867e-16,2.2042254137332502e-16,0.012077781562844782,1.5587471813404619e-06,1.5231473560629103e-06
paper,moons,17,17,6,5.0,0.1,1200.0,12000,0.049935193363784415,4.462765621809227e-06,4.764307020023785e-06,5.634565451003604e-06,5.750094760362338e-06,3.9105374915950794e-06,3.6604101941561336e-06,0.0017490585689471003,0.0016615730592311805,0.0018435643032997367,2.2078161394887794e-16,2.3593948847696867e-16,2.2042254137332502e-16,0.004883912915534114,1.520839290746506e-06,1.494404812702558e-06
paper,moons,17,17,6,5.0,0.05,1200.0,24000,0.052857064245544795,4.591698346838432e-06,4.883669602102481e-06,5.719427708140138e-06,5.829579280887263e-06,3.5386389554909202e-06,3.2666701341630092e-06,0.000437264614424063,0.00041539323725514805,0.001845859151712325,2.2078161394887794e-16,2.3593948847696867e-16,2.2042254137332502e-16,0.0,0.0,0.0
paper,moons,17,17,8,5.0,0.2,1200.0,6000,0.0009601785189278298,1.4141111120694092e-07,1.4122859212228284e-07,9.241661670347736e-07,8.992625421235463e-07,5.140780946433001e-07,5.039347095888057e-07,0.006996645717048812,0.006646710017718368,0.0018343841516639692,2.2078161394887794e-16,2.3593948847696867e-16,2.2042254137332502e-16,0.0016495031751280892,2.4100354612367454e-07,2.358595188399792e-07
paper,moons,17,17,8,5.0,0.1,1200.0,12000,0.0010145113001362614,1.4561673798504706e-07,1.4733297800096682e-07,1.00708982848121e-06,9.866160822359034e-07,5.793159337587789e-07,5.687623338367231e-07,0.0017491612873887967,0.0016616773602961964,0.001843564124967946,2.2078161394887794e-16,2.3593948847696867e-16,2.2042254137332502e-16,0.0014248983241319534,2.590884607250791e-07,2.5431905058754394e-07
paper,moons,17,17,8,5.0,0.05,1200.0,24000,0.001190442402543386,1.4932949291631983e-07,1.512438030024522e-07,1.0145266739235127e-06,9.923708167243076e-07,5.756720554015577e-07,5.640423949277582e-07,0.0004372903123540474,0.00041541933065441367,0.0018458591180449675,2.2078161394887794e-16,2.3593948847696867e-16,2.2042254137332502e-16,0.0,0.0,0.0
paper,moons,29,17,1,5.0,0.2,1200.0,6000,2.540100201303865,0.0005127822916455696,0.0005126646380894527,0.00037612347874229187,0.0003772318650572197,0.0004085255975733186,0.00040423465694695946,0.007135334184666577,0.006785278152593121,0.0017993489009487753,1.1796627845463135e-16,2.0395546045548944e-16,3.361084092008002e-16,0.2591622801336399,0.00019963180162304775,0.00020044015671489234
paper,moons,29,17,1,5.0,0.1,1200.0,12000,2.754829177390856,0.00048137856081597864,0.0004811549291896688,0.0003751305727603274,0.00037354485984338173,0.0004280201433016789,0.00042687044282906165,0.0017838077750927355,0.0016963301326694481,0.0018085377132032072,1.1796627845463135e-16,2.0395546045548944e-16,3.361084092008002e-16,0.25546323611123056,0.0001483003982143744,0.0001482098536191191
paper,moons,29,17,1,5.0,0.05,1200.0,24000,3.01843204903109,0.00047368850869677513,0.00047341199130861275,0.00036620852580973855,0.00036438097404140047,0.00043440253876311915,0.00043412037165197647,0.0004459503102812007,0.0004240841716535404,0.0018108352044718104,1.1796627845463135e-16,2.0395546045548944e-16,3.361084092008002e-16,0.0,0.0,0.0
paper,moons,29,17,6,5.0,0.2,1200.0,6000,0.05866908886684368,7.688518346460657e-06,8.17485299405952e-06,5.019405550302206e-06,5.3625631553787054e-06,5.127590272456129e-06,4.721870214659508e-06,0.007136168165294861,0.006786457300121041,0.0017995075494815966,1.1796627845463135e-16,2.0395546045548944e-16,3.361084092008002e-16,0.011353699637706906,1.6827890122735958e-06,1.6305225937063065e-06
paper,moons,29,17,6,5.0,0.1,1200.0,12000,0.06812060900773179,8.287541287923143e-06,8.686714364244384e-06,6.003084427191765e-06,6.2553307116560145e-06,3.110320806541741e-06,2.813319684421186e-06,0.0017840416382034834,0.0016966138924788226,0.001808704689182759,1.1796627845463135e-16,2.0395546045548944e-16,3.361084092008002e-16,0.005054056337352256,1.6654922771387891e-06,1.6440367255156681e-06
paper,moons,29,17,6,5.0,0.05,1200.0,24000,0.06921889791797022,8.378857295105424e-06,8.753230630910819e-06,6.188531988683762e-06,6.418341462572441e-06,2.828728622745162e-06,2.9074122296063148e-06,0.0004460103842870565,0.0004241534462895249,0.0018110039733761768,1.1796627845463135e-16,2.0395546045548944e-16,3.361084092008002e-16,0.0,0.0,0.0
paper,moons,29,17,8,5.0,0.2,1200.0,6000,0.0036230766791567164,3.7444593863029024e-07,3.7714933665498224e-07,6.804602248338777e-07,6.735675113691482e-07,4.883741341848634e-07,4.868823908600156e-07,0.0071365418559541614,0.006786858015611977,0.0017995068450231432,1.1796627845463135e-16,2.0395546045548944e-16,3.361084092008002e-16,0.0011420656624023223,2.90784897444411e-07,2.8889909322724257e-07
paper,moons,29,17,8,5.0,0.1,1200.0,12000,0.0033038426169641863,3.5776566488877076e-07,3.538200562788819e-07,9.489346330261464e-07,9.331125795453117e-07,4.080512808460036e-07,4.057474418469159e-07,0.001784135365678208,0.0016967143790501001,0.0018087045308375343,1.1796627845463135e-16,2.0395546045548944e-16,3.361084092008002e-16,0.0012586158859896296,3.4627621868350127e-07,3.415158440116411e-07
paper,moons,29,17,8,5.0,0.05,1200.0,24000,0.00284002310754451,3.4953697665499346e-07,3.4410767713005716e-07,9.553586444159702e-07,9.387620175394891e-07,3.778026545647675e-07,3.756250604534928e-07,0.0004460338348511219,0.000424178586523562,0.001811003952076794,1.1796627845463135e-16,2.0395546045548944e-16,3.361084092008002e-16,0.0,0.0,0.0
paper,moons,43,17,1,5.0,0.2,1200.0,6000,4.349089397043821,0.0007233041444850923,0.0007235512989724141,0.00042693892299458725,0.00042705477337349557,0.00045855950355009267,0.00046070834806067034,0.0068309842964695295,0.006481118622411774,0.0018837373685950218,1.6784395347452852e-16,1.6774426194076306e-16,2.3339365093378384e-16,0.2441644271799255,0.0002530329231513676,0.00025374584863244355
paper,moons,43,17,1,5.0,0.1,1200.0,12000,4.215168445185096,0.0006581909420511734,0.0006591519788462084,0.00037483887911323284,0.0003770327108768148,0.0004737696343396154,0.0004741556778695947,0.0017078209653866075,0.001620303710086334,0.0018929249923842863,1.6784395347452852e-16,1.6774426194076306e-16,2.3339365093378384e-16,0.22962227739872632,0.00016863189770456656,0.00016896865742026214
paper,moons,43,17,1,5.0,0.05,1200.0,24000,3.8548796069230478,0.0006410437695270461,0.0006421529923227097,0.0003824037482996124,0.0003845081704747279,0.00047661296601542115,0.00047650870705872336,0.00042695607279164916,0.00040507821278218533,0.0018952219861497594,1.6784395347452852e-16,1.6774426194076306e-16,2.3339365093378384e-16,0.0,0.0,0.0
paper,moons,43,17,6,5.0,0.2,1200.0,6000,0.03990495878984573,5.112939308597196e-06,4.9465084940215025e-06,2.226638033542387e-06,2.2372279549474304e-06,2.07940516561938e-05,2.1620839539934696e-05,0.006832216949447557,0.006482375010468941,0.0018839333345753195,1.6784395347452852e-16,1.6774426194076306e-16,2.3339365093378384e-16,0.06568095617498636,6.069891646927305e-06,6.2518660951040535e-06
paper,moons,43,17,6,5.0,0.1,1200.0,12000,0.04926853420528931,5.7608230542757075e-06,6.8983135771833014e-06,2.3830964576052625e-06,3.081807283090695e-06,2.058761586857694e-05,2.1075043800696733e-05,0.0017080537762127386,0.001620593279596951,0.0018931253579531609,1.6784395347452852e-16,1.6774426194076306e-16,2.3339365093378384e-16,0.01283555744227747,1.3214560556020648e-06,1.3413846440920149e-06
paper,moons,43,17,6,5.0,0.05,1200.0,24000,0.058138585472473074,6.464478519931285e-06,7.777068738855747e-06,2.8694256888915085e-06,3.6241397073939913e-06,2.037862488784895e-05,2.077700004197965e-05,0.00042701341509386695,0.0004051482898409531,0.0018954233629487126,1.6784395347452852e-16,1.6774426194076306e-16,2.3339365093378384e-16,0.0,0.0,0.0
paper,moons,43,17,8,5.0,0.2,1200.0,6000,0.005911769131563927,5.756435860681354e-07,5.295199301996028e-07,3.954191958630704e-07,3.870415894681834e-07,1.6243970732142484e-06,1.7279113531273264e-06,0.006832634268018411,0.00648280733315882,0.0018839326025937124,1.6784395347452852e-16,1.6774426194076306e-16,2.3339365093378384e-16,0.004975657212241945,4.823422127915892e-07,5.03143458566668e-07
paper,moons,43,17,8,5.0,0.1,1200.0,12000,0.0022418836640211177,4.4093049444851433e-07,4.758353942639852e-07,3.286175452138415e-07,3.225205569586803e-07,1.7018521273791347e-06,1.7790042578451709e-06,0.0017081584055574717,0.0016207016666680701,0.0018931252427100407,1.6784395347452852e-16,1.6774426194076306e-16,2.3339365093378384e-16,0.0011483996320605016,1.4621130256647255e-07,1.4701770371385632e-07
paper,moons,43,17,8,5.0,0.05,1200.0,24000,0.0013495418162548646,4.4898626957997105e-07,5.082330588705447e-07,3.1885595488031364e-07,3.1259404642775056e-07,1.708742558525965e-06,1.778541466052349e-06,0.000427039590862228,0.00040517540579437247,0.0018954234024411792,1.6784395347452852e-16,1.6774426194076306e-16,2.3339365093378384e-16,0.0,0.0,0.0
paper,spirals,17,17,1,5.0,0.2,1200.0,6000,5.21269147890889,0.0007771979214636148,0.0007746213179742498,0.0004153860787563738,0.0004178739462271162,0.0005877400321289393,0.0005874917706879827,0.006994947315057849,0.006645038005481364,0.0018362431567763584,1.445668037660194e-16,1.9185367192037787e-16,2.0104561171085987e-16,0.3208450546780486,0.0003013787075133548,0.0003018554957585741
paper,spirals,17,17,1,5.0,0.1,1200.0,12000,5.772096685721082,0.0007854741132335958,0.0007848979415322445,0.00041002069123421134,0.00041183748496108796,0.0005543358622413788,0.0005529157582427706,0.0017487642897505073,0.0016612611913874261,0.0018454392201086418,1.445668037660194e-16,1.9185367192037787e-16,2.0104561171085987e-16,0.1316324292441208,0.00018383609786074164,0.00018399550854766457
paper,spirals,17,17,1,5.0,0.05,1200.0,24000,5.9971517982685105,0.0007890751888215387,0.0007890014708014026,0.00039743408921327544,0.0003992909675781234,0.0005420184608651181,0.0005403339665030303,0.0004371882729994285,0.0004153149641612668,0.0018477381837872305,1.445668037660194e-16,1.9185367192037787e-16,2.0104561171085987e-16,0.0,0.0,0.0
paper,spirals,17,17,6,5.0,0.2,1200.0,6000,0.10837564691688023,1.971456322550243e-05,2.100132800922953e-05,6.629337956572898e-06,7.805488143218476e-06,2.9710386512472268e-05,3.170546275926347e-05,0.006996167487654243,0.0066462921826904746,0.0018365406920550797,1.445668037660194e-16,1.9185367192037787e-16,2.0104561171085987e-16,0.09580524158205714,9.914969481377207e-06,1.018648873234477e-05
paper,spirals,17,17,6,5.0,0.1,1200.0,12000,0.09473651294813555,2.1582688803493522e-05,2.3611083091710082e-05,9.294879864724358e-06,1.041708537332859e-05,3.113219663467757e-05,3.2721911058904046e-05,0.0017490414284496746,0.001661572580403013,0.0018457308978045454,1.445668037660194e-16,1.9185367192037787e-16,2.0104561171085987e-16,0.01992571316073106,2.619862840621144e-06,2.6411889717453e-06
paper,spirals,17,17,6,5.0,0.05,1200.0,24000,0.09795259927713601,2.232495287006187e-05,2.449231538369968e-05,9.854767657038806e-06,1.0962903307537681e-05,3.1299217359669305e-05,3.27770317476558e-05,0.0004372603286497525,0.00041539311543906885,0.0018480284485063042,1.445668037660194e-16,1.9185367192037787e-16,2.0104561171085987e-16,0.0,0.0,0.0
paper,spirals,17,17,8,5.0,0.2,1200.0,6000,0.006577343313612475,6.853343315696974e-07,6.367180414169768e-07,8.232013611604546e-07,8.016285481330737e-07,1.3444330438783072e-06,1.4555727637003737e-06,0.006996571001999129,0.006646709231656761,0.00183654026257088,1.445668037660194e-16,1.9185367192037787e-16,2.0104561171085987e-16,0.003998770332125225,5.230180189259005e-07,5.42124827568426e-07
paper,spirals,17,17,8,5.0,0.1,1200.0,12000,0.005484113822940848,5.465530009079541e-07,5.693168830736753e-07,5.784114729844957e-07,5.571020981380209e-07,1.4474984515427168e-06,1.5391266707643869e-06,0.0017491426041685197,0.0016616771648464313,0.0018457310486631729,1.445668037660194e-16,1.9185367192037787e-16,2.0104561171085987e-16,0.0010160979591837334,2.7574768162400835e-07,2.7165771674718996e-07
paper,spirals,17,17,8,5.0,0.05,1200.0,24000,0.00556490037146944,5.443137075052637e-07,5.904530649324642e-07,5.814059587531023e-07,5.711876217352715e-07,1.4635075664567358e-06,1.5496656533194506e-06,0.00043728564146334803,0.00041541928181571105,0.0018480287449362657,1.445668037660194e-16,1.9185367192037787e-16,2.0104561171085987e-16,0.0,0.0,0.0
paper,spirals,29,17,1,5.0,0.2,1200.0,6000,3.0657648682557186,0.0007055039293182316,0.0006983982307302693,0.0003594820636487278,0.00035902196342721453,0.000513252213156672,0.0005129673990391909,0.007135099272341854,0.006785275149037201,0.0017986146781101102,1.8404942629708763e-16,1.765059825578534e-16,2.637324013145942e-16,0.34581330321839854,0.0002996523208239743,0.00030205083008010735
paper,spirals,29,17,1,5.0,0.1,1200.0,12000,4.150870613294361,0.0008105130731556444,0.0008044484187888029,0.00035926708221939023,0.00035969794480932943,0.0005239034387944539,0.0005236316864737418,0.001783791465600411,0.0016963086471903852,0.001807804195248766,1.8404942629708763e-16,1.765059825578534e-16,2.637324013145942e-16,0.17162518648119934,0.00019649469383563878,0.0001967719645416536
paper,spirals,29,17,1,5.0,0.05,1200.0,24000,4.464864447061462,0.0008354764120875596,0.0008298087466486108,0.000381052170188219,0.00038074339177459227,0.0005235962019405037,0.0005233769756004627,0.0004459499839737264,0.0004240773325383469,0.001810101768153231,1.8404942629708763e-16,1.765059825578534e-16,2.637324013145942e-16,0.0,0.0,0.0
paper,spirals,29,17,6,5.0,0.2,1200.0,6000,0.10170518097279248,2.068976900090659e-05,2.095855245946339e-05,9.47050578952292e-06,9.601669548966771e-06,5.665754295640385e-06,7.007074096199566e-06,0.00713621344223833,0.006786448867413203,0.001798835300050132,1.8404942629708763e-16,1.765059825578534e-16,2.637324013145942e-16,0.009501809131467519,3.524016767708693e-06,3.859719928394803e-06
paper,spirals,29,17,6,5.0,0.1,1200.0,12000,0.09861974393619162,1.8997185039822306e-05,1.8922639517271665e-05,9.079740958941224e-06,9.04760734207164e-06,8.856203330607855e-06,1.0281181885137931e-05,0.0017840529708214238,0.0016966117938968304,0.0018080289899983404,1.8404942629708763e-16,1.765059825578534e-16,2.637324013145942e-16,0.005858445974385191,2.405676576152824e-06,2.4060141725437728e-06
paper,spirals,29,17,6,5.0,0.05,1200.0,24000,0.09648410698342483,1.8449070960777116e-05,1.8291194114554354e-05,8.875268525422122e-06,8.80797487771026e-06,9.652365584672756e-06,1.1075645203947017e-05,0.0004460132187348376,0.00042415292179004963,0.001810327411719325,1.8404942629708763e-16,1.765059825578534e-16,2.637324013145942e-16,0.0,0.0,0.0
paper,spirals,29,17,8,5.0,0.2,1200.0,6000,0.0043503970140137274,7.956856334698094e-07,8.713097468832568e-07,8.235725916383306e-07,8.110027764120728e-07,7.35013850419785e-07,7.148894622838877e-07,0.007136592432026178,0.006786849325911634,0.0017988346520920013,1.8404942629708763e-16,1.765059825578534e-16,2.637324013145942e-16,0.0014800079397299193,4.0703754605816333e-07,3.987782637588935e-07
paper,spirals,29,17,8,5.0,0.1,1200.0,12000,0.004887711158774752,9.141081005902377e-07,9.880630709125336e-07,7.349148087889919e-07,7.183222529332083e-07,6.282746079372004e-07,5.936112783909374e-07,0.0017841480066077353,0.0016967122074350235,0.0018080288879244082,1.8404942629708763e-16,1.765059825578534e-16,2.637324013145942e-16,0.0008495293448525955,3.550367448538386e-07,3.472433448411719e-07
paper,spirals,29,17,8,5.0,0.05,1200.0,24000,0.0048359502514683525,9.409951010827334e-07,1.0136488863705526e-06,6.986895487326225e-07,6.820693120449978e-07,5.9640596476232e-07,5.588984856873252e-07,0.00044603699487018875,0.00042417804365652543,0.0018103274466696984,1.8404942629708763e-16,1.765059825578534e-16,2.637324013145942e-16,0.0,0.0,0.0
paper,spirals,43,17,1,5.0,0.2,1200.0,6000,3.5603709089171502,0.0006583924243993679,0.0006554781979170921,0.00039464472408915765,0.0003954819464894151,0.0004742193123734649,0.000473684815616812,0.006831042426726087,0.006481104797634831,0.0018832992545405286,1.4945176381517665e-16,1.6187860978467424e-16,2.301020332116944e-16,0.32344574612347016,0.00025024850865431475,0.0002517211429971634
paper,spirals,43,17,1,5.0,0.1,1200.0,12000,3.7015283210791483,0.0006843575561329845,0.0006830233561656224,0.0004158560397589473,0.0004156804357886123,0.00048420032083352913,0.00048264424145485205,0.0017078193633491624,0.0016203156625767454,0.0018924823613317048,1.4945176381517665e-16,1.6187860978467424e-16,2.301020332116944e-16,0.13618996557779137,0.00016771450417111427,0.00016741930549888406
paper,spirals,43,17,1,5.0,0.05,1200.0,24000,3.59292715910445,0.000690361368730925,0.000689460275773236,0.00040474680356655774,0.0004042817001622407,0.00047742607099275413,0.0004754328665215798,0.0004269535860605757,0.00040508018000874905,0.0018947781645224128,1.4945176381517665e-16,1.6187860978467424e-16,2.301020332116944e-16,0.0,0.0,0.0
paper,spirals,43,17,6,5.0,0.2,1200.0,6000,0.04685869399812551,6.097981466446232e-06,6.424849002921403e-06,2.692741210951104e-06,2.9726386164147938e-06,6.133683273612533e-06,6.519486247108054e-06,0.006832239586765831,0.006482370839390098,0.001883480624020118,1.4945176381517665e-16,1.6187860978467424e-16,2.301020332116944e-16,0.015559289508642212,2.1576845761103536e-06,2.177843862567388e-06
paper,spirals,43,17,6,5.0,0.1,1200.0,12000,0.04011433258248458,6.4686635142747385e-06,6.846336617046806e-06,3.0369601038794367e-06,3.285288998540946e-06,6.5179358264787e-06,6.7734499368696395e-06,0.0017080594253438023,0.0016205922403895075,0.0018926704312897003,1.4945176381517665e-16,1.6187860978467424e-16,2.301020332116944e-16,0.003207065910237163,6.132101191324726e-07,6.091837853571929e-07
paper,spirals,43,17,6,5.0,0.05,1200.0,24000,0.038570281016566434,6.573369187574136e-06,6.95761020856924e-06,3.1241209534537737e-06,3.360772401903222e-06,6.5593530009885146e-06,6.7798481990562615e-06,0.0004270148267474322,0.0004051480305044526,0.0018949678822578128,1.4945176381517665e-16,1.6187860978467424e-16,2.301020332116944e-16,0.0,0.0,0.0
paper,spirals,43,17,8,5.0,0.2,1200.0,6000,0.0019984510262802246,3.1756497113222727e-07,3.406915439513776e-07,3.126058450388244e-07,3.0556627954496835e-07,2.9674718258657296e-07,3.0607747947341763e-07,0.00683265865377904,0.006482802860696428,0.0018834798195119962,1.4945176381517665e-16,1.6187860978467424e-16,2.301020332116944e-16,0.0007139802289624735,1.53609267945444e-07,1.5150241876621956e-07
paper,spirals,43,17,8,5.0,0.1,1200.0,12000,0.0019525443303848198,3.5053338398609193e-07,3.7268551590037974e-07,3.362326556608294e-07,3.288695515562346e-07,2.9363546199615154e-07,2.960370718650069e-07,0.0017081644954355896,0.0016207005481399808,0.0018926702425632895,1.4945176381517665e-16,1.6187860978467424e-16,2.301020332116944e-16,0.0003101645403691468,1.263461836792501e-07,1.23708129174302e-07
paper,spirals,43,17,8,5.0,0.05,1200.0,24000,0.0019485037060140017,3.580970468190942e-07,3.7967422965722414e-07,3.3120277441284127e-07,3.2324978730201373e-07,2.9208032429261417e-07,2.926517285798716e-07,0.0004270411128493963,0.00040517512616344956,0.001894967848028778,1.4945176381517665e-16,1.6187860978467424e-16,2.301020332116944e-16,0.0,0.0,0.0
