profile,seed,chain_size,variant,eta,n_damped,base_damping_trace,slow_mode_index,slow_mode_frequency,first_order_decay_coefficient,first_order_predicted_decay_rate,exact_decay_rate,relative_prediction_error,exact_free_residual
paper,17,3,single_terminal,0.0001,1,0.7,2,1.8455485249169508,0.060654589239308984,6.0654589239308985e-06,6.065458912567307e-06,1.873492463143216e-09,1.8200548080610225e-16
paper,17,3,single_terminal,0.0003,1,0.7,2,1.8455485249169508,0.060654589239308984,1.8196376771792693e-05,1.8196376462848132e-05,1.697835590508691e-08,1.8200548080610225e-16
paper,17,3,single_terminal,0.001,1,0.7,2,1.8455485249169508,0.060654589239308984,6.065458923930898e-05,6.065457779483709e-05,1.886827038080485e-07,1.8200548080610225e-16
paper,17,3,single_terminal,0.003,1,0.7,2,1.8455485249169508,0.060654589239308984,0.00018196376771792696,0.00018196345871613435,1.698150112410833e-06,1.8200548080610225e-16
paper,17,3,single_terminal,0.01,1,0.7,2,1.8455485249169508,0.060654589239308984,0.0006065458923930899,0.0006065344479618843,1.8868203295218228e-05,1.8200548080610225e-16
paper,17,3,single_terminal,0.03,1,0.7,2,1.8455485249169508,0.060654589239308984,0.0018196376771792695,0.0018193286969552594,0.00016980315800510455,1.8200548080610225e-16
paper,17,3,paper_boundary,0.0001,1,0.7,2,1.8455485249169508,0.060654589239308984,6.0654589239308985e-06,6.065458912567307e-06,1.873492463143216e-09,1.8200548080610225e-16
paper,17,3,paper_boundary,0.0003,1,0.7,2,1.8455485249169508,0.060654589239308984,1.8196376771792693e-05,1.8196376462848132e-05,1.697835590508691e-08,1.8200548080610225e-16
paper,17,3,paper_boundary,0.001,1,0.7,2,1.8455485249169508,0.060654589239308984,6.065458923930898e-05,6.065457779483709e-05,1.886827038080485e-07,1.8200548080610225e-16
paper,17,3,paper_boundary,0.003,1,0.7,2,1.8455485249169508,0.060654589239308984,0.00018196376771792696,0.00018196345871613435,1.698150112410833e-06,1.8200548080610225e-16
paper,17,3,paper_boundary,0.01,1,0.7,2,1.8455485249169508,0.060654589239308984,0.0006065458923930899,0.0006065344479618843,1.8868203295218228e-05,1.8200548080610225e-16
paper,17,3,paper_boundary,0.03,1,0.7,2,1.8455485249169508,0.060654589239308984,0.0018196376771792695,0.0018193286969552594,0.00016980315800510455,1.8200548080610225e-16
paper,17,3,uniform_trace,0.0001,3,0.7,1,1.161567481168313,0.11666666666666664,1.1666666666666665e-05,1.1666666666695125e-05,2.4394548880923854e-12,1.8200548080610225e-16
paper,17,3,uniform_trace,0.0003,3,0.7,1,1.161567481168313,0.11666666666666664,3.499999999999999e-05,3.500000000000724e-05,2.0716005795705179e-13,1.8200548080610225e-16
paper,17,3,uniform_trace,0.001,3,0.7,1,1.161567481168313,0.11666666666666664,0.00011666666666666664,0.00011666666666656491,8.71930875715307e-13,1.8200548080610225e-16
paper,17,3,uniform_trace,0.003,3,0.7,1,1.161567481168313,0.11666666666666664,0.00034999999999999994,0.0003499999999997494,7.158832058897146e-13,1.8200548080610225e-16
paper,17,3,uniform_trace,0.01,3,0.7,1,1.161567481168313,0.11666666666666664,0.0011666666666666663,0.0011666666666666145,4.442131186697754e-14,1.8200548080610225e-16
paper,17,3,uniform_trace,0.03,3,0.7,1,1.161567481168313,0.11666666666666664,0.003499999999999999,0.003499999999999963,1.0284432036148216e-14,1.8200548080610225e-16
paper,17,5,single_terminal,0.0001,1,0.7,4,1.9592678275443796,0.016049949668825326,1.6049949668825326e-06,1.60499496125063e-06,3.5089845767399515e-09,1.2418805885383885e-16
paper,17,5,single_terminal,0.0003,1,0.7,4,1.9592678275443796,0.016049949668825326,4.814984900647598e-06,4.814984749025635e-06,3.1489602999661175e-08,1.2418805885383885e-16
paper,17,5,single_terminal,0.001,1,0.7,4,1.9592678275443796,0.016049949668825326,1.6049949668825327e-05,1.6049944053981603e-05,3.498355969765598e-07,1.2418805885383885e-16
paper,17,5,single_terminal,0.003,1,0.7,4,1.9592678275443796,0.016049949668825326,4.814984900647598e-05,4.8149697406472784e-05,3.1485042284135775e-06,1.2418805885383885e-16
paper,17,5,single_terminal,0.01,1,0.7,4,1.9592678275443796,0.016049949668825326,0.00016049949668825325,0.00016049388201629577,3.498248949893871e-05,1.2418805885383885e-16
paper,17,5,single_terminal,0.03,1,0.7,4,1.9592678275443796,0.016049949668825326,0.00048149849006475973,0.0004813469277854948,0.00031477207590937904,1.2418805885383885e-16
paper,17,5,paper_boundary,0.0001,2,0.7,2,1.2814690610286117,0.0505829379227163,5.058293792271631e-06,5.058293789828028e-06,4.830883512872611e-10,1.2418805885383885e-16
paper,17,5,paper_boundary,0.0003,2,0.7,2,1.2814690610286117,0.0505829379227163,1.517488137681489e-05,1.5174881308869376e-05,4.477498828135772e-09,1.2418805885383885e-16
paper,17,5,paper_boundary,0.001,2,0.7,2,1.2814690610286117,0.0505829379227163,5.0582937922716304e-05,5.058293540549652e-05,4.9764206804814517e-08,1.2418805885383885e-16
paper,17,5,paper_boundary,0.003,2,0.7,2,1.2814690610286117,0.0505829379227163,0.0001517488137681489,0.0001517487457976946,4.4791423807347017e-07,1.2418805885383885e-16
paper,17,5,paper_boundary,0.01,2,0.7,2,1.2814690610286117,0.0505829379227163,0.000505829379227163,0.0005058268618146622,4.97680167299617e-06,1.2418805885383885e-16
paper,17,5,paper_boundary,0.03,2,0.7,2,1.2814690610286117,0.0505829379227163,0.001517488137681489,0.0015174201690908995,4.4790195654107204e-05,1.2418805885383885e-16
paper,17,5,uniform_trace,0.0001,5,0.7,1,0.8032110094065366,0.06999999999999998,6.999999999999998e-06,6.999999999908047e-06,1.3135907950726443e-11,1.2418805885383885e-16
paper,17,5,uniform_trace,0.0003,5,0.7,1,0.8032110094065366,0.06999999999999998,2.0999999999999992e-05,2.099999999991036e-05,4.268239356116671e-12,1.2418805885383885e-16
paper,17,5,uniform_trace,0.001,5,0.7,1,0.8032110094065366,0.06999999999999998,6.999999999999998e-05,6.999999999989062e-05,1.5622191660331316e-12,1.2418805885383885e-16
paper,17,5,uniform_trace,0.003,5,0.7,1,0.8032110094065366,0.06999999999999998,0.00020999999999999995,0.0002099999999999238,3.6269144103384146e-13,1.2418805885383885e-16
paper,17,5,uniform_trace,0.01,5,0.7,1,0.8032110094065366,0.06999999999999998,0.0006999999999999998,0.0006999999999998916,1.5457625259150482e-13,1.2418805885383885e-16
paper,17,5,uniform_trace,0.03,5,0.7,1,0.8032110094065366,0.06999999999999998,0.0020999999999999994,0.0020999999999999574,2.0031925853541707e-14,1.2418805885383885e-16
paper,17,9,single_terminal,0.0001,1,0.7,8,2.05491685701924,0.003123700896072716,3.1237008960727163e-07,3.1237008835254833e-07,4.016784385642616e-09,8.362734666696147e-17
paper,17,9,single_terminal,0.0003,1,0.7,8,2.05491685701924,0.003123700896072716,9.371102688218147e-07,9.371102354299504e-07,3.5632801666452906e-08,8.362734666696147e-17
paper,17,9,single_terminal,0.001,1,0.7,8,2.05491685701924,0.003123700896072716,3.123700896072716e-06,3.1236996600252868e-06,3.9569967501972016e-07,8.362734666696147e-17
paper,17,9,single_terminal,0.003,1,0.7,8,2.05491685701924,0.003123700896072716,9.371102688218149e-06,9.37106931552835e-06,3.5612340308020253e-06,8.362734666696147e-17
paper,17,9,single_terminal,0.01,1,0.7,8,2.05491685701924,0.003123700896072716,3.123700896072716e-05,3.123577297798816e-05,3.956789654716936e-05,8.362734666696147e-17
paper,17,9,single_terminal,0.03,1,0.7,8,2.05491685701924,0.003123700896072716,9.371102688218148e-05,9.367766533707744e-05,0.0003560044768902624,8.362734666696147e-17
paper,17,9,paper_boundary,0.0001,3,0.7,8,2.05491685701924,0.03009979944930576,3.009979944930576e-06,3.0099799388745503e-06,2.011982021326431e-09,8.362734666696147e-17
paper,17,9,paper_boundary,0.0003,3,0.7,8,2.05491685701924,0.03009979944930576,9.029939834791727e-06,9.029939671356213e-06,1.8099291544414736e-08,8.362734666696147e-17
paper,17,9,paper_boundary,0.001,3,0.7,8,2.05491685701924,0.03009979944930576,3.009979944930576e-05,3.0099793396557665e-05,2.010893164192729e-07,8.362734666696147e-17
paper,17,9,paper_boundary,0.003,3,0.7,8,2.05491685701924,0.03009979944930576,9.029939834791728e-05,9.029923492291604e-05,1.8098127367071163e-06,8.362734666696147e-17
paper,17,9,paper_boundary,0.01,3,0.7,8,2.05491685701924,0.03009979944930576,0.0003009979944930576,0.0003009919415845833,2.0109464465018604e-05,8.362734666696147e-17
paper,17,9,paper_boundary,0.03,3,0.7,8,2.05491685701924,0.03009979944930576,0.0009029939834791727,0.0009028305237328768,0.00018101975127907629,8.362734666696147e-17
paper,17,9,uniform_trace,0.0001,9,0.7,7,1.958531811127398,0.03888888888888887,3.888888888888887e-06,3.88888888881551e-06,1.8868312325506e-11,8.362734666696147e-17
paper,17,9,uniform_trace,0.0003,9,0.7,7,1.958531811127398,0.03888888888888887,1.166666666666666e-05,1.1666666666553931e-05,9.662419441567362e-12,8.362734666696147e-17
paper,17,9,uniform_trace,0.001,9,0.7,7,1.958531811127398,0.03888888888888887,3.888888888888887e-05,3.888888888875855e-05,3.351114029128055e-12,8.362734666696147e-17
paper,17,9,uniform_trace,0.003,9,0.7,7,1.958531811127398,0.03888888888888887,0.00011666666666666661,0.00011666666666655526,9.54407683836526e-13,8.362734666696147e-17
paper,17,9,uniform_trace,0.01,9,0.7,7,1.958531811127398,0.03888888888888887,0.0003888888888888887,0.00038888888888880696,2.1021131264247534e-13,8.362734666696147e-17
paper,17,9,uniform_trace,0.03,9,0.7,7,1.958531811127398,0.03888888888888887,0.0011666666666666661,0.0011666666666665605,9.051539280007559e-14,8.362734666696147e-17
paper,17,17,single_terminal,0.0001,1,0.7,16,2.0494574723785974,0.00045777211466745284,4.577721146674529e-08,4.5777211210893494e-08,5.589064645916484e-09,1.0766607973901706e-16
paper,17,17,single_terminal,0.0003,1,0.7,16,2.0494574723785974,0.00045777211466745284,1.3733163440023585e-07,1.373316264638002e-07,5.779029495835872e-08,1.0766607973901706e-16
paper,17,17,single_terminal,0.001,1,0.7,16,2.0494574723785974,0.00045777211466745284,4.5777211466745285e-07,4.577718193273482e-07,6.451684040765936e-07,1.0766607973901706e-16
paper,17,17,single_terminal,0.003,1,0.7,16,2.0494574723785974,0.00045777211466745284,1.3733163440023586e-06,1.3733083688138165e-06,5.807247963644046e-06,1.0766607973901706e-16
paper,17,17,single_terminal,0.01,1,0.7,16,2.0494574723785974,0.00045777211466745284,4.577721146674528e-06,4.577425784742933e-06,6.452160848844919e-05,1.0766607973901706e-16
paper,17,17,single_terminal,0.03,1,0.7,16,2.0494574723785974,0.00045777211466745284,1.3733163440023585e-05,1.3725192637217831e-05,0.0005804054426763822,1.0766607973901706e-16
paper,17,17,paper_boundary,0.0001,6,0.7,16,2.0494574723785974,0.010078599841698968,1.0078599841698968e-06,1.0078599384252904e-06,4.538785854284633e-08,1.0766607973901706e-16
paper,17,17,paper_boundary,0.0003,6,0.7,16,2.0494574723785974,0.010078599841698968,3.02357995250969e-06,3.023578717059952e-06,4.086049508875253e-07,1.0766607973901706e-16
paper,17,17,paper_boundary,0.001,6,0.7,16,2.0494574723785974,0.010078599841698968,1.0078599841698968e-05,1.0078554083192692e-05,4.5401650025520114e-06,1.0766607973901706e-16
paper,17,17,paper_boundary,0.003,6,0.7,16,2.0494574723785974,0.010078599841698968,3.0235799525096903e-05,3.0234564037171646e-05,4.086175807031449e-05,1.0766607973901706e-16
paper,17,17,paper_boundary,0.01,6,0.7,16,2.0494574723785974,0.010078599841698968,0.00010078599841698969,0.00010074023640574414,0.000454051276608962,1.0766607973901706e-16
paper,17,17,paper_boundary,0.03,6,0.7,16,2.0494574723785974,0.010078599841698968,0.00030235799525096905,0.0003011216770863745,0.004088921688901787,1.0766607973901706e-16
paper,17,17,uniform_trace,0.0001,17,0.7,6,1.172086661664477,0.020588235294117636,2.0588235294117637e-06,2.0588235293272916e-06,4.1029283726402975e-11,1.0766607973901706e-16
paper,17,17,uniform_trace,0.0003,17,0.7,6,1.172086661664477,0.020588235294117636,6.17647058823529e-06,6.176470588171659e-06,1.030213099125561e-11,1.0766607973901706e-16
paper,17,17,uniform_trace,0.001,17,0.7,6,1.172086661664477,0.020588235294117636,2.058823529411764e-05,2.0588235294042862e-05,3.631980474061041e-12,1.0766607973901706e-16
paper,17,17,uniform_trace,0.003,17,0.7,6,1.172086661664477,0.020588235294117636,6.176470588235291e-05,6.176470588223641e-05,1.886150379400617e-12,1.0766607973901706e-16
paper,17,17,uniform_trace,0.01,17,0.7,6,1.172086661664477,0.020588235294117636,0.00020588235294117637,0.00020588235294102204,7.496328706589422e-13,1.0766607973901706e-16
paper,17,17,uniform_trace,0.03,17,0.7,6,1.172086661664477,0.020588235294117636,0.0006176470588235291,0.0006176470588233893,2.2626783053023686e-13,1.0766607973901706e-16
paper,17,33,single_terminal,0.0001,1,0.7,32,2.073613403684895,2.9377879799722814e-05,2.9377879799722817e-09,2.93778801413176e-09,1.1627618703978389e-08,1.6111613022604528e-16
paper,17,33,single_terminal,0.0003,1,0.7,32,2.073613403684895,2.9377879799722814e-05,8.813363939916844e-09,8.813363513494356e-09,4.838362412652709e-08,1.6111613022604528e-16
paper,17,33,single_terminal,0.001,1,0.7,32,2.073613403684895,2.9377879799722814e-05,2.9377879799722817e-08,2.937786215337357e-08,6.006678959961981e-07,1.6111613022604528e-16
paper,17,33,single_terminal,0.003,1,0.7,32,2.073613403684895,2.9377879799722814e-05,8.813363939916845e-08,8.813316163241297e-08,5.4209352834252675e-06,1.6111613022604528e-16
paper,17,33,single_terminal,0.01,1,0.7,32,2.073613403684895,2.9377879799722814e-05,2.9377879799722815e-07,2.937611021172626e-07,6.023538827920463e-05,1.6111613022604528e-16
paper,17,33,single_terminal,0.03,1,0.7,32,2.073613403684895,2.9377879799722814e-05,8.813363939916844e-07,8.808588338876655e-07,0.0005418590532225155,1.6111613022604528e-16
paper,17,33,paper_boundary,0.0001,11,0.6999999999999998,28,2.0119890701764356,0.004357411096151879,4.3574110961518797e-07,4.357411090283314e-07,1.3468009954086751e-09,1.6111613022604528e-16
paper,17,33,paper_boundary,0.0003,11,0.6999999999999998,28,2.0119890701764356,0.004357411096151879,1.3072233288455636e-06,1.307223311985961e-06,1.2897262601336873e-08,1.6111613022604528e-16
paper,17,33,paper_boundary,0.001,11,0.6999999999999998,28,2.0119890701764356,0.004357411096151879,4.357411096151879e-06,4.357410468752709e-06,1.4398438802318017e-07,1.6111613022604528e-16
paper,17,33,paper_boundary,0.003,11,0.6999999999999998,28,2.0119890701764356,0.004357411096151879,1.3072233288455637e-05,1.3072216343862353e-05,1.2962278832141958e-06,1.6111613022604528e-16
paper,17,33,paper_boundary,0.01,11,0.6999999999999998,28,2.0119890701764356,0.004357411096151879,4.3574110961518795e-05,4.357348339029121e-05,1.4402387420763805e-05,1.6111613022604528e-16
paper,17,33,paper_boundary,0.03,11,0.6999999999999998,28,2.0119890701764356,0.004357411096151879,0.00013072233288455637,0.00013070539016396543,0.0001296084625869228,1.6111613022604528e-16
paper,17,33,uniform_trace,0.0001,33,0.6999999999999998,14,1.3327935191676994,0.010606060606060591,1.060606060606059e-06,1.0606060605235778e-06,7.776809751531415e-11,1.6111613022604528e-16
paper,17,33,uniform_trace,0.0003,33,0.6999999999999998,14,1.3327935191676994,0.010606060606060591,3.181818181818177e-06,3.1818181817421435e-06,2.389623939805418e-11,1.6111613022604528e-16
paper,17,33,uniform_trace,0.001,33,0.6999999999999998,14,1.3327935191676994,0.010606060606060591,1.0606060606060592e-05,1.0606060605946646e-05,1.0743504532806978e-11,1.6111613022604528e-16
paper,17,33,uniform_trace,0.003,33,0.6999999999999998,14,1.3327935191676994,0.010606060606060591,3.181818181818177e-05,3.181818181806504e-05,3.668804626419391e-12,1.6111613022604528e-16
paper,17,33,uniform_trace,0.01,33,0.6999999999999998,14,1.3327935191676994,0.010606060606060591,0.00010606060606060591,0.00010606060606052257,7.858529675211908e-13,1.6111613022604528e-16
paper,17,33,uniform_trace,0.03,33,0.6999999999999998,14,1.3327935191676994,0.010606060606060591,0.0003181818181818177,0.0003181818181817348,2.606731794704438e-13,1.6111613022604528e-16
paper,29,3,single_terminal,0.0001,1,0.7,2,1.8990507311858489,0.049528138796398107,4.952813879639811e-06,4.952813869800441e-06,1.986622237292884e-09,1.5769771845813174e-16
paper,29,3,single_terminal,0.0003,1,0.7,2,1.8990507311858489,0.049528138796398107,1.4858441638919431e-05,1.4858441369686214e-05,1.8119882524366994e-08,1.5769771845813174e-16
paper,29,3,single_terminal,0.001,1,0.7,2,1.8990507311858489,0.049528138796398107,4.9528138796398105e-05,4.952812882145683e-05,2.0139947752426845e-07,1.5769771845813174e-16
paper,29,3,single_terminal,0.003,1,0.7,2,1.8990507311858489,0.049528138796398107,0.0001485844163891943,0.0001485841470627489,1.8126156964565927e-06,1.5769771845813174e-16
paper,29,3,single_terminal,0.01,1,0.7,2,1.8990507311858489,0.049528138796398107,0.0004952813879639811,0.0004952714130040999,2.013998531663887e-05,1.5769771845813174e-16
paper,29,3,single_terminal,0.03,1,0.7,2,1.8990507311858489,0.049528138796398107,0.001485844163891943,0.0014855748632465818,0.00018124420575564866,1.5769771845813174e-16
paper,29,3,paper_boundary,0.0001,1,0.7,2,1.8990507311858489,0.049528138796398107,4.952813879639811e-06,4.952813869800441e-06,1.986622237292884e-09,1.5769771845813174e-16
paper,29,3,paper_boundary,0.0003,1,0.7,2,1.8990507311858489,0.049528138796398107,1.4858441638919431e-05,1.4858441369686214e-05,1.8119882524366994e-08,1.5769771845813174e-16
paper,29,3,paper_boundary,0.001,1,0.7,2,1.8990507311858489,0.049528138796398107,4.9528138796398105e-05,4.952812882145683e-05,2.0139947752426845e-07,1.5769771845813174e-16
paper,29,3,paper_boundary,0.003,1,0.7,2,1.8990507311858489,0.049528138796398107,0.0001485844163891943,0.0001485841470627489,1.8126156964565927e-06,1.5769771845813174e-16
paper,29,3,paper_boundary,0.01,1,0.7,2,1.8990507311858489,0.049528138796398107,0.0004952813879639811,0.0004952714130040999,2.013998531663887e-05,1.5769771845813174e-16
paper,29,3,paper_boundary,0.03,1,0.7,2,1.8990507311858489,0.049528138796398107,0.001485844163891943,0.0014855748632465818,0.00018124420575564866,1.5769771845813174e-16
paper,29,3,uniform_trace,0.0001,3,0.7,2,1.8990507311858489,0.11666666666666667,1.1666666666666668e-05,1.1666666666610117e-05,4.847254944898809e-12,1.5769771845813174e-16
paper,29,3,uniform_trace,0.0003,3,0.7,2,1.8990507311858489,0.11666666666666667,3.5e-05,3.500000000003621e-05,1.0346386446004529e-12,1.5769771845813174e-16
paper,29,3,uniform_trace,0.001,3,0.7,2,1.8990507311858489,0.11666666666666667,0.00011666666666666667,0.0001166666666666162,4.3259666682171627e-13,1.5769771845813174e-16
paper,29,3,uniform_trace,0.003,3,0.7,2,1.8990507311858489,0.11666666666666667,0.00035,0.0003499999999999364,1.8168130690364238e-13,1.5769771845813174e-16
paper,29,3,uniform_trace,0.01,3,0.7,2,1.8990507311858489,0.11666666666666667,0.0011666666666666668,0.0011666666666665946,6.189245544645822e-14,1.5769771845813174e-16
paper,29,3,uniform_trace,0.03,3,0.7,2,1.8990507311858489,0.11666666666666667,0.0035,0.0035000000000000495,1.4125605447239715e-14,1.5769771845813174e-16
paper,29,5,single_terminal,0.0001,1,0.7,4,2.0026923758141577,0.007184948063643519,7.18494806364352e-07,7.18494804008695e-07,3.27859985186015e-09,2.044325800678625e-16
paper,29,5,single_terminal,0.0003,1,0.7,4,2.0026923758141577,0.007184948063643519,2.1554844190930557e-06,2.1554843600015924e-06,2.7414470194094762e-08,2.044325800678625e-16
paper,29,5,single_terminal,0.001,1,0.7,4,2.0026923758141577,0.007184948063643519,7.18494806364352e-06,7.184945881377703e-06,3.037274308809024e-07,2.044325800678625e-16
paper,29,5,single_terminal,0.003,1,0.7,4,2.0026923758141577,0.007184948063643519,2.155484419093056e-05,2.1554785274436206e-05,2.7333296326247805e-06,2.044325800678625e-16
paper,29,5,single_terminal,0.01,1,0.7,4,2.0026923758141577,0.007184948063643519,7.184948063643519e-05,7.184729860579796e-05,3.036946986816253e-05,2.044325800678625e-16
paper,29,5,single_terminal,0.03,1,0.7,4,2.0026923758141577,0.007184948063643519,0.00021554844190930557,0.00021548954025950307,0.0002732640945151647,2.044325800678625e-16
paper,29,5,paper_boundary,0.0001,2,0.7,4,2.0026923758141577,0.03714698887885822,3.7146988878858225e-06,3.714698882637579e-06,1.4128315182890657e-09,2.044325800678625e-16
paper,29,5,paper_boundary,0.0003,2,0.7,4,2.0026923758141577,0.03714698887885822,1.1144096663657466e-05,1.114409652671586e-05,1.2288264329469969e-08,2.044325800678625e-16
paper,29,5,paper_boundary,0.001,2,0.7,4,2.0026923758141577,0.03714698887885822,3.714698887885822e-05,3.71469838134612e-05,1.3636090501723411e-07,2.044325800678625e-16
paper,29,5,paper_boundary,0.003,2,0.7,4,2.0026923758141577,0.03714698887885822,0.00011144096663657466,0.00011144082987509744,1.2272100767965066e-06,2.044325800678625e-16
paper,29,5,paper_boundary,0.01,2,0.7,4,2.0026923758141577,0.03714698887885822,0.0003714698887885822,0.00037146482354694955,1.363567219181307e-05,2.044325800678625e-16
paper,29,5,paper_boundary,0.03,2,0.7,4,2.0026923758141577,0.03714698887885822,0.0011144096663657467,0.0011142729029064227,0.00012272278628913072,2.044325800678625e-16
paper,29,5,uniform_trace,0.0001,5,0.7,0,0.5787534582699929,0.06999999999999998,6.999999999999998e-06,6.999999999953618e-06,6.62573372283664e-12,2.044325800678625e-16
paper,29,5,uniform_trace,0.0003,5,0.7,0,0.5787534582699929,0.06999999999999998,2.0999999999999992e-05,2.0999999999889502e-05,5.261445989125714e-12,2.044325800678625e-16
paper,29,5,uniform_trace,0.001,5,0.7,0,0.5787534582699929,0.06999999999999998,6.999999999999998e-05,6.999999999993134e-05,9.806221435069789e-13,2.044325800678625e-16
paper,29,5,uniform_trace,0.003,5,0.7,0,0.5787534582699929,0.06999999999999998,0.00020999999999999995,0.00020999999999987847,5.784993020333372e-13,2.044325800678625e-16
paper,29,5,uniform_trace,0.01,5,0.7,0,0.5787534582699929,0.06999999999999998,0.0006999999999999998,0.0006999999999999229,1.0981419147031756e-13,2.044325800678625e-16
paper,29,5,uniform_trace,0.03,5,0.7,0,0.5787534582699929,0.06999999999999998,0.0020999999999999994,0.0020999999999999313,3.2422807824804616e-14,2.044325800678625e-16
paper,29,9,single_terminal,0.0001,1,0.7,8,2.0342930885481336,0.0035508904450505187,3.550890445050519e-07,3.550890427737028e-07,4.875816593967014e-09,2.144612190686178e-16
paper,29,9,single_terminal,0.0003,1,0.7,8,2.0342930885481336,0.0035508904450505187,1.0652671335151556e-06,1.0652670861393014e-06,4.4473214948185065e-08,2.144612190686178e-16
paper,29,9,single_terminal,0.001,1,0.7,8,2.0342930885481336,0.0035508904450505187,3.550890445050519e-06,3.550888689497593e-06,4.943979413136186e-07,2.144612190686178e-16
paper,29,9,single_terminal,0.003,1,0.7,8,2.0342930885481336,0.0035508904450505187,1.0652671335151557e-05,1.0652623934763114e-05,4.449624601307057e-06,2.144612190686178e-16
paper,29,9,single_terminal,0.01,1,0.7,8,2.0342930885481336,0.0035508904450505187,3.5508904450505185e-05,3.550714895221921e-05,4.9438255365601254e-05,2.144612190686178e-16
paper,29,9,single_terminal,0.03,1,0.7,8,2.0342930885481336,0.0035508904450505187,0.00010652671335151556,0.000106479332122697,0.00044478260267175133,2.144612190686178e-16
paper,29,9,paper_boundary,0.0001,3,0.7,8,2.0342930885481336,0.02541869837261721,2.5418698372617212e-06,2.541869826256705e-06,4.32949638631007e-09,2.144612190686178e-16
paper,29,9,paper_boundary,0.0003,3,0.7,8,2.0342930885481336,0.02541869837261721,7.625609511785163e-06,7.625609213693743e-06,3.909083199546309e-08,2.144612190686178e-16
paper,29,9,paper_boundary,0.001,3,0.7,8,2.0342930885481336,0.02541869837261721,2.5418698372617212e-05,2.541868733103598e-05,4.3438814497340185e-07,2.144612190686178e-16
paper,29,9,paper_boundary,0.003,3,0.7,8,2.0342930885481336,0.02541869837261721,7.625609511785163e-05,7.62557969935379e-05,3.9095145544465774e-06,2.144612190686178e-16
paper,29,9,paper_boundary,0.01,3,0.7,8,2.0342930885481336,0.02541869837261721,0.00025418698372617213,0.00025417594181273775,4.3440121411848895e-05,2.144612190686178e-16
paper,29,9,paper_boundary,0.03,3,0.7,8,2.0342930885481336,0.02541869837261721,0.0007625609511785163,0.0007622627552654956,0.00039104534865021885,2.144612190686178e-16
paper,29,9,uniform_trace,0.0001,9,0.7,1,0.614519372483752,0.038888888888888855,3.888888888888885e-06,3.888888888830776e-06,1.4942314614982326e-11,2.144612190686178e-16
paper,29,9,uniform_trace,0.0003,9,0.7,1,0.614519372483752,0.038888888888888855,1.1666666666666656e-05,1.1666666666580033e-05,7.424800404335002e-12,2.144612190686178e-16
paper,29,9,uniform_trace,0.001,9,0.7,1,0.614519372483752,0.038888888888888855,3.888888888888886e-05,3.888888888880995e-05,2.0291037265597032e-12,2.144612190686178e-16
paper,29,9,uniform_trace,0.003,9,0.7,1,0.614519372483752,0.038888888888888855,0.00011666666666666657,0.0001166666666666011,5.611907887797296e-13,2.144612190686178e-16
paper,29,9,uniform_trace,0.01,9,0.7,1,0.614519372483752,0.038888888888888855,0.00038888888888888854,0.00038888888888877204,2.9956506025774513e-13,2.144612190686178e-16
paper,29,9,uniform_trace,0.03,9,0.7,1,0.614519372483752,0.038888888888888855,0.0011666666666666657,0.0011666666666665382,1.0928757898653894e-13,2.144612190686178e-16
paper,29,17,single_terminal,0.0001,1,0.7,16,2.0514208945831847,9.476649490768082e-05,9.476649490768082e-09,9.476649407639658e-09,8.771921340322944e-09,7.392591886207284e-17
paper,29,17,single_terminal,0.0003,1,0.7,16,2.0514208945831847,9.476649490768082e-05,2.8429948472304242e-08,2.8429946979718554e-08,5.25004710887868e-08,7.392591886207284e-17
paper,29,17,single_terminal,0.001,1,0.7,16,2.0514208945831847,9.476649490768082e-05,9.476649490768082e-08,9.476644067087439e-08,5.723204860602839e-07,7.392591886207284e-17
paper,29,17,single_terminal,0.003,1,0.7,16,2.0514208945831847,9.476649490768082e-05,2.8429948472304247e-07,2.842980210970847e-07,5.148183645884667e-06,7.392591886207284e-17
paper,29,17,single_terminal,0.01,1,0.7,16,2.0514208945831847,9.476649490768082e-05,9.476649490768082e-07,9.476107444839066e-07,5.719805607918869e-05,7.392591886207284e-17
paper,29,17,single_terminal,0.03,1,0.7,16,2.0514208945831847,9.476649490768082e-05,2.8429948472304245e-06,2.841531991121249e-06,0.0005145475766868479,7.392591886207284e-17
paper,29,17,paper_boundary,0.0001,6,0.7,16,2.0514208945831847,0.003165420514255878,3.165420514255878e-07,3.1654204525903475e-07,1.9480991657581596e-08,7.392591886207284e-17
paper,29,17,paper_boundary,0.0003,6,0.7,16,2.0514208945831847,0.003165420514255878,9.496261542767632e-07,9.496259888177282e-07,1.7423597099163722e-07,7.392591886207284e-17
paper,29,17,paper_boundary,0.001,6,0.7,16,2.0514208945831847,0.003165420514255878,3.165420514255878e-06,3.165414387325087e-06,1.935581943488141e-06,7.392591886207284e-17
paper,29,17,paper_boundary,0.003,6,0.7,16,2.0514208945831847,0.003165420514255878,9.496261542767634e-06,9.496096118607328e-06,1.7419924626278846e-05,7.392591886207284e-17
paper,29,17,paper_boundary,0.01,6,0.7,16,2.0514208945831847,0.003165420514255878,3.165420514255878e-05,3.1648079200211066e-05,0.00019352696806403737,7.392591886207284e-17
paper,29,17,paper_boundary,0.03,6,0.7,16,2.0514208945831847,0.003165420514255878,9.496261542767633e-05,9.47974230399995e-05,0.0017395517902794187,7.392591886207284e-17
paper,29,17,uniform_trace,0.0001,17,0.7,8,1.4448936811695767,0.020588235294117616,2.0588235294117616e-06,2.058823529351039e-06,2.949379612763086e-11,7.392591886207284e-17
paper,29,17,uniform_trace,0.0003,17,0.7,8,1.4448936811695767,0.020588235294117616,6.176470588235284e-06,6.176470588092911e-06,2.3050952952067315e-11,7.392591886207284e-17
paper,29,17,uniform_trace,0.001,17,0.7,8,1.4448936811695767,0.020588235294117616,2.0588235294117615e-05,2.0588235294035734e-05,3.977076217337257e-12,7.392591886207284e-17
paper,29,17,uniform_trace,0.003,17,0.7,8,1.4448936811695767,0.020588235294117616,6.176470588235285e-05,6.17647058821502e-05,3.281015195809382e-12,7.392591886207284e-17
paper,29,17,uniform_trace,0.01,17,0.7,8,1.4448936811695767,0.020588235294117616,0.00020588235294117615,0.00020588235294111143,3.143876528158686e-13,7.392591886207284e-17
paper,29,17,uniform_trace,0.03,17,0.7,8,1.4448936811695767,0.020588235294117616,0.0006176470588235284,0.0006176470588233895,2.2486353057349397e-13,7.392591886207284e-17
paper,29,33,single_terminal,0.0001,1,0.7,32,2.0709779422681778,6.035026944977581e-05,6.035026944977581e-09,6.035026945116215e-09,2.29715322842154e-11,3.0033551649041733e-16
paper,29,33,single_terminal,0.0003,1,0.7,32,2.0709779422681778,6.035026944977581e-05,1.8105080834932742e-08,1.8105080107496622e-08,4.0178562414204456e-08,3.0033551649041733e-16
paper,29,33,single_terminal,0.001,1,0.7,32,2.0709779422681778,6.035026944977581e-05,6.035026944977581e-08,6.035024148367922e-08,4.6339638320990704e-07,3.0033551649041733e-16
paper,29,33,single_terminal,0.003,1,0.7,32,2.0709779422681778,6.035026944977581e-05,1.8105080834932744e-07,1.8105005243802819e-07,4.1751335227218e-06,3.0033551649041733e-16
paper,29,33,single_terminal,0.01,1,0.7,32,2.0709779422681778,6.035026944977581e-05,6.035026944977581e-07,6.03474698025741e-07,4.638997020612645e-05,3.0033551649041733e-16
paper,29,33,single_terminal,0.03,1,0.7,32,2.0709779422681778,6.035026944977581e-05,1.8105080834932741e-06,1.8097524583440827e-06,0.00041735530268028237,3.0033551649041733e-16
paper,29,33,paper_boundary,0.0001,11,0.6999999999999998,1,0.5168581554810756,0.007590933594446896,7.590933594446896e-07,7.590933519055487e-07,9.93177024085534e-09,3.0033551649041733e-16
paper,29,33,paper_boundary,0.0003,11,0.6999999999999998,1,0.5168581554810756,0.007590933594446896,2.2772800783340687e-06,2.2772798710726794e-06,9.101269152922256e-08,3.0033551649041733e-16
paper,29,33,paper_boundary,0.001,11,0.6999999999999998,1,0.5168581554810756,0.007590933594446896,7.5909335944468956e-06,7.5909259168826355e-06,1.0114123861815835e-06,3.0033551649041733e-16
paper,29,33,paper_boundary,0.003,11,0.6999999999999998,1,0.5168581554810756,0.007590933594446896,2.2772800783340688e-05,2.2772593486772644e-05,9.102813923329873e-06,3.0033551649041733e-16
paper,29,33,paper_boundary,0.01,11,0.6999999999999998,1,0.5168581554810756,0.007590933594446896,7.590933594446896e-05,7.590165743951403e-05,0.00010115363096502671,3.0033551649041733e-16
paper,29,33,paper_boundary,0.03,11,0.6999999999999998,1,0.5168581554810756,0.007590933594446896,0.00022772800783340687,0.00022752048320010682,0.000911282873259342,3.0033551649041733e-16
paper,29,33,uniform_trace,0.0001,33,0.6999999999999998,14,1.3391948660312814,0.010606060606060593,1.0606060606060593e-06,1.0606060605032202e-06,9.696259617857244e-11,3.0033551649041733e-16
paper,29,33,uniform_trace,0.0003,33,0.6999999999999998,14,1.3391948660312814,0.010606060606060593,3.1818181818181775e-06,3.181818181717046e-06,3.178418531747716e-11,3.0033551649041733e-16
paper,29,33,uniform_trace,0.001,33,0.6999999999999998,14,1.3391948660312814,0.010606060606060593,1.0606060606060594e-05,1.0606060605965445e-05,8.971182474348617e-12,3.0033551649041733e-16
paper,29,33,uniform_trace,0.003,33,0.6999999999999998,14,1.3391948660312814,0.010606060606060593,3.181818181818178e-05,3.181818181807738e-05,3.2812023497558225e-12,3.0033551649041733e-16
paper,29,33,uniform_trace,0.01,33,0.6999999999999998,14,1.3391948660312814,0.010606060606060593,0.00010606060606060593,0.00010606060606044293,1.5368217301426603e-12,3.0033551649041733e-16
paper,29,33,uniform_trace,0.03,33,0.6999999999999998,14,1.3391948660312814,0.010606060606060593,0.00031818181818181777,0.00031818181818173586,2.5743606155545133e-13,3.0033551649041733e-16
