profile,seed,chain_size,beta,steps,physical_time,dynamic_vs_implicit_relative_error,dynamic_vs_centered_relative_error,exact_truncation_relative_error,state_error_bound_relative,residual_bound_relative,residual_relaxation_bound_relative,state_error_bound_holds,residual_bound_holds,plus_state_frobenius_error,minus_state_frobenius_error,plus_parameter_map_lipschitz,minus_parameter_map_lipschitz,plus_endpoint_curvature,minus_endpoint_curvature,minimum_endpoint_curvature,global_strong_convexity_lower_bound,floor_only_strong_convexity_margin,achieved_max_residual,achieved_max_velocity
paper,17,5,0.035,100,20.0,0.2071022724039714,0.20660844520340668,0.002494800575434768,1.088589941245565,3.53140077359873,3.5289059730232957,True,True,0.06099414108934534,0.06607005821773747,0.3389864374232872,0.3389051648343332,0.24485768212557313,0.23173421083909534,0.23173421083909534,0.17791398515282805,0.015,0.009379315812698127,0.011219518687745214
paper,17,5,0.035,300,60.0,0.012578730445945747,0.013486622189515062,0.002494800575434768,0.04950311298013781,0.4376469682837196,0.43515216770828485,True,True,0.0027263139471642097,0.0027735213958939055,0.3389515391425845,0.3389064641982036,0.24485768212557313,0.23173421083909534,0.23173421083909534,0.17791398515282805,0.015,0.0012077226573378292,0.0009930167277648616
paper,17,5,0.035,900,180.0,0.002500142845841732,1.6329656397474026e-05,0.002494800575434768,0.002584669602413917,0.003827600886410567,0.0013328003109757986,True,True,3.608094827604915e-06,6.906558766005822e-06,0.33895154118472554,0.33890516691822026,0.24485768212557313,0.23173421083909534,0.23173421083909534,0.17791398515282805,0.015,3.7375245399907295e-06,3.0243579644140862e-06
paper,17,5,0.035,2700,540.0,0.002494800575322321,5.517347595009621e-13,0.002494800575434768,0.002494800579600234,0.0024948006342748307,5.88400625494663e-11,True,True,1.5891960503036608e-13,3.284399505238468e-13,0.3389515391425845,0.33890516483433325,0.24485768212557313,0.23173421083909534,0.23173421083909534,0.17791398515282805,0.015,2.038884554158249e-13,1.181074662981696e-13
paper,17,5,0.035,8100,1620.0,0.002494800575317729,3.3148405657371326e-13,0.002494800575434768,0.0024948005767006167,0.0024948005755239216,8.915328096516418e-14,True,True,2.3962305905408062e-14,1.2414529373017267e-13,0.3389515391425845,0.3389051648343332,0.24485768212557313,0.23173421083909534,0.23173421083909534,0.17791398515282805,0.015,2.665835984225005e-16,3.0879920141504124e-16
paper,17,9,0.035,100,20.0,6.102781742953678,6.1009903455694925,0.012777481362291225,12.926648543118132,39.064023739966444,39.05124625860415,True,True,0.09814885837414095,0.10666470043559008,0.3385695386557152,0.3385759035242425,0.24693803790808447,0.23999949750240948,0.23999949750240948,0.17791398515282805,0.015,0.013878172626048697,0.01817607092624722
paper,17,9,0.035,300,60.0,0.5320290534799492,0.5325455036737673,0.012777481362291225,2.6260451106073255,12.518126868831713,12.50534938746942,True,True,0.019844572898945135,0.021602426165530212,0.3385695386557152,0.3385655113607149,0.24693803790808447,0.23999949750240948,0.23999949750240948,0.17791398515282805,0.015,0.004716446964631548,0.0055455575745462895
paper,17,9,0.035,900,180.0,0.01501638769953772,0.008035957647131952,0.012777481362291225,0.08977051970637648,0.45000371729981015,0.4372262359375189,True,True,0.0006439653543285479,0.0005771603799455469,0.3385695773492374,0.3385655113607149,0.24693803790808447,0.23999949750240948,0.23999949750240948,0.17791398515282805,0.015,0.00016136911543293325,0.00016498215568807743
paper,17,9,0.035,2700,540.0,0.012777424292729945,8.27082106685514e-07,0.012777481362291225,0.012783358687768726,0.012987416813520506,0.0002099354512292787,True,True,4.564503166910043e-08,4.757063033181705e-08,0.3385695386557152,0.3385655113705646,0.24693803790808447,0.23999949750240948,0.23999949750240948,0.17791398515282805,0.015,8.01841366668878e-08,7.737091400149295e-08
paper,17,9,0.035,8100,1620.0,0.012777481362282633,3.770115853817781e-14,0.012777481362291225,0.012777481362841122,0.012777481363535214,1.2439904000089979e-12,True,True,8.064384165106537e-16,7.91508248689208e-15,0.3385695386557152,0.3385655113607149,0.24693803790808447,0.23999949750240948,0.23999949750240948,0.17791398515282805,0.015,4.736843432626723e-16,4.0240597791097607e-16
paper,29,5,0.035,100,20.0,0.23387755376119856,0.2349946917781987,0.003583939743157112,1.2972482823189229,3.964984813364549,3.961400873621392,True,True,0.054091478610967594,0.06308227056096337,0.3396393965532554,0.3396414909281816,0.2591881488853396,0.24480650813730923,0.24480650813730923,0.19345636990194923,0.015,0.00898252596585703,0.009934782239441572
paper,29,5,0.035,300,60.0,0.022159046077896122,0.024363658795361613,0.003583939743157112,0.05980495029569927,0.3626402272078527,0.3590562874646956,True,True,0.0032609635625572243,0.001831288514739556,0.3396394489654413,0.3396369409516995,0.2591881488853396,0.24480650813730923,0.24480650813730923,0.19345636990194923,0.015,0.000786709646778508,0.0006507653303537449
paper,29,5,0.035,900,180.0,0.00357605164787762,4.2327431153992564e-05,0.003583939743157112,0.003694027228765933,0.006759887794209953,0.003175948051052841,True,True,4.981484456340944e-06,4.989767880821856e-06,0.3396393965532554,0.3396369051814395,0.2591881488853396,0.24480650813730923,0.24480650813730923,0.19345636990194923,0.015,7.332037512553017e-06,3.873848695063793e-06
paper,29,5,0.035,2700,540.0,0.003583939733569229,4.2429776153885103e-11,0.003583939743157112,0.003583939915402776,0.003583946810484589,7.06732747669143e-09,True,True,5.4237362162873154e-12,1.0177554819429288e-11,0.3396393965532554,0.33963690396306995,0.2591881488853396,0.24480650813730923,0.24480650813730923,0.19345636990194923,0.015,2.4138882290257852e-11,9.703674835882426e-12
paper,29,5,0.035,8100,1620.0,0.003583939743123058,5.803686878250085e-14,0.003583939743157112,0.0035839397436679,0.0035839397432545737,9.746155819644036e-14,True,True,1.8759621297727468e-14,2.7505392290613436e-14,0.33963939655325553,0.3396369039630688,0.2591881488853396,0.24480650813730923,0.24480650813730923,0.19345636990194923,0.015,2.380556418436547e-16,3.136244283517499e-16
paper,29,9,0.035,100,20.0,7.861220941842628,7.859350520445046,0.013959852646503105,13.938353138932808,41.44914359078009,41.43518373813359,True,True,0.09449060331044798,0.10307154020591873,0.3408066571779188,0.3408240354185704,0.2558057234353482,0.24707278553882503,0.24707278553882503,0.18174861718297367,0.015,0.013505108027468555,0.016902492496239558
paper,29,9,0.035,300,60.0,2.4231645267476694,2.424621058309927,0.013959852646503105,3.948427731996523,13.291146998058613,13.277187145412109,True,True,0.02691384054452069,0.02890975836530968,0.34081194807291665,0.3408126026681422,0.2558057234353482,0.24707278553882503,0.24707278553882503,0.18174861718297367,0.015,0.004425778547920745,0.005711295522451356
paper,29,9,0.035,900,180.0,0.03286252855077053,0.02875452318463789,0.013959852646503105,0.14220215438589465,1.1552990150829916,1.1413391624364884,True,True,0.0007673177180053312,0.001052239313945669,0.34080712632775906,0.3408126026681422,0.2558057234353482,0.24707278553882503,0.24707278553882503,0.18174861718297367,0.015,0.000431939528889636,0.000383340174346382
paper,29,9,0.035,2700,540.0,0.01395915026869946,0.00017129140936849563,0.013959852646503105,0.014715964601456912,0.07364724353696278,0.05968739089045968,True,True,4.520554287161502e-06,6.207494045271747e-06,0.34080665954430117,0.3408126026681422,0.2558057234353482,0.24707278553882503,0.24707278553882503,0.18174861718297367,0.015,2.3340349341615525e-05,2.0357077107445664e-05
paper,29,9,0.035,8100,1620.0,0.013959850876781081,1.0533825784128822e-07,0.013959852646503105,0.013960381509646035,0.014007661537791562,4.780889128845721e-05,True,True,1.8419459299010253e-09,5.661773495801282e-09,0.3408066571789528,0.3408126026681422,0.2558057234353482,0.24707278553882503,0.24707278553882503,0.18174861718297367,0.015,2.3566613517458136e-08,1.395505172418899e-08
