profile,seed,chain_size,beta,requested_tolerance,plus_converged,minus_converged,both_converged,plus_steps,minus_steps,gradient_cosine,dynamic_vs_implicit_relative_error,dynamic_vs_centered_relative_error,exact_truncation_relative_error,state_error_bound_relative,residual_bound_relative,residual_relaxation_bound_relative,state_error_bound_holds,residual_bound_holds,plus_state_frobenius_error,minus_state_frobenius_error,plus_parameter_map_lipschitz,minus_parameter_map_lipschitz,plus_endpoint_curvature,minus_endpoint_curvature,minimum_endpoint_curvature,global_strong_convexity_lower_bound,floor_only_strong_convexity_margin,achieved_max_residual,achieved_max_velocity
paper,17,5,0.12,0.003,True,True,True,400,400,0.9997299976394115,0.025125648456523007,0.007834249560512305,0.028874672901216168,0.05589840078165205,0.46353597726609025,0.4346613043648741,True,True,0.006188612972297121,0.004651331798790731,0.33900108723594596,0.33884431446287366,0.26006024984229775,0.21499443891201217,0.21499443891201217,0.09291398515282806,-0.06999999999999999,0.0021773505830649125,0.0021784856224390478
paper,17,5,0.08,0.003,True,True,True,350,350,0.9997915167196995,0.024044248590598203,0.015969412525043237,0.012960947335462259,0.05887014306794439,0.473697050760437,0.46073610342497473,True,True,0.006926512027511173,0.005350460280675388,0.33897870514354167,0.33887384429662054,0.2530515906494312,0.2229233400902464,0.2229233400902464,0.13291398515282804,-0.03,0.0021685825120027436,0.0022043268079729532
paper,17,5,0.05,0.003,True,True,True,300,300,0.9999144072703716,0.018072170164713734,0.015027904376203594,0.005084665862326496,0.0663612492457619,0.5278426162525386,0.5227579503902121,True,True,0.0064923111594188355,0.0037491332434084635,0.3389608307150527,0.3388953513836966,0.2476089737096455,0.22885618912218292,0.22885618912218292,0.16291398515282807,0.0,0.0017926652260194314,0.0016229184960384253
paper,17,5,0.035,0.003,True,True,True,275,275,0.9998624914853237,0.025981520037598224,0.026702514802208522,0.002494800575434768,0.09532830694860334,0.7239268907553911,0.7214320901799564,True,True,0.006513220745808198,0.004347877232628702,0.3389515391425845,0.3389065513274458,0.24485768212557313,0.23173421083909534,0.23173421083909534,0.17791398515282805,0.015,0.0019713268701159067,0.0025802233920737844
paper,17,5,0.02,0.003,True,True,True,200,200,0.9984622971943286,0.059194472278532986,0.05931222175045938,0.0008153138410627068,0.20253500664828722,1.0481985867677504,1.0473832729266876,True,True,0.00652677129345316,0.006959285998494518,0.33894201271548197,0.3389168422728008,0.24210624721773777,0.2346449712766659,0.2346449712766659,0.19291398515282807,0.030000000000000002,0.0017118218198925307,0.001774223567897106
paper,17,5,0.01,0.003,True,True,True,175,175,0.999502128038777,0.12544558613482934,0.12534171099189156,0.00020389000182897445,0.3012408021056009,1.1497903795295443,1.1495864895277155,True,True,0.005343484146772628,0.0047194782878234665,0.33893587644157247,0.3389222730510984,0.24028105774838834,0.23657554129323619,0.23657554129323619,0.20291398515282805,0.04,0.0009869569951135469,0.0012079178606890495
paper,17,5,0.005,0.003,True,True,True,125,125,0.9955425827146356,0.11675606775741193,0.11678622185842227,5.0976331423677755e-05,0.8475914140590494,4.665428595242471,4.665377618911046,True,True,0.007047811861495967,0.007117856255024529,0.3389325768643538,0.33892562486700717,0.23937355713967318,0.23755062125472493,0.23755062125472493,0.20791398515282805,0.045000000000000005,0.002029954422105317,0.002104484095207087
paper,17,5,0.12,0.001,True,True,True,500,525,0.9997279778832365,0.027780180775913297,0.0018281216585722272,0.028874672901216168,0.03634828845834542,0.16602956904901753,0.13715489614780135,True,True,0.0017563553272061756,0.0012414943482927856,0.33900108723594596,0.3388437618938322,0.26006024984229775,0.21499443891201217,0.21499443891201217,0.09291398515282806,-0.06999999999999999,0.000663093048043637,0.0006554008346016985
paper,17,5,0.08,0.001,True,True,True,450,475,0.9999469235263775,0.012351472150751035,0.002003145760084441,0.012960947335462259,0.025070236808526138,0.15875271986687672,0.14579177253141448,True,True,0.002159877115484295,0.0010782695184085173,0.33897870514354167,0.33887367125553847,0.2530515906494312,0.2229233400902464,0.2229233400902464,0.13291398515282804,-0.03,0.0006526143597548331,0.00058229229410329
paper,17,5,0.05,0.001,True,True,True,400,425,0.9999864747542624,0.005802629542659898,0.004138320367503904,0.005084665862326496,0.021706339892777652,0.2290681480271851,0.2239834821648586,True,True,0.0017368296811140426,0.0010412337008473048,0.3389608307150527,0.338895378627652,0.2476089737096455,0.22885618912218292,0.22885618912218292,0.16291398515282807,0.0,0.0008051003994260411,0.0005959972423859859
paper,17,5,0.035,0.001,True,True,True,375,375,0.9999680048318283,0.010957997859344027,0.01012235472121595,0.002494800575434768,0.031834395664610236,0.26750012798243417,0.26500532740699945,True,True,0.001737568951866009,0.0016950755975169898,0.3389515391425845,0.3389059952159927,0.24485768212557313,0.23173421083909534,0.23173421083909534,0.17791398515282805,0.015,0.0006979874407771487,0.0006931433935912625
paper,17,5,0.02,0.001,True,True,True,325,325,0.9999382357237762,0.013923362415202731,0.014144239554440854,0.0008153138410627068,0.04689950990434827,0.3622891112751174,0.3614737974340547,True,True,0.0016406660560858042,0.0014403050557121094,0.33894201271548197,0.3389160504744572,0.24210624721773777,0.2346449712766659,0.2346449712766659,0.19291398515282807,0.030000000000000002,0.000589770796693455,0.0006323909090991292
paper,17,5,0.01,0.001,True,True,True,250,250,0.9999234755217897,0.020217531940421182,0.02028822776588312,0.00020389000182897445,0.10283949926677903,0.6681042197099283,0.6679003297080993,True,True,0.0017157614924795295,0.001715112526785655,0.3389355330415535,0.33892251237738485,0.24028105774838834,0.23657554129323619,0.23657554129323619,0.20291398515282805,0.04,0.0005706498789164676,0.0007142744814253064
paper,17,5,0.005,0.001,True,True,True,175,175,0.9966373823235426,0.14381795815654125,0.14383830279577944,5.0976331423677755e-05,0.23309751595944622,1.0238483292677685,1.0237973529363449,True,True,0.0019432162717699113,0.001951884064665497,0.3389335646362744,0.33892562486700717,0.23937355713967318,0.23755062125472493,0.23755062125472493,0.20791398515282805,0.045000000000000005,0.0004477803610613709,0.0006000382377710695
paper,17,5,0.12,0.0003,True,True,True,600,650,0.9997174836518771,0.028698274293647727,0.00037487962140525115,0.028874672901216168,0.030921511054978857,0.0772873157240522,0.048412642822836034,True,True,0.0005646281540375699,0.000256369454642643,0.339001273322758,0.338843790912055,0.26006024984229775,0.21499443891201217,0.21499443891201217,0.09291398515282806,-0.06999999999999999,0.00023775552360986077,0.00019509657771289552
paper,17,5,0.08,0.0003,True,True,True,600,600,0.9999441050549062,0.013190827037339451,0.0005174824520186129,0.012960947335462259,0.015318952370682211,0.05313160660991627,0.04017065927445401,True,True,0.0003918453303620198,0.00023871833076526992,0.33897870514354167,0.3388732066091559,0.2530515906494312,0.2229233400902464,0.2229233400902464,0.13291398515282804,-0.03,0.0001849280184482626,0.0001756257175823679
paper,17,5,0.05,0.0003,True,True,True,525,550,0.9999914730288805,0.005241232444041147,0.0008702882949800166,0.005084665862326496,0.009464314251968883,0.06982378043784496,0.06473911457551845,True,True,0.00045488194378704854,0.00027711155875024347,0.3389608307150527,0.3388948100193954,0.2476089737096455,0.22885618912218292,0.22885618912218292,0.16291398515282807,0.0,0.00022551180875723066,0.0001775237781412118
paper,17,5,0.035,0.0003,True,True,True,500,500,0.9999971627261369,0.003199980146559227,0.001549008013292076,0.002494800575434768,0.008514603180554118,0.08177472730441902,0.07927992672898426,True,True,0.00040670897439954714,0.00029758367009580645,0.3389515391425845,0.33890536084998085,0.24485768212557313,0.23173421083909534,0.23173421083909534,0.17791398515282805,0.015,0.00023902201968806525,0.00017579463904107638
paper,17,5,0.02,0.0003,True,True,True,450,450,0.9999959019288538,0.0032118287845929222,0.002795247015821169,0.0008153138410627068,0.011008995858557958,0.12247502924886024,0.12165971540779752,True,True,0.00040908986267398407,0.00027240818923398566,0.33894201271548197,0.33891569825871576,0.24210624721773777,0.2346449712766659,0.2346449712766659,0.19291398515282807,0.030000000000000002,0.00019703756758447446,0.00022523471712167828
paper,17,5,0.01,0.0003,True,True,True,375,375,0.9999628204819285,0.01162730013965773,0.011571705510771427,0.00020389000182897445,0.0299906167689223,0.23950937524639843,0.23930548524456943,True,True,0.0005015947132472994,0.0004941073091671908,0.3389355330415535,0.33892257170722967,0.24028105774838834,0.23657554129323619,0.23657554129323619,0.20291398515282805,0.04,0.0002042326391686946,0.0002464172768318272
paper,17,5,0.005,0.0003,True,True,True,300,300,0.9998330472734147,0.02362184596604671,0.023592375925685236,5.0976331423677755e-05,0.05066068947030457,0.38731686640408675,0.3872658900726631,True,True,0.0004415505765613797,0.00040433259622334856,0.3389322551968039,0.33892582324512943,0.23937355713967318,0.23755062125472493,0.23755062125472493,0.20791398515282805,0.045000000000000005,0.00016882778365052704,0.0001598051131120113
paper,17,5,0.12,0.0001,True,True,True,725,750,0.9997156362653215,0.028925005459414524,0.00013591564063541298,0.028874672901216168,0.029538577043191128,0.04525667728323692,0.01638200438202075,True,True,0.00016018270181156349,0.00010612348980999209,0.33900116754152887,0.3388437618938322,0.26006024984229775,0.21499443891201217,0.21499443891201217,0.09291398515282806,-0.06999999999999999,8.428786577432314e-05,7.04007204391142e-05
paper,17,5,0.08,0.0001,True,True,True,700,700,0.999944303378514,0.01297538008847905,0.00019504332798021796,0.012960947335462259,0.013844287442077904,0.030392211165333173,0.017431263829870914,True,True,0.00013120667365615595,0.00010501574637080664,0.338978733631236,0.3388731105739223,0.2530515906494312,0.2229233400902464,0.2229233400902464,0.13291398515282804,-0.03,8.264140946352065e-05,6.297035471444468e-05
paper,17,5,0.05,0.0001,True,True,True,650,650,0.9999913891460508,0.005125701885672845,0.0003100104683490892,0.005084665862326496,0.006477039385374962,0.023900357227163112,0.018815691364836615,True,True,0.00012817586931266882,0.00010454202523761857,0.3389608307150527,0.3388946963140315,0.2476089737096455,0.22885618912218292,0.22885618912218292,0.16291398515282807,0.0,6.701027312489004e-05,6.700868720108794e-05
paper,17,5,0.035,0.0001,True,True,True,600,625,0.9999977302369526,0.002607465106422804,0.0004986908668326543,0.002494800575434768,0.004432028213964697,0.028128804336598746,0.025634003761163978,True,True,0.0001246480105762555,0.00010200070216962862,0.3389515391425845,0.33890523888455004,0.24485768212557313,0.23173421083909534,0.23173421083909534,0.17791398515282805,0.015,6.829785320998111e-05,6.568392453997449e-05
paper,17,5,0.02,0.0001,True,True,True,550,550,0.9999994894823079,0.0010408155739191807,0.0008550613726202623,0.0008153138410627068,0.004670977453344561,0.0456561319978404,0.04484081815677769,True,True,0.00015259173461291595,0.00010517864914864878,0.33894201271548197,0.33891557523437876,0.24210624721773777,0.2346449712766659,0.2346449712766659,0.19291398515282807,0.030000000000000002,7.693946236850887e-05,5.807075585726597e-05
paper,17,5,0.01,0.0001,True,True,True,500,500,0.9999978174624541,0.002113271112483948,0.0021741812319703534,0.00020389000182897445,0.007255422306321968,0.07649343593030442,0.07628954592847545,True,True,0.00012358519711363743,0.00011213124913656599,0.3389355330415535,0.33892237724659396,0.24028105774838834,0.23657554129323619,0.23657554129323619,0.20291398515282805,0.04,6.792073712403053e-05,6.346487288534724e-05
paper,17,5,0.005,0.0001,True,True,True,400,425,0.9999923727073617,0.004709592138364175,0.0047359078283343535,5.0976331423677755e-05,0.016313250604129834,0.17012271303747503,0.17007173670605136,True,True,0.0001403912706225184,0.00013141401661276368,0.3389322551968039,0.3389257199911273,0.23937355713967318,0.23755062125472493,0.23755062125472493,0.20791398515282805,0.045000000000000005,7.912968167708992e-05,5.553721456286675e-05
paper,17,5,0.12,3e-05,True,True,True,850,900,0.9997162751012625,0.028897429217397737,3.7248668034957355e-05,0.028874672901216168,0.02907153942748827,0.0333869031600042,0.004512230258788028,True,True,4.790913439738373e-05,3.105806847458157e-05,0.3390011113430561,0.33884377026672136,0.26006024984229775,0.21499443891201217,0.21499443891201217,0.09291398515282806,-0.06999999999999999,2.3000910110854186e-05,2.1514475441681387e-05
paper,17,5,0.08,3e-05,True,True,True,825,850,0.9999442103144944,0.012962858277855031,3.600064931179673e-05,0.012960947335462259,0.013218568190948028,0.017391074381981887,0.004430127046519628,True,True,2.816420211169935e-05,4.0731800681504144e-05,0.33897872750402475,0.3388731212468096,0.2530515906494312,0.2229233400902464,0.2229233400902464,0.13291398515282804,-0.03,2.0783707978577392e-05,2.1326062878654522e-05
paper,17,5,0.05,3e-05,True,True,True,775,775,0.999991477746342,0.005096143689501366,9.547626545937771e-05,0.005084665862326496,0.005551397910229673,0.011317067967485543,0.006232402105159047,True,True,3.417084075214697e-05,4.3839330111954914e-05,0.33896083087445994,0.33889465559484544,0.2476089737096455,0.22885618912218292,0.22885618912218292,0.16291398515282807,0.0,2.1489683535119064e-05,1.9718077615590902e-05
paper,17,5,0.035,3e-05,True,True,True,750,750,0.9999978770161216,0.0025387471699711895,0.0001828386611842032,0.002494800575434768,0.003188786176846177,0.011079519999365786,0.008584719423931018,True,True,3.646730513754903e-05,4.4727657752464556e-05,0.3389515391425845,0.338905174505845,0.24485768212557313,0.23173421083909534,0.23173421083909534,0.17791398515282805,0.015,2.3111561927338742e-05,1.7458382223411336e-05
paper,17,5,0.02,3e-05,True,True,True,675,675,0.9999996862744601,0.0009154136270578983,0.00032298102850073895,0.0008153138410627068,0.0019692995025658916,0.013651380255202746,0.012836066414140038,True,True,3.691058111358968e-05,4.02398183669688e-05,0.33894201271548197,0.33891551721635405,0.24210624721773777,0.2346449712766659,0.2346449712766659,0.19291398515282807,0.030000000000000002,2.131501393418931e-05,1.7756832287118284e-05
paper,17,5,0.01,3e-05,True,True,True,600,600,0.9999998181527269,0.0006695868983129465,0.0005874195023551165,0.00020389000182897445,0.002360330037641126,0.02198024502350894,0.021776355021679968,True,True,3.563443626769259e-05,3.64504681732792e-05,0.3389355330415535,0.33892229880152835,0.24028105774838834,0.23657554129323619,0.23657554129323619,0.20291398515282805,0.04,1.9419126044706422e-05,1.839666493641607e-05
paper,17,5,0.005,3e-05,True,True,True,550,550,0.9999995315897902,0.0009941467613178861,0.001000713893662526,5.0976331423677755e-05,0.0045198832369721656,0.05049466949893939,0.050443693167515714,True,True,3.93997171185184e-05,3.5292934314551935e-05,0.3389322551968039,0.3389256516278137,0.23937355713967318,0.23755062125472493,0.23755062125472493,0.20791398515282805,0.045000000000000005,2.3188484771171104e-05,1.5511489896135846e-05
paper,17,9,0.12,0.003,True,True,True,700,775,0.989594955721576,0.15739310343917085,0.03362958848882463,0.15275391980539582,0.5534066942027144,4.1967387100505515,4.043984790245156,True,True,0.011582333296625398,0.010204340340569919,0.33857353654482797,0.3385599048720315,0.2535861201364963,0.23150766828765335,0.23150766828765335,0.09291398515282806,-0.06999999999999999,0.0026436793915610426,0.002911879979558846
paper,17,9,0.08,0.003,True,True,True,575,650,0.9905315225283527,0.15220717207986525,0.1435189576769331,0.06725071109946491,0.6676713666473096,3.8991183703176437,3.831867659218179,True,True,0.012392352597759346,0.009374033770886588,0.3385717637271503,0.33856251147484084,0.25071554433114684,0.2352661434024958,0.2352661434024958,0.13291398515282804,-0.03,0.002395363209368431,0.0025954321445319515
paper,17,9,0.05,0.003,True,True,True,525,525,0.991365444897294,0.19406871768101494,0.18995251632598834,0.026126397130602545,0.8991525238402103,4.714111582146556,4.687985185015953,True,True,0.009984114469741335,0.009796411959948997,0.3385703095157385,0.33856539267908664,0.2482630495145249,0.23841084548236102,0.23841084548236102,0.16291398515282807,0.0,0.0022950773037870536,0.002642226871073638
paper,17,9,0.035,0.003,True,True,True,450,425,0.9566060041362741,0.3006096272818772,0.30123329276168215,0.012777481362291225,1.3137197534128375,6.39104110744533,6.378263626083039,True,True,0.010336366496832705,0.010296790940702518,0.3385717508714541,0.3385655113607149,0.24693803790808447,0.23999949750240948,0.23999949750240948,0.17791398515282805,0.015,0.0024549375897742,0.00252232424337614
paper,17,9,0.02,0.003,True,True,True,375,350,0.8312296743160217,0.6756786199885992,0.6762052545611471,0.004166946589225939,2.4488964334876515,10.297532628283053,10.293365681693828,True,True,0.010891391828970559,0.01126505658052204,0.33857136016227474,0.3385664374992524,0.24554894567344576,0.24156899827445313,0.24156899827445313,0.19291398515282807,0.030000000000000002,0.002437014739765855,0.002798292000446388
paper,17,9,0.01,0.003,True,True,True,250,250,0.8037071655173978,1.4404881555938274,1.4404251664950525,0.0010412494451374603,5.803746129914939,19.76557910508377,19.764537855638636,True,True,0.013059075803903366,0.01323577279186877,0.33856818446080283,0.3385682022440244,0.24458906318089776,0.24259639576009182,0.24259639576009182,0.20291398515282805,0.04,0.0022984753101181975,0.002389579841385443
paper,17,9,0.005,0.003,True,True,True,75,75,-0.9698611623320691,9.106586284155407,9.106622494554557,0.00026028178456423114,12.38515259597957,36.88238342776166,36.88212314597709,True,True,0.013903570539474431,0.0141573136948937,0.33857077086430787,0.3385673281578502,0.24409958273023535,0.24310291422860833,0.24310291422860833,0.20791398515282805,0.045000000000000005,0.002175431759098899,0.002892810166054758
paper,17,9,0.12,0.001,True,True,True,975,1000,0.9893860888802011,0.15543333105063642,0.027778752261592838,0.15275391980539582,0.28854654959058224,1.5474219270880107,1.3946680072826148,True,True,0.004072225235403802,0.003311895897270612,0.33857353654482797,0.33855957919406293,0.2535861201364963,0.23150766828765335,0.23150766828765335,0.09291398515282806,-0.06999999999999999,0.000938792473033678,0.0009727483759319206
paper,17,9,0.08,0.001,True,True,True,825,850,0.9977793949444882,0.0789338755257806,0.035786499260029664,0.06725071109946491,0.24160474598114093,1.3208009813650463,1.2535502702655814,True,True,0.0036152718379663202,0.002705384187792903,0.338571963054575,0.33856319963501535,0.25071554433114684,0.2352661434024958,0.2352661434024958,0.13291398515282804,-0.03,0.0008059878775505782,0.0009976599777414064
paper,17,9,0.05,0.001,True,True,True,675,775,0.9990164887159853,0.044340910643383684,0.03713383845633365,0.026126397130602545,0.3049762926521128,1.6874747491359994,1.6613483520053967,True,True,0.0036451161895666917,0.002672902634341096,0.338570549896771,0.3385645487712049,0.2482630495145249,0.23841084548236102,0.23841084548236102,0.16291398515282807,0.0,0.000796502369729367,0.0008657517583127922
paper,17,9,0.035,0.001,True,True,True,675,650,0.9986605758297299,0.07338168682102637,0.07103527900496262,0.012777481362291225,0.37434228039142475,2.102119098943712,2.089341617581421,True,True,0.0028390755591332023,0.002895417187736354,0.3385695386557152,0.33856590141402343,0.24693803790808447,0.23999949750240948,0.23999949750240948,0.17791398515282805,0.015,0.0007462488229829726,0.0009003941567682372
paper,17,9,0.02,0.001,True,True,True,525,575,0.995921973469533,0.27008484014630696,0.26951798842872005,0.004166946589225939,0.733868941585657,3.507544982828692,3.503378036239466,True,True,0.0037687383343448537,0.002844527926556086,0.33856873684693173,0.33856695136214215,0.24554894567344576,0.24156899827445313,0.24156899827445313,0.19291398515282807,0.030000000000000002,0.0008713348452032809,0.0009950731280819396
paper,17,9,0.01,0.001,True,True,True,400,425,0.992225555225692,0.27825326599899114,0.2781257180184267,0.0010412494451374603,1.3944585505202933,5.778336025101014,5.777294775655877,True,True,0.0033026387738087012,0.0030116131674451092,0.33856847945966984,0.33856703514705055,0.24458906318089776,0.24259639576009182,0.24259639576009182,0.20291398515282805,0.04,0.0007026194848732587,0.0009880150237267559
paper,17,9,0.005,0.001,True,True,True,300,300,0.9437823639897742,0.4275333701743883,0.4275235396848039,0.00026028178456423114,2.7083407046426964,10.742410709026188,10.742150427241624,True,True,0.003194347586402304,0.00294147036169156,0.3385679027695888,0.3385673506074092,0.24409958273023535,0.24310291422860833,0.24310291422860833,0.20791398515282805,0.045000000000000005,0.000633428839397631,0.000753540593206533
paper,17,9,0.12,0.0003,True,True,True,1350,1225,0.9897448461745538,0.15303265334721877,0.005607291322398552,0.15275391980539582,0.1926524086394972,0.5370388860410498,0.3842849662356539,True,True,0.0012127175931400229,0.0009568787335427849,0.33857353654482797,0.3385595609302329,0.2535861201364963,0.23150766828765335,0.23150766828765335,0.09291398515282806,-0.06999999999999999,0.0002465950536162891,0.00027892644255210215
paper,17,9,0.08,0.0003,True,True,True,1100,1100,0.9979031455904935,0.06739967102152192,0.002983393395239626,0.06725071109946491,0.12152995324817885,0.510332811972893,0.44308210087342814,True,True,0.0010795850853707902,0.0008881406550519676,0.338571889112515,0.3385626418210568,0.25071554433114684,0.2352661434024958,0.2352661434024958,0.13291398515282804,-0.03,0.00027058221733860377,0.00029255487542278997
paper,17,9,0.05,0.0003,True,True,True,950,1000,0.9995818921061127,0.028940247512613704,0.014392787290456423,0.026126397130602545,0.10992706041306395,0.62372085550132,0.5975944583707173,True,True,0.0010035843379229779,0.0008951247140808451,0.3385703095157385,0.3385645487712049,0.2482630495145249,0.23841084548236102,0.23841084548236102,0.16291398515282807,0.0,0.0002952416315459979,0.00027867246834508227
paper,17,9,0.035,0.0003,True,True,True,850,925,0.9998740660438118,0.022049986463076085,0.01678877992331149,0.012777481362291225,0.1268499935740153,0.6640723976103419,0.6512949162480507,True,True,0.0009447031360246788,0.0008645110504609254,0.3385695386557152,0.3385655113607149,0.24693803790808447,0.23999949750240948,0.23999949750240948,0.17791398515282805,0.015,0.00023572525063980275,0.0002816890555043982
paper,17,9,0.02,0.0003,True,True,True,775,775,0.999723797672614,0.04113984114176372,0.04046061326402716,0.004166946589225939,0.19323984772588068,1.0414769529332015,1.0373100063439755,True,True,0.0008765182266327153,0.0008370449441994706,0.33856873684693173,0.3385665957428504,0.24554894567344576,0.24156899827445313,0.24156899827445313,0.19291398515282807,0.030000000000000002,0.00023447741461624316,0.00027451457460848136
paper,17,9,0.01,0.0003,True,True,True,650,650,0.9978056767807605,0.06668844391912464,0.06669784443286364,0.0010412494451374603,0.38191908065962366,2.0344634947300673,2.0334222452849295,True,True,0.0009010806275495018,0.0008248624722138458,0.3385683767621215,0.33856703514705055,0.24458906318089776,0.24259639576009182,0.24259639576009182,0.20291398515282805,0.04,0.0002351513522028826,0.00029475594365107114
paper,17,9,0.005,0.0003,True,True,True,525,525,0.9951798095026009,0.09860335318738649,0.09860048778442326,0.00026028178456423114,0.7550616161795853,3.695727781958363,3.695467500173799,True,True,0.0008658185611975169,0.0008443683129535795,0.3385679027695888,0.33856736390142167,0.24409958273023535,0.24310291422860833,0.24310291422860833,0.20791398515282805,0.045000000000000005,0.00022030197621249046,0.00025983226331151
paper,17,9,0.12,0.0001,True,True,True,1525,1475,0.9896639156979613,0.15262705704669263,0.0019241870732897473,0.15275391980539582,0.1668414396094223,0.2888768418922128,0.13612292208681698,True,True,0.00044636222128219163,0.00031968687442281255,0.33857353654482797,0.3385595609302329,0.2535861201364963,0.23150766828765335,0.23150766828765335,0.09291398515282806,-0.06999999999999999,9.651675697951508e-05,9.979544963508757e-05
paper,17,9,0.08,0.0001,True,True,True,1350,1350,0.9978809846891187,0.06688510553221831,0.0041679169725332395,0.06725071109946491,0.08506473433816691,0.2107036793379265,0.1434529682384616,True,True,0.0003755048463453391,0.0002702870223697067,0.3385717740926502,0.33856251147484084,0.25071554433114684,0.2352661434024958,0.2352661434024958,0.13291398515282804,-0.03,9.177145523810047e-05,8.904804104272855e-05
paper,17,9,0.05,0.0001,True,True,True,1200,1200,0.9996829009613393,0.026929726648148106,0.004415680347335971,0.026126397130602545,0.04955567157668037,0.20750721815052106,0.1813808210199185,True,True,0.0003187156026822126,0.00021213124994095712,0.3385703095157385,0.33856460118977566,0.2482630495145249,0.23841084548236102,0.23841084548236102,0.16291398515282807,0.0,8.823110434169441e-05,9.384774941636029e-05
paper,17,9,0.035,0.0001,True,True,True,1075,1100,0.9999080109060112,0.01531128754293008,0.007338111593091475,0.012777481362291225,0.046956362884589015,0.2694650015109586,0.25668752014866736,True,True,0.00029167259005342,0.0002504115728803067,0.3385695386557152,0.33856555095028995,0.24693803790808447,0.23999949750240948,0.23999949750240948,0.17791398515282805,0.015,9.307496073204562e-05,9.861943696260748e-05
paper,17,9,0.02,0.0001,True,True,True,950,1025,0.999947409337309,0.011916202744351723,0.010874946663326243,0.004166946589225939,0.06819151674770564,0.3735480397103345,0.36938109312110856,True,True,0.00033035803698225363,0.00024989501230361595,0.33856873684693173,0.3385664374992524,0.24554894567344576,0.24156899827445313,0.24156899827445313,0.19291398515282807,0.030000000000000002,8.630834567519226e-05,8.439306929176814e-05
paper,17,9,0.01,0.0001,True,True,True,825,875,0.999917103720756,0.012937174874046681,0.012887982673039311,0.0010412494451374603,0.1324084235664744,0.7090794335314523,0.7080381840863148,True,True,0.00030487342494847104,0.00029041540753311823,0.33856819028783264,0.33856709982679917,0.24458906318089776,0.24259639576009182,0.24259639576009182,0.20291398515282805,0.04,8.831928232039241e-05,9.476232004049851e-05
paper,17,9,0.005,0.0001,True,True,True,700,700,0.9989406271896425,0.0824492721887181,0.08248057782134065,0.00026028178456423114,0.24355048099038507,1.320609013506633,1.320348731722069,True,True,0.00028004144274103337,0.00027119189940241214,0.3385680045216375,0.3385673281578502,0.24409958273023535,0.24310291422860833,0.24310291422860833,0.20791398515282805,0.045000000000000005,7.843749589512441e-05,8.901203834832776e-05
paper,17,9,0.12,3e-05,True,True,True,1925,1775,0.9897085895191806,0.15277541773574552,0.00029889204985926297,0.15275391980539582,0.15615923851810753,0.19202360708713137,0.039269687281735556,True,True,0.00010474948169070066,8.042457217428484e-05,0.33857353654482797,0.3385595609302329,0.2535861201364963,0.23150766828765335,0.23150766828765335,0.09291398515282806,-0.06999999999999999,2.720569365939018e-05,2.9144027451720636e-05
paper,17,9,0.08,3e-05,True,True,True,1625,1600,0.9979152020400064,0.06724092320014718,0.0008059608542031413,0.06725071109946491,0.07207830499877456,0.10860358087776861,0.041352869778303714,True,True,0.00011160451508635666,6.340458351220773e-05,0.3385717637271503,0.33856251147484084,0.25071554433114684,0.2352661434024958,0.2352661434024958,0.13291398515282804,-0.03,2.794926044562301e-05,2.914340415121152e-05
paper,17,9,0.05,3e-05,True,True,True,1400,1475,0.9996809246809568,0.02634682170664361,0.0016546027334985011,0.026126397130602545,0.033460780684961534,0.08528942649948014,0.059163029368877594,True,True,8.97959719837763e-05,7.638239290241902e-05,0.3385703095157385,0.33856457254417255,0.2482630495145249,0.23841084548236102,0.23841084548236102,0.16291398515282807,0.0,2.9782497065128333e-05,2.8680461348247246e-05
paper,17,9,0.035,3e-05,True,True,True,1325,1375,0.9999235649980082,0.01313098267304132,0.0020078031937965633,0.012777481362291225,0.024299517321784175,0.08599844467116212,0.07322096330887089,True,True,0.0001016957894145501,8.104605855451296e-05,0.3385695390705983,0.3385655370832481,0.24693803790808447,0.23999949750240948,0.23999949750240948,0.17791398515282805,0.015,2.7260618730283147e-05,2.8421595582592238e-05
paper,17,9,0.02,3e-05,True,True,True,1225,1225,0.999990659968422,0.004355566030182682,0.0015269905490389755,0.004166946589225939,0.02144544941149646,0.11398176906215268,0.10981482247292675,True,True,7.712226079124987e-05,7.947245209516439e-05,0.33856873684693173,0.3385664374992524,0.24554894567344576,0.24156899827445313,0.24156899827445313,0.19291398515282807,0.030000000000000002,2.418766783207253e-05,2.999381300405882e-05
paper,17,9,0.01,3e-05,True,True,True,1075,1075,0.9999802153645514,0.007649674254487606,0.007673887393850393,0.0010412494451374603,0.03809311482464526,0.21411670778563385,0.2130754583404964,True,True,7.823071194154156e-05,8.96694298413918e-05,0.3385681921130623,0.33856703514705055,0.24458906318089776,0.24259639576009182,0.24259639576009182,0.20291398515282805,0.04,2.507904575780113e-05,2.9127026294158983e-05
paper,17,9,0.005,3e-05,True,True,True,925,925,0.9999570761755104,0.020874132525871433,0.020838825503040555,0.00026028178456423114,0.07332654719171802,0.392577801996908,0.3923175202123438,True,True,8.672242128436228e-05,7.882705960938847e-05,0.3385679027695888,0.33856733806879286,0.24409958273023535,0.24310291422860833,0.24310291422860833,0.20791398515282805,0.045000000000000005,2.346395760716367e-05,2.921698325160684e-05
paper,29,5,0.12,0.003,True,True,True,350,350,0.9995154240012396,0.037344360789879356,0.015444740838200912,0.04214147634977323,0.09620723806028299,0.5724406157541473,0.530299139404374,True,True,0.010445843923747028,0.006343686050291942,0.3396461536389267,0.3396430684438876,0.27495825278142494,0.22889183757057938,0.22889183757057938,0.10845636990194923,-0.06999999999999999,0.0024343685726043863,0.0018248612181608083
paper,29,5,0.08,0.003,True,True,True,325,300,0.9998847352500966,0.02403170765441864,0.015020398424736013,0.018738324855483355,0.07789722357569875,0.5063358283569684,0.4875975035014851,True,True,0.007812761885287388,0.004434810383273808,0.3396426595937574,0.3396383406996537,0.26805163200304943,0.23616794903121283,0.23616794903121283,0.14845636990194921,-0.03,0.001874476975823116,0.0016885376444926816
paper,29,5,0.05,0.003,True,True,True,275,275,0.9997293318371591,0.026733812722459484,0.025685409065711918,0.007316068662148192,0.10310154263157503,0.4801559172398456,0.4728398485776974,True,True,0.008254395042602962,0.004139617170450554,0.3396403818144309,0.3396370874933427,0.2622340165151618,0.24183556329727818,0.24183556329727818,0.17845636990194924,0.0,0.0013834994532694164,0.0017608553437740147
paper,29,5,0.035,0.003,True,True,True,250,250,0.9972580677571059,0.07839487862917766,0.07696506039427799,0.003583939743157112,0.17293141832793196,0.8004621733704634,0.7968782336273064,True,True,0.007945798871345331,0.007392967389679308,0.33963939895022677,0.3396369039630687,0.2591881488853396,0.24480650813730923,0.24480650813730923,0.19345636990194923,0.015,0.0019467423833573938,0.0019312188938006938
paper,29,5,0.02,0.003,True,True,True,200,200,0.9924605334076148,0.12261905905781284,0.12293999222333715,0.001170038315425008,0.24157670238236584,1.0357700082320263,1.034599969916601,True,True,0.006164180474507609,0.00627868641608254,0.3396385394700145,0.3396373837180065,0.2561071539298331,0.2478514616274299,0.2478514616274299,0.20845636990194924,0.030000000000000002,0.0014274586596804283,0.001543733965010929
paper,29,5,0.01,0.003,True,True,True,150,150,0.9998717547724183,0.1696183490643955,0.16938647399000126,0.0002924874037309922,0.4524053004212718,1.4162111731925349,1.415918685788804,True,True,0.006176764693064277,0.005523374612454296,0.33963814450216145,0.33963731515272944,0.2540412925593826,0.2499066445867232,0.2499066445867232,0.21845636990194922,0.04,0.001004700240321703,0.0008029366219695558
paper,29,5,0.005,0.003,True,True,True,125,125,0.9581126382487227,0.31181460222944046,0.31179179202920665,7.312043437859278e-05,1.1094351592581526,4.2997659390768455,4.299692818642467,True,True,0.007280740693697089,0.007073737836512904,0.33963819561326425,0.33963745984036436,0.2530068213411359,0.25093864867013294,0.25093864867013294,0.22345636990194923,0.045000000000000005,0.0015560315855094795,0.0020371976802978776
paper,29,5,0.12,0.001,True,True,True,475,450,0.9996207742140355,0.041239162064808516,0.0024952854424976495,0.04214147634977323,0.05339573573158448,0.2337651623734141,0.19162368602364088,True,True,0.0022668778629560903,0.0012280096987017971,0.3396461536389267,0.3396426678522565,0.27495825278142494,0.22889183757057938,0.22889183757057938,0.10845636990194923,-0.06999999999999999,0.0008074185945680371,0.0006080514515612762
paper,29,5,0.08,0.001,True,True,True,425,425,0.9999225332733017,0.018878680341764976,0.0019388332742481858,0.018738324855483355,0.030851588186614518,0.1356621373408493,0.11692381248536594,True,True,0.0016464487147844278,0.0008613405791395939,0.3396426595937574,0.339638207773956,0.26805163200304943,0.23616794903121283,0.23616794903121283,0.14845636990194921,-0.03,0.0005457048655784239,0.0005975872445820945
paper,29,5,0.05,0.001,True,True,True,375,375,0.9999811052130956,0.007794553783378493,0.004129817112903812,0.007316068662148192,0.042326935445443345,0.27114029505376186,0.2638242263916137,True,True,0.0027101875470428986,0.0018199912857977544,0.3396403818144309,0.3396372218612795,0.2622340165151618,0.24183556329727818,0.24183556329727818,0.17845636990194924,0.0,0.0007987524725009687,0.000689776933331729
paper,29,5,0.035,0.001,True,True,True,325,325,0.9999922571857992,0.005104061841075221,0.004025113439722089,0.003583939743157112,0.04412542505408666,0.31777701320009333,0.3141930734569362,True,True,0.001929532381284563,0.0017425399800655294,0.33963947885480816,0.3396369737313033,0.2591881488853396,0.24480650813730923,0.24480650813730923,0.19345636990194923,0.015,0.0007161806463221365,0.0005865809962206745
paper,29,5,0.02,0.001,True,True,True,300,300,0.9999392396625606,0.0110772586642319,0.010797379004010038,0.001170038315425008,0.06817769929109425,0.3113302914744387,0.31016025315901363,True,True,0.0016949603475955616,0.0017731955999284166,0.3396385394700145,0.339637083595149,0.2561071539298331,0.2478514616274299,0.2478514616274299,0.20845636990194924,0.030000000000000002,0.0004457356663102996,0.0005515061377902284
paper,29,5,0.01,0.001,True,True,True,225,200,0.9990342413870675,0.08900827226705077,0.0887812537615249,0.0002924874037309922,0.20353674432244206,0.8774266113314616,0.8771341239277306,True,True,0.0026037279323894652,0.0026559907775022813,0.33963818008369207,0.33963730526645536,0.2540412925593826,0.2499066445867232,0.2499066445867232,0.21845636990194922,0.04,0.0006289423219151563,0.0007474785046889793
paper,29,5,0.005,0.001,True,True,True,175,175,0.9944457376186223,0.19308284173438717,0.1931378230508037,7.312043437859278e-05,0.2806490504874377,1.1389999931313426,1.1389268726969641,True,True,0.0018704243016650288,0.001760060739660319,0.33963783355944294,0.3396376370736006,0.2530068213411359,0.25093864867013294,0.25093864867013294,0.22345636990194923,0.045000000000000005,0.0004117061956045161,0.00045902787748295894
paper,29,5,0.12,0.0003,True,True,True,600,600,0.9996361533177538,0.042368002394181654,0.0003410511034311332,0.04214147634977323,0.04381061342619895,0.08995393325847952,0.04781245690870629,True,True,0.00032309595800118296,0.00019523655251310533,0.3396461881784425,0.339642518225854,0.27495825278142494,0.22889183757057938,0.22889183757057938,0.10845636990194923,-0.06999999999999999,0.00023419806544688242,0.00014740091502124194
paper,29,5,0.08,0.0003,True,True,True,575,575,0.999929879808069,0.01862360443910461,0.0006129985828680752,0.018738324855483355,0.02128150278329845,0.07583552087941253,0.05709719602392918,True,True,0.00024112964596847576,0.0002853816592594111,0.3396426595937574,0.33963829536702445,0.26805163200304943,0.23616794903121283,0.23616794903121283,0.14845636990194921,-0.03,0.000269311366023315,0.0001305559378607206
paper,29,5,0.05,0.0003,True,True,True,500,525,0.9999846526586887,0.007700485468712111,0.0020676032047640854,0.007316068662148192,0.014006750624248344,0.09835853138662055,0.09104246272447236,True,True,0.0005687447188324631,0.00029698568620268966,0.3396404229979883,0.3396370569909232,0.2622340165151618,0.24183556329727818,0.24183556329727818,0.17845636990194924,0.0,0.0002950498235108742,0.0001677074691281178
paper,29,5,0.035,0.0003,True,True,True,425,425,0.9999919415103208,0.004109743895341279,0.0033389019503408143,0.003583939743157112,0.014035385466716406,0.10236328486270461,0.0987793451195475,True,True,0.000640050129615562,0.0003065957501912029,0.33963940373557255,0.33963692010122837,0.2591881488853396,0.24480650813730923,0.24480650813730923,0.19345636990194923,0.015,0.00023259902258031376,0.00016703143140527285
paper,29,5,0.02,0.0003,True,True,True,400,400,0.9999973322095296,0.002361161807019648,0.002593988579152686,0.001170038315425008,0.015629422493495044,0.10456409304280498,0.10339405472737997,True,True,0.00040764702972407956,0.0003407358414601672,0.3396385394700145,0.3396371057350761,0.2561071539298331,0.2478514616274299,0.2478514616274299,0.20845636990194924,0.030000000000000002,0.00014418913423870308,0.000149348935044942
paper,29,5,0.01,0.0003,True,True,True,325,325,0.9999736579493719,0.017258579462881594,0.017468945787924246,0.0002924874037309922,0.050102912352721594,0.2794936800180954,0.2792011926143644,True,True,0.0007103162912307285,0.0005787181033545936,0.3396380505096369,0.3396373158356783,0.2540412925593826,0.2499066445867232,0.2499066445867232,0.21845636990194922,0.04,0.00019846898417072984,0.00017031726026283157
paper,29,5,0.005,0.0003,True,True,True,275,275,0.9997995463990763,0.028748957847145505,0.028718798928672705,7.312043437859278e-05,0.08636665360732962,0.25478785245235186,0.2547147320179733,True,True,0.0005825339881897805,0.0005340530842873773,0.33963783736056163,0.33963746026023944,0.2530068213411359,0.25093864867013294,0.25093864867013294,0.22345636990194923,0.045000000000000005,9.270850800912033e-05,0.00018570620306750013
paper,29,5,0.12,0.0001,True,True,True,775,750,0.9996364822150007,0.04209766013968822,9.143075008627758e-05,0.04214147634977323,0.0426382273858237,0.06244032727879618,0.020298850929022956,True,True,6.916894490521992e-05,8.509202894666189e-05,0.3396461548944382,0.33964251527033773,0.27495825278142494,0.22889183757057938,0.22889183757057938,0.10845636990194923,-0.06999999999999999,9.897573306765307e-05,4.456789965345941e-05
paper,29,5,0.08,0.0001,True,True,True,725,725,0.9999298133903826,0.0187916762972439,0.00020375286493603018,0.018738324855483355,0.019849446524722755,0.04106139167482025,0.0223230668193369,True,True,0.00016933451870905565,6.06989580412646e-05,0.33964265990851444,0.33963822556196877,0.26805163200304943,0.23616794903121283,0.23616794903121283,0.14845636990194921,-0.03,9.844502470349824e-05,5.6741993620327094e-05
paper,29,5,0.05,0.0001,True,True,True,625,625,0.9999891000779226,0.00725352768960983,0.00031218701407512525,0.007316068662148192,0.008626597708007246,0.035983821611835935,0.028667752949687746,True,True,0.00010507567578921953,6.449827920460034e-05,0.3396403818144309,0.33963701331926877,0.2622340165151618,0.24183556329727818,0.24183556329727818,0.17845636990194924,0.0,8.814163270452092e-05,5.474491641538978e-05
paper,29,5,0.035,0.0001,True,True,True,600,600,0.9999973130512448,0.0036056588956261803,0.00025282784214094624,0.003583939743157112,0.004871420133391874,0.02588773862848529,0.02230379888532818,True,True,6.83309317254547e-05,4.8283446962885525e-05,0.3396393965532554,0.3396369039630687,0.2591881488853396,0.24480650813730923,0.24480650813730923,0.19345636990194923,0.015,5.188153475279011e-05,4.1375009231762405e-05
paper,29,5,0.02,0.0001,True,True,True,550,550,0.9999994940470693,0.0011408440143114255,0.0007356110138378483,0.001170038315425008,0.005444415762356939,0.06819517626177327,0.06702513794634825,True,True,0.00011240260161667743,0.00010882891452709405,0.3396385516118836,0.33963706656850456,0.2561071539298331,0.2478514616274299,0.2478514616274299,0.20845636990194924,0.030000000000000002,9.497927066720558e-05,5.3051439766053485e-05
paper,29,5,0.01,0.0001,True,True,True,425,425,0.9999971194144239,0.0037716673082687485,0.003922304075012533,0.0002924874037309922,0.010278303828407671,0.08506555826392852,0.08477307086019753,True,True,0.00014666103902357275,0.00011175997310103055,0.3396380505096369,0.33963731222511157,0.2540412925593826,0.2499066445867232,0.2499066445867232,0.21845636990194922,0.04,6.242890124767819e-05,4.6765664174360634e-05
paper,29,5,0.005,0.0001,True,True,True,375,375,0.9999811584376024,0.010672601102871384,0.010625207742836332,7.312043437859278e-05,0.029148383763260437,0.21092006204017894,0.21084694160580034,True,True,0.00019357076137864357,0.00018264587514153782,0.33963783355944294,0.3396374775909237,0.2530068213411359,0.25093864867013294,0.25093864867013294,0.22345636990194923,0.045000000000000005,7.681441937538252e-05,6.82747662874955e-05
paper,29,5,0.12,3e-05,True,True,True,925,925,0.9996367133416354,0.04211948137686913,4.7023627836917784e-05,0.04214147634977323,0.04233923250756019,0.04795215898215631,0.005810682632383088,True,True,4.345127577137018e-05,1.7959715210704905e-05,0.3396461536389267,0.3396424943396686,0.27495825278142494,0.22889183757057938,0.22889183757057938,0.10845636990194923,-0.06999999999999999,2.518295632065648e-05,1.917186385711892e-05
paper,29,5,0.08,3e-05,True,True,True,850,900,0.9999294102602565,0.01875094076315177,2.5892450330992357e-05,0.018738324855483355,0.018922981176474122,0.025994460419250777,0.007256135563767424,True,True,2.2958401840750846e-05,1.5270725356693348e-05,0.3396426595937574,0.339638207773956,0.26805163200304943,0.23616794903121283,0.23616794903121283,0.14845636990194921,-0.03,2.9395614251368457e-05,1.5907870734249838e-05
paper,29,5,0.05,3e-05,True,True,True,775,775,0.9999893148576425,0.007299553496714894,4.5573037563790076e-05,0.007316068662148192,0.00753580360069421,0.01554612231542555,0.008230053653277357,True,True,1.5532496953266024e-05,1.2899799115630985e-05,0.3396403818144309,0.3396370102374297,0.2622340165151618,0.24183556329727818,0.24183556329727818,0.17845636990194924,0.0,2.458860313305181e-05,1.856259260568176e-05
paper,29,5,0.035,3e-05,True,True,True,750,750,0.9999974340893506,0.0035900679284409866,4.801347727791517e-05,0.003583939743157112,0.004109005125101843,0.017019812286661936,0.013435872543504826,True,True,2.4321333960004334e-05,2.3236832170074002e-05,0.3396393992176745,0.33963690685581244,0.2591881488853396,0.24480650813730923,0.24480650813730923,0.19345636990194923,0.015,2.957929921466424e-05,1.6186360348774434e-05
paper,29,5,0.02,3e-05,True,True,True,675,675,0.999999643997757,0.001340188038528071,0.00031514017848176213,0.001170038315425008,0.002058810099841184,0.023255134470897804,0.022085096155472796,True,True,2.3962504126482447e-05,2.2038188122493672e-05,0.3396385411386401,0.33963706656850456,0.2561071539298331,0.2478514616274299,0.2478514616274299,0.20845636990194924,0.030000000000000002,2.9930301723417145e-05,1.5608060031292932e-05
paper,29,5,0.01,3e-05,True,True,True,600,600,0.9999999353244794,0.0007276226291518885,0.000528569078375002,0.0002924874037309922,0.0017016728174973478,0.01983836888858538,0.019545881484854387,True,True,2.025199947744497e-05,1.621603842537684e-05,0.3396380538681789,0.33963730526645536,0.2540412925593826,0.2499066445867232,0.2499066445867232,0.21845636990194922,0.04,1.4027020017033463e-05,1.1646470411511946e-05
paper,29,5,0.005,3e-05,True,True,True,500,500,0.9999988575113852,0.002503341770209984,0.002456229526610761,7.312043437859278e-05,0.005984662501344575,0.0803840754356782,0.08031095500129962,True,True,4.1347715622301484e-05,3.5144126858827385e-05,0.33963783445146284,0.33963745984036436,0.2530068213411359,0.25093864867013294,0.25093864867013294,0.22345636990194923,0.045000000000000005,2.9116036950270186e-05,1.7440429052652177e-05
paper,29,9,0.12,0.003,True,True,True,750,850,0.9847012682630406,0.24034251355298233,0.15784880455811082,0.16734828813173266,0.6466069220036007,4.645273974988028,4.477925686856295,True,True,0.010781249836756662,0.012532655205448629,0.3408010345445924,0.34082189631056076,0.26402611893398037,0.23669697747416363,0.23669697747416363,0.09674861718297367,-0.06999999999999999,0.0026385443552740667,0.0027815461387652543
paper,29,9,0.08,0.003,True,True,True,600,725,0.9831444762104329,0.2022585647890312,0.19507004010556223,0.07356937647259273,0.7550136546806124,4.512077762434046,4.438508385961454,True,True,0.011432555874512355,0.0106671699337734,0.3408034939146078,0.3408172144102423,0.26051702391762566,0.24109081462679444,0.24109081462679444,0.13674861718297365,-0.03,0.0025652793405549416,0.002567908620205159
paper,29,9,0.05,0.003,True,True,True,500,550,0.987029105399214,0.1634614483274624,0.1612426514063217,0.02855392005107974,1.1552834274408978,5.733890030630728,5.705336110579648,True,True,0.009671051475143062,0.013166823986697362,0.34080570567416013,0.3408140656731364,0.25746662839434903,0.2450334575164524,0.2450334575164524,0.16674861718297368,0.0,0.0026859418025090634,0.002818758634484656
paper,29,9,0.035,0.003,True,True,True,450,525,0.9800161650581111,0.2002984949267453,0.20023543678891778,0.013959852646503105,1.433766750093695,6.719715569617483,6.70575571697098,True,True,0.009289464251605619,0.010855341646694355,0.3408066571779188,0.340814224430488,0.2558057234353482,0.24707278553882503,0.24707278553882503,0.18174861718297367,0.015,0.002189234398657492,0.0026749052833332987
paper,29,9,0.02,0.003,True,True,True,400,400,0.9681895287478335,0.5258822966041299,0.5253562022995351,0.004551473740228031,2.8969830787549857,10.926084031143018,10.921532557402791,True,True,0.011982505111948554,0.011468394346174466,0.3408078182163918,0.3408127400542565,0.25405931573332186,0.24906226996592348,0.24906226996592348,0.19674861718297368,0.030000000000000002,0.0022271957253068814,0.0029943968610847706
paper,29,9,0.01,0.003,True,True,True,275,275,0.9695397293123095,2.674451093847256,2.674303473751599,0.001137237613386588,6.410502908824023,22.728382337604295,22.727245099990906,True,True,0.013168309102248693,0.012814280577789562,0.3408086246413883,0.3408103196790402,0.25285144668264425,0.25034775112008156,0.25034775112008156,0.20674861718297366,0.04,0.00239255513029291,0.0025244339302335304
paper,29,9,0.005,0.003,True,True,True,75,75,-0.975441975248453,9.96688173331838,9.96692073924054,0.00028426980035464917,13.446294477276865,40.269163828899416,40.26887955909906,True,True,0.013509389250780967,0.013744513932287776,0.34081238027607574,0.34080988533785944,0.2522356803776215,0.2509831884874953,0.2509831884874953,0.21174861718297366,0.045000000000000005,0.002163227736942958,0.0027780597652910717
paper,29,9,0.12,0.001,True,True,True,1300,1300,0.9859185648616914,0.1682508359344655,0.042882125211049234,0.16734828813173266,0.31777554252607826,1.8615812261594444,1.6942329380277117,True,True,0.003156933274903207,0.004160702374819971,0.3408010345445924,0.34082189631056076,0.26402611893398037,0.23669697747416363,0.23669697747416363,0.09674861718297367,-0.06999999999999999,0.0009971135828353908,0.0008959411829952295
paper,29,9,0.08,0.001,True,True,True,1025,1050,0.9971455837587274,0.07867291315811509,0.025852763204089177,0.07356937647259273,0.2602956486190342,1.8301124219996816,1.756543045527089,True,True,0.002623488454232966,0.0034321533334899196,0.34080406568431265,0.3408172144102423,0.26051702391762566,0.24109081462679444,0.24109081462679444,0.13674861718297365,-0.03,0.0009760206706330485,0.0009002927330659373
paper,29,9,0.05,0.001,True,True,True,850,825,0.998843608313871,0.05064881182039611,0.04348827947971646,0.02855392005107974,0.3054425272947688,2.052843959322771,2.0242900392716914,True,True,0.0024912073717177703,0.003121099685103513,0.34080555155118275,0.3408140656731364,0.25746662839434903,0.2450334575164524,0.2450334575164524,0.16674861718297368,0.0,0.0008889668545700069,0.0009631284952128168
paper,29,9,0.035,0.001,True,True,True,750,725,0.9989713760295695,0.04546290966966278,0.04341066355711366,0.013959852646503105,0.48887395393105765,2.7569406947402904,2.7429808420937873,True,True,0.0033861794081510785,0.0033521173944045324,0.3408066571779188,0.3408128570167204,0.2558057234353482,0.24707278553882503,0.24707278553882503,0.18174861718297367,0.015,0.0009366346683081573,0.0009275025611552436
paper,29,9,0.02,0.001,True,True,True,575,600,0.9739321265085669,0.26239124250139634,0.262239519661448,0.004551473740228031,0.7353875592101468,3.900064577983654,3.8955131042434257,True,True,0.002703464791959859,0.0032219259941088244,0.3408078182163918,0.3408113663675431,0.25405931573332186,0.24906226996592348,0.24906226996592348,0.19674861718297368,0.030000000000000002,0.0008348956682060145,0.0009317593590328051
paper,29,9,0.01,0.001,True,True,True,425,450,0.960250411520804,0.28955316985386026,0.28962791330901605,0.001137237613386588,1.894646110183368,7.300178437547825,7.299041199934439,True,True,0.003860136862891361,0.0038158551530381086,0.34080894712790316,0.3408103196790402,0.25285144668264425,0.25034775112008156,0.25034775112008156,0.20674861718297366,0.04,0.0007927784429525917,0.0009524647282045831
paper,29,9,0.005,0.001,True,True,True,325,325,0.9366732027682554,0.5088002739999438,0.5087861782819085,0.00028426980035464917,3.4608696418911182,11.617363927774646,11.617079657974292,True,True,0.003607357037458814,0.003406981583562972,0.3408090379422341,0.34081027840861317,0.2522356803776215,0.2509831884874953,0.2509831884874953,0.21174861718297366,0.045000000000000005,0.0006260641009417001,0.0007717561383124527
paper,29,9,0.12,0.0003,True,True,True,2100,2125,0.9873325351649282,0.1673694737743594,0.0027301168570243693,0.16734828813173266,0.19194140845013585,0.6675208064361912,0.5001725183044584,True,True,0.00036332714920814626,0.0008330124297024782,0.3408010901308301,0.34082189631056076,0.26402611893398037,0.23669697747416363,0.23669697747416363,0.09674861718297367,-0.06999999999999999,0.00029582060715666514,0.00023117984367368455
paper,29,9,0.08,0.0003,True,True,True,1925,1850,0.9974413526817081,0.07512622605688159,0.009839268490025678,0.07356937647259273,0.11247439276506911,0.5980965394384763,0.5245271629658835,True,True,0.0005501807005662657,0.000711532485254586,0.3408036291460725,0.3408172144102423,0.26051702391762566,0.24109081462679444,0.24109081462679444,0.13674861718297365,-0.03,0.0002960967106667838,0.00020681366453431736
paper,29,9,0.05,0.0003,True,True,True,1475,1575,0.9995554526541013,0.030600716889350083,0.014995900154268403,0.02855392005107974,0.07969645797877742,0.7080702090064681,0.6795162889553884,True,True,0.00042726316678805634,0.0006093532709377765,0.34080555155118275,0.3408143028870532,0.25746662839434903,0.2450334575164524,0.2450334575164524,0.16674861718297368,0.0,0.00029721258996414133,0.00024256821453955685
paper,29,9,0.035,0.0003,True,True,True,1300,1300,0.9997574952920234,0.036407457008130056,0.031968854441029045,0.013959852646503105,0.10514055756539709,0.9243942156198107,0.9104343629733076,True,True,0.000543549929636812,0.0007501616941625492,0.3408066571779188,0.3408127025423079,0.2558057234353482,0.24707278553882503,0.24707278553882503,0.18174861718297367,0.015,0.0002963486788097487,0.00021548608700445697
paper,29,9,0.02,0.0003,True,True,True,950,950,0.9992226498269153,0.0627676034945622,0.06314764983694642,0.004551473740228031,0.20962348929515887,1.4658363112318273,1.4612848374915994,True,True,0.0008573908539725191,0.000805269741660895,0.34080797085900877,0.3408113324128708,0.25405931573332186,0.24906226996592348,0.24906226996592348,0.19674861718297368,0.030000000000000002,0.000293833433298382,0.00024074996007590458
paper,29,9,0.01,0.0003,True,True,True,675,700,0.9988857785656974,0.04741484377491008,0.047402852769589485,0.001137237613386588,0.4962672463261655,2.806158609217494,2.805021371604107,True,True,0.0009811111190379473,0.001026069821644716,0.3408086246413883,0.34081042773170817,0.25285144668264425,0.25034775112008156,0.25034775112008156,0.20674861718297366,0.04,0.00029563052395640676,0.0002398850207899474
paper,29,9,0.005,0.0003,True,True,True,550,550,0.940772799006827,0.3563680746503797,0.35637414634394876,0.00028426980035464917,1.0156921027163832,4.649013306483126,4.648729036682772,True,True,0.0010093191647678043,0.0010488344693223343,0.3408090379422341,0.3408100342483752,0.2522356803776215,0.2509831884874953,0.2509831884874953,0.21174861718297366,0.045000000000000005,0.00025339845535354513,0.0002369852374282856
paper,29,9,0.12,0.0001,True,True,True,3000,3025,0.9872862293184299,0.1673273196656918,0.0006007066353951941,0.16734828813173266,0.17250572592981378,0.32871103622338266,0.16136274809165,True,True,0.00010136445893516823,0.00014952217386103597,0.34080103640302534,0.34082189631056076,0.26402611893398037,0.23669697747416363,0.23669697747416363,0.09674861718297367,-0.06999999999999999,9.627830462832597e-05,5.753180314834044e-05
paper,29,9,0.08,0.0001,True,True,True,2725,2650,0.9974499984588898,0.07366461712174212,0.0012380400438339522,0.07356937647259273,0.08048195266070836,0.24974897034187626,0.17617959386928353,True,True,8.61299633527931e-05,0.00013804862997701225,0.3408034939146078,0.3408172144102423,0.26051702391762566,0.24109081462679444,0.24109081462679444,0.13674861718297365,-0.03,9.800074989280264e-05,4.945154934377638e-05
paper,29,9,0.05,0.0001,True,True,True,2375,2375,0.9996084433231948,0.028624513424423837,0.00124207070230569,0.02855392005107974,0.040247933376848385,0.2558610477020224,0.22730712765094266,True,True,9.197105920905405e-05,0.00014505673805362553,0.3408055994604819,0.3408140798781772,0.25746662839434903,0.2450334575164524,0.2450334575164524,0.16674861718297368,0.0,9.626117148313278e-05,5.085102874528405e-05
paper,29,9,0.035,0.0001,True,True,True,2100,2025,0.9999073480430756,0.015059221718274035,0.004120624898392921,0.013959852646503105,0.032122242155617195,0.3106725303400695,0.2967126776935664,True,True,0.00012005136319924851,0.00013764477105796034,0.3408066571779188,0.34081265642620834,0.2558057234353482,0.24707278553882503,0.24707278553882503,0.18174861718297367,0.015,9.90623958471516e-05,5.553908051699637e-05
paper,29,9,0.02,0.0001,True,True,True,1650,1750,0.9999308130327704,0.016068228539446523,0.015900966700788177,0.004551473740228031,0.047863087407433114,0.5052360680268522,0.5006845942866242,True,True,0.00015679589299674005,0.00019436115334412257,0.3408078182163918,0.34081129294959905,0.25405931573332186,0.24906226996592348,0.24906226996592348,0.19674861718297368,0.030000000000000002,9.9894195973401e-05,5.767199688938345e-05
paper,29,9,0.01,0.0001,True,True,True,1125,1125,0.9992001425959165,0.03999213891138658,0.03996916875714303,0.001137237613386588,0.11810237041473959,0.9493380924830638,0.9482008548696772,True,True,0.0002233329829115578,0.0002508256970173897,0.3408086246413883,0.3408103505099258,0.25285144668264425,0.25034775112008156,0.25034775112008156,0.20674861718297366,0.04,9.953159355272324e-05,8.722475020982299e-05
paper,29,9,0.005,0.0001,True,True,True,850,775,0.9971885304663687,0.09242292002238192,0.09244479933893601,0.00028426980035464917,0.29382837370167286,1.7262167065724454,1.7259324367720907,True,True,0.00027767079329228206,0.00031732063727231847,0.34080904276187496,0.34080988533785944,0.2522356803776215,0.2509831884874953,0.2509831884874953,0.21174861718297366,0.045000000000000005,9.815376821173352e-05,8.539904878993424e-05
paper,29,9,0.12,3e-05,True,True,True,3900,3925,0.9872983214386459,0.16735127613047632,0.0001264766169089703,0.16734828813173266,0.1684748703171149,0.21783936772505985,0.05049107959332717,True,True,3.00006310968379e-05,2.4803110385320347e-05,0.3408010345445924,0.3408219090837255,0.26402611893398037,0.23669697747416363,0.23669697747416363,0.09674861718297367,-0.06999999999999999,2.9781088135192624e-05,1.414862326801355e-05
paper,29,9,0.08,3e-05,True,True,True,3450,3650,0.9974433863726934,0.07357870688494425,0.0002217926769552258,0.07356937647259273,0.07514222633198035,0.12646841541494241,0.052899038942349666,True,True,2.4425794565303913e-05,2.658277320224405e-05,0.34080349730989323,0.3408172144102423,0.26051702391762566,0.24109081462679444,0.24109081462679444,0.13674861718297365,-0.03,2.9954335191065508e-05,1.2486238436678207e-05
paper,29,9,0.05,3e-05,True,True,True,3275,3200,0.9996080981570904,0.028547073185382462,0.00040761699849196394,0.02855392005107974,0.030861643943404862,0.09796646535176745,0.0694125453006877,True,True,2.4435549229221912e-05,2.234022983498953e-05,0.3408055602321136,0.3408140656731364,0.25746662839434903,0.2450334575164524,0.2450334575164524,0.16674861718297368,0.0,2.9618095886250122e-05,1.3048086623101566e-05
paper,29,9,0.035,3e-05,True,True,True,3000,2925,0.9999056646346005,0.013923539989923933,0.00047902549512021593,0.013959852646503105,0.017604994240038887,0.10598424041631804,0.09202438776981493,True,True,2.5382526326193564e-05,2.633640495846695e-05,0.34080666449426783,0.3408126026681422,0.2558057234353482,0.24707278553882503,0.24707278553882503,0.18174861718297367,0.015,2.985522728896182e-05,1.2952365654331575e-05
paper,29,9,0.02,3e-05,True,True,True,2550,2575,0.9999890430698708,0.004731575573553377,0.0013352172714784065,0.004551473740228031,0.01182459193608574,0.15069122252166808,0.14613974878144007,True,True,2.6781386794423093e-05,3.218679725278409e-05,0.3408078284401481,0.3408112102592218,0.25405931573332186,0.24906226996592348,0.24906226996592348,0.19674861718297368,0.030000000000000002,2.9944281831193697e-05,1.5018214746135844e-05
paper,29,9,0.01,3e-05,True,True,True,2025,2025,0.9999955647748758,0.006598551619361817,0.0063545710051225324,0.001137237613386588,0.01924587568499238,0.28362942899959753,0.2824921913862109,True,True,3.536751839314246e-05,3.804212475962872e-05,0.3408086246413883,0.3408103299486847,0.25285144668264425,0.25034775112008156,0.25034775112008156,0.20674861718297366,0.04,2.988358800391458e-05,1.9805815746316668e-05
paper,29,9,0.005,3e-05,True,True,True,1475,1475,0.9999587551126324,0.015053217438996737,0.015083552822868832,0.00028426980035464917,0.0503895138024142,0.5081172128472902,0.5078329430469355,True,True,4.974703165333812e-05,5.181246673512852e-05,0.3408090379422341,0.3408099026660782,0.2522356803776215,0.2509831884874953,0.2509831884874953,0.21174861718297366,0.045000000000000005,2.744536815812134e-05,1.9523718741087466e-05
