dataset,seed,chain_size,support_width,damped_fraction,damping_trace,damping_per_node,budget_steps,physical_time,dt,dynamic_vs_implicit_relative_error,dynamic_vs_exact_centered_relative_error,exact_centered_vs_implicit_relative_error,dynamic_vs_implicit_cosine,plus_state_relative_error,minus_state_relative_error,plus_residual,minus_residual,plus_velocity_norm,minus_velocity_norm,mean_dissipated_energy_two_phases,minimum_eigenspace_visibility,median_eigenspace_visibility,minimum_spectral_decay_rate,median_spectral_decay_rate,all_modes_observable,free_exact_residual,plus_exact_residual,minus_exact_residual
moons,17,17,1,0.058823529411764705,5.0,5.0,1000,100.0,0.1,9.80396097610125,9.774049446888242,0.7643930760670751,0.17537237352755025,0.002617197024700786,0.0026137938629780754,0.0025829223592591624,0.002579299207660121,0.0027796959900085396,0.0027808434604274005,0.0018368172454123351,0.013710379252419134,0.02932208811739248,1.5464430137224205e-05,6.23337645968558e-05,True,1.2573190665112295e-16,2.789373856629392e-16,2.426505275046893e-16
moons,17,17,1,0.058823529411764705,5.0,5.0,4000,400.0,0.1,10.699888269016544,10.674287090495111,0.7643930760670751,-0.8085502129549077,0.001464244854700656,0.001462313013091176,0.0009744298456225119,0.0009753957944309721,0.0010155196085276964,0.001021978263016977,0.0018459584394511952,0.013710379252419134,0.02932208811739248,1.5464430137224205e-05,6.23337645968558e-05,True,1.2573190665112295e-16,2.789373856629392e-16,2.426505275046893e-16
moons,17,17,1,0.058823529411764705,5.0,5.0,16000,1600.0,0.1,3.413836473785155,3.3286663980793336,0.7643930760670751,-0.4613428965444009,0.0003576357315053046,0.0003604640049493564,0.00034746629710774297,0.00034686525218280987,0.00044851643429329256,0.0004524064801041379,0.001847419665391159,0.013710379252419134,0.02932208811739248,1.5464430137224205e-05,6.23337645968558e-05,True,1.2573190665112295e-16,2.789373856629392e-16,2.426505275046893e-16
moons,17,17,1,0.058823529411764705,5.0,5.0,40000,4000.0,0.1,1.1194217156885409,0.8166100398577432,0.7643930760670751,0.858946679379334,0.0001126114599260543,0.00011477729009185527,0.00014603777360424765,0.00014545884952695348,0.00021337309014243894,0.00021229528256767844,0.0018475200106328798,0.013710379252419134,0.02932208811739248,1.5464430137224205e-05,6.23337645968558e-05,True,1.2573190665112295e-16,2.789373856629392e-16,2.426505275046893e-16
moons,17,17,1,0.058823529411764705,5.0,5.0,80000,8000.0,0.1,0.8663673358931248,0.4077470454961394,0.7643930760670751,0.7972915065458828,5.576206194352972e-05,5.5201443413201544e-05,0.00010282764232693422,0.00010278356065566792,4.734348808379461e-05,4.797513412338249e-05,0.0018475306003874906,0.013710379252419134,0.02932208811739248,1.5464430137224205e-05,6.23337645968558e-05,True,1.2573190665112295e-16,2.789373856629392e-16,2.426505275046893e-16
moons,17,17,1,0.058823529411764705,5.0,5.0,160000,16000.0,0.1,0.7657131176302463,0.04462004663288318,0.7643930760670751,0.8315078376073195,9.670975925127807e-06,9.572132832837699e-06,7.264887301242738e-05,6.878483607304097e-05,3.4527868133255506e-05,3.5853188583454513e-05,0.0018475328694190218,0.013710379252419134,0.02932208811739248,1.5464430137224205e-05,6.23337645968558e-05,True,1.2573190665112295e-16,2.789373856629392e-16,2.426505275046893e-16
moons,17,17,2,0.11764705882352941,5.0,2.5,1000,100.0,0.1,11.712774675989952,11.689237933019502,0.7643930760670751,-0.6394208808925331,0.0017766013795905862,0.0018035832402709497,0.0011756185607657095,0.0011900135383517987,0.0016609714428591823,0.001680127767497047,0.0018438849540217677,0.042053340595829436,0.08911378421621863,2.7811919397269236e-05,8.966216466765875e-05,True,1.2573190665112295e-16,2.789373856629392e-16,2.426505275046893e-16
moons,17,17,2,0.11764705882352941,5.0,2.5,4000,400.0,0.1,5.3621220202914515,5.308612520142131,0.7643930760670751,-0.4467689774692756,0.0009440293156356341,0.0009682733338315571,0.00039745229206513446,0.0004028735721098968,0.0006103851975670317,0.0006287995886969305,0.0018470399063461181,0.042053340595829436,0.08911378421621863,2.7811919397269236e-05,8.966216466765875e-05,True,1.2573190665112295e-16,2.789373856629392e-16,2.426505275046893e-16
moons,17,17,2,0.11764705882352941,5.0,2.5,16000,1600.0,0.1,1.253928318158924,0.9939023245997901,0.7643930760670751,0.6903894058898751,0.00019816539126687793,0.0001994481942775509,0.0001314637871313301,0.00013022494205534266,0.00023349263073093904,0.0002472150400438669,0.0018475055511659546,0.042053340595829436,0.08911378421621863,2.7811919397269236e-05,8.966216466765875e-05,True,1.2573190665112295e-16,2.789373856629392e-16,2.426505275046893e-16
moons,17,17,2,0.11764705882352941,5.0,2.5,40000,4000.0,0.1,0.9545098935847474,0.5716110495150885,0.7643930760670751,0.7686885860317789,7.408849369542787e-05,7.57793264083145e-05,5.887066250928964e-05,6.02663524250357e-05,4.9161656874710474e-05,5.392668310882058e-05,0.0018475314423462032,0.042053340595829436,0.08911378421621863,2.7811919397269236e-05,8.966216466765875e-05,True,1.2573190665112295e-16,2.789373856629392e-16,2.426505275046893e-16
moons,17,17,2,0.11764705882352941,5.0,2.5,80000,8000.0,0.1,0.7664589887703818,0.055603371165441645,0.7643930760670751,0.8342236079278814,6.664225958263112e-06,7.061201593578727e-06,2.518363686468812e-05,2.5303567022205893e-05,2.096338786067499e-05,2.2045522388947827e-05,0.0018475335574709333,0.042053340595829436,0.08911378421621863,2.7811919397269236e-05,8.966216466765875e-05,True,1.2573190665112295e-16,2.789373856629392e-16,2.426505275046893e-16
moons,17,17,2,0.11764705882352941,5.0,2.5,160000,16000.0,0.1,0.7646434693025439,0.020441036943553335,0.7643930760670751,0.8273448466676179,2.3998517020422725e-06,2.2971174320904188e-06,1.7046013056525698e-05,1.703193901178687e-05,6.3563792979011884e-06,7.145973265983935e-06,0.0018475337110193083,0.042053340595829436,0.08911378421621863,2.7811919397269236e-05,8.966216466765875e-05,True,1.2573190665112295e-16,2.789373856629392e-16,2.426505275046893e-16
moons,17,17,4,0.23529411764705882,5.0,1.25,1000,100.0,0.1,7.721738628324414,7.6851314720807595,0.7643930760670751,-0.5579766506114148,0.0010216036941045794,0.001053253792045619,0.00048044734516947954,0.0004959710901173567,0.0008617976597187677,0.0008883284607265261,0.0018465569284426523,0.11224757197781199,0.22913445487633266,6.084664872002543e-05,0.0001442935172583093,True,1.2573190665112295e-16,2.789373856629392e-16,2.426505275046893e-16
moons,17,17,4,0.23529411764705882,5.0,1.25,4000,400.0,0.1,3.4278376864715385,3.342635277448957,0.7643930760670751,-0.23323344302577165,0.00038035925412459743,0.00039482177950368654,0.00018639992810848952,0.00018975597256334887,0.000324730816465911,0.000331131547663021,0.0018474532754788292,0.11224757197781199,0.22913445487633266,6.084664872002543e-05,0.0001442935172583093,True,1.2573190665112295e-16,2.789373856629392e-16,2.426505275046893e-16
moons,17,17,4,0.23529411764705882,5.0,1.25,16000,1600.0,0.1,0.7816297432907987,0.16404847242340342,0.7643930760670751,0.8050720812952776,1.6183963813856244e-05,2.1240857565900257e-05,1.2590498270503497e-05,1.621114056234804e-05,0.00011036675126577937,0.00011317601163527671,0.0018475318697991783,0.11224757197781199,0.22913445487633266,6.084664872002543e-05,0.0001442935172583093,True,1.2573190665112295e-16,2.789373856629392e-16,2.426505275046893e-16
moons,17,17,4,0.23529411764705882,5.0,1.25,40000,4000.0,0.1,0.7655373491193604,0.04179895483660877,0.7643930760670751,0.8297177253023842,5.064323176834473e-06,5.151372162677473e-06,7.266775894741384e-06,7.230583842382915e-06,3.3719648420437753e-06,3.4854443700907417e-06,0.0018475336255934123,0.11224757197781199,0.22913445487633266,6.084664872002543e-05,0.0001442935172583093,True,1.2573190665112295e-16,2.789373856629392e-16,2.426505275046893e-16
moons,17,17,4,0.23529411764705882,5.0,1.25,80000,8000.0,0.1,0.7644151376188085,0.005735089353327573,0.7643930760670751,0.8299429448628781,7.1635934377089e-07,7.079336852035897e-07,4.7139212508402e-06,4.663161344718045e-06,1.9066936332823785e-06,1.8016769923877027e-06,0.0018475336415327425,0.11224757197781199,0.22913445487633266,6.084664872002543e-05,0.0001442935172583093,True,1.2573190665112295e-16,2.789373856629392e-16,2.426505275046893e-16
moons,17,17,4,0.23529411764705882,5.0,1.25,160000,16000.0,0.1,0.7643962552153689,0.002321831317594674,0.7643930760670751,0.8298546013969391,3.1140063733691697e-07,3.0358145020340844e-07,2.71915910184639e-06,2.4883985391871516e-06,8.03222194493377e-07,8.242664999834946e-07,0.0018475336446473743,0.11224757197781199,0.22913445487633266,6.084664872002543e-05,0.0001442935172583093,True,1.2573190665112295e-16,2.789373856629392e-16,2.426505275046893e-16
moons,17,17,6,0.35294117647058826,5.0,0.8333333333333334,1000,100.0,0.1,5.8321450891631,5.783341636331122,0.7643930760670751,-0.6290367780328212,0.0007179140905098465,0.0007361845445826474,0.0003177272520313207,0.00032890703935837276,0.0005218263915677133,0.0005290917049060333,0.0018471768285619483,0.18077797239007098,0.3466533911841036,0.0001873697293500176,0.00037133475110930764,True,1.2573190665112295e-16,2.789373856629392e-16,2.426505275046893e-16
moons,17,17,6,0.35294117647058826,5.0,0.8333333333333334,4000,400.0,0.1,1.21052080446096,0.937492710360315,0.7643930760670751,0.8532110811161486,9.448762117181497e-05,0.000104940058748031,6.092194092640554e-05,6.50136097356446e-05,0.00023928746542007837,0.00024558167198338217,0.001847519291789394,0.18077797239007098,0.3466533911841036,0.0001873697293500176,0.00037133475110930764,True,1.2573190665112295e-16,2.789373856629392e-16,2.426505275046893e-16
moons,17,17,6,0.35294117647058826,5.0,0.8333333333333334,16000,1600.0,0.1,0.767365035221088,0.06744649156231448,0.7643930760670751,0.8290647095779745,8.016990739213296e-06,7.825875125600774e-06,7.070133775074038e-06,6.921564501088442e-06,9.36847000338858e-06,1.0817654806345585e-05,0.0018475334432798073,0.18077797239007098,0.3466533911841036,0.0001873697293500176,0.00037133475110930764,True,1.2573190665112295e-16,2.789373856629392e-16,2.426505275046893e-16
moons,17,17,6,0.35294117647058826,5.0,0.8333333333333334,40000,4000.0,0.1,0.7643932940851317,0.0010879120573005882,0.7643930760670751,0.82983408187171,2.407144881884728e-07,2.3542473104639915e-07,1.8850198347249284e-06,1.8220237333337626e-06,9.407572140002682e-07,9.230656057452623e-07,0.001847533477791994,0.18077797239007098,0.3466533911841036,0.0001873697293500176,0.00037133475110930764,True,1.2573190665112295e-16,2.789373856629392e-16,2.426505275046893e-16
moons,17,17,6,0.35294117647058826,5.0,0.8333333333333334,80000,8000.0,0.1,0.7643927985662688,0.0005089808857913982,0.7643930760670751,0.8298452353342755,7.140112521567669e-08,7.262028812151605e-08,7.445528438586419e-07,7.68932725313612e-07,3.567911358865912e-07,3.286972215402649e-07,0.0018475334783568604,0.18077797239007098,0.3466533911841036,0.0001873697293500176,0.00037133475110930764,True,1.2573190665112295e-16,2.789373856629392e-16,2.426505275046893e-16
moons,17,17,6,0.35294117647058826,5.0,0.8333333333333334,160000,16000.0,0.1,0.7643931781384801,0.00015332964272443523,0.7643930760670751,0.8299024204949059,1.767387188718121e-08,1.7823769986180695e-08,2.1854902945844574e-07,2.2175670282170634e-07,4.1608535880762335e-08,4.108945417248564e-08,0.0018475334784208493,0.18077797239007098,0.3466533911841036,0.0001873697293500176,0.00037133475110930764,True,1.2573190665112295e-16,2.789373856629392e-16,2.426505275046893e-16
moons,17,17,8,0.47058823529411764,5.0,0.625,1000,100.0,0.1,2.7884595131025454,2.682621128509475,0.7643930760670751,-0.06539252659227361,0.0004406979954151217,0.0004630892417162306,0.0002011572295487411,0.0002076196504360109,0.00023940409422568875,0.0002649697855237258,0.0018474305229018483,0.2613808684773799,0.45024070878838995,0.0008339168019856347,0.0014435312109334908,True,1.2573190665112295e-16,2.789373856629392e-16,2.426505275046893e-16
moons,17,17,8,0.47058823529411764,5.0,0.625,4000,400.0,0.1,0.9721198382534189,0.6006833404674881,0.7643930760670751,0.7507984405839814,6.001818061618732e-05,6.231754922831567e-05,4.794998368605617e-05,4.9814367266419175e-05,4.045773831250519e-05,4.222060971538587e-05,0.0018475317565750469,0.2613808684773799,0.45024070878838995,0.0008339168019856347,0.0014435312109334908,True,1.2573190665112295e-16,2.789373856629392e-16,2.426505275046893e-16
moons,17,17,8,0.47058823529411764,5.0,0.625,16000,1600.0,0.1,0.7643945444948017,0.0013168653212562343,0.7643930760670751,0.8299305290384023,1.6156588854797017e-07,1.7721237609562316e-07,8.954243455374003e-07,8.725058508735216e-07,3.4159549723735696e-07,3.342552092888882e-07,0.0018475332837624352,0.2613808684773799,0.45024070878838995,0.0008339168019856347,0.0014435312109334908,True,1.2573190665112295e-16,2.789373856629392e-16,2.426505275046893e-16
moons,17,17,8,0.47058823529411764,5.0,0.625,40000,4000.0,0.1,0.7643931109090147,4.452291032965704e-05,0.7643930760670751,0.8298967482262035,7.456685501895029e-09,7.133534046224003e-09,6.755975207988213e-08,6.291417748574207e-08,5.440572295075974e-08,5.3720913708142444e-08,0.001847533283865836,0.2613808684773799,0.45024070878838995,0.0008339168019856347,0.0014435312109334908,True,1.2573190665112295e-16,2.789373856629392e-16,2.426505275046893e-16
moons,17,17,8,0.47058823529411764,5.0,0.625,80000,8000.0,0.1,0.7643930747330402,2.443482369413798e-06,0.7643930760670751,0.8298930139254602,2.680657248733971e-10,2.7363048775524195e-10,3.421352576874678e-09,3.504036221870831e-09,1.4525113459445276e-09,1.3092770608007476e-09,0.0018475332838662382,0.2613808684773799,0.45024070878838995,0.0008339168019856347,0.0014435312109334908,True,1.2573190665112295e-16,2.789373856629392e-16,2.426505275046893e-16
moons,17,17,8,0.47058823529411764,5.0,0.625,160000,16000.0,0.1,0.7643930760684406,1.9847963199823957e-09,0.7643930760670751,0.8298931571458903,1.9820618989647624e-13,2.402987727062862e-13,2.581392745316246e-12,3.1325502770974713e-12,2.3312821903688984e-12,2.082354550218391e-12,0.0018475332838662382,0.2613808684773799,0.45024070878838995,0.0008339168019856347,0.0014435312109334908,True,1.2573190665112295e-16,2.789373856629392e-16,2.426505275046893e-16
moons,17,17,17,1.0,5.0,0.29411764705882354,1000,100.0,0.1,0.7643935281630463,6.70643160335978e-05,0.7643930760670751,0.8298827751162786,1.5786195550825617e-08,1.5840374784758723e-08,1.0565454794369031e-08,1.1914940038996267e-08,1.4414390190161738e-08,1.6579642017859887e-08,0.001847532485803175,0.9999999999999991,0.9999999999999994,0.14705882352941124,0.14705882352941144,True,1.2573190665112295e-16,2.789373856629392e-16,2.426505275046893e-16
moons,17,17,17,1.0,5.0,0.29411764705882354,4000,400.0,0.1,0.764393076067047,1.4027893664505255e-12,0.7643930760670751,0.8298931569969767,1.7117146669382225e-16,3.3953424853794984e-16,1.785227688494835e-16,1.46077655237041e-16,6.069430459601236e-16,4.966461265841635e-16,0.0018475324858034927,0.9999999999999991,0.9999999999999994,0.14705882352941124,0.14705882352941144,True,1.2573190665112295e-16,2.789373856629392e-16,2.426505275046893e-16
moons,17,17,17,1.0,5.0,0.29411764705882354,16000,1600.0,0.1,0.764393076067047,1.353455765484631e-12,0.7643930760670751,0.829893156996975,1.7112427913584444e-16,3.3953424853794984e-16,1.7852066177700999e-16,1.46077655237041e-16,6.069442487542262e-16,4.966461265841635e-16,0.0018475324858034927,0.9999999999999991,0.9999999999999994,0.14705882352941124,0.14705882352941144,True,1.2573190665112295e-16,2.789373856629392e-16,2.426505275046893e-16
moons,17,17,17,1.0,5.0,0.29411764705882354,40000,4000.0,0.1,0.764393076067047,1.4027893664505255e-12,0.7643930760670751,0.8298931569969767,1.7117146669382225e-16,3.3953424853794984e-16,1.785227688494835e-16,1.46077655237041e-16,6.069565384706209e-16,4.966461265841635e-16,0.0018475324858034927,0.9999999999999991,0.9999999999999994,0.14705882352941124,0.14705882352941144,True,1.2573190665112295e-16,2.789373856629392e-16,2.426505275046893e-16
moons,17,17,17,1.0,5.0,0.29411764705882354,80000,8000.0,0.1,0.764393076067047,1.353455765484631e-12,0.7643930760670751,0.829893156996975,1.7112689133346972e-16,3.3953424853794984e-16,1.785227688494835e-16,1.46077655237041e-16,6.0695202832069525e-16,4.966461265841635e-16,0.0018475324858034927,0.9999999999999991,0.9999999999999994,0.14705882352941124,0.14705882352941144,True,1.2573190665112295e-16,2.789373856629392e-16,2.426505275046893e-16
moons,17,17,17,1.0,5.0,0.29411764705882354,160000,16000.0,0.1,0.764393076067047,1.4027893664505255e-12,0.7643930760670751,0.8298931569969767,1.7117146669382225e-16,3.3953424853794984e-16,1.785227688494835e-16,1.46077655237041e-16,6.069505157393789e-16,4.966461265841635e-16,0.0018475324858034927,0.9999999999999991,0.9999999999999994,0.14705882352941124,0.14705882352941144,True,1.2573190665112295e-16,2.789373856629392e-16,2.426505275046893e-16
moons,29,17,1,0.058823529411764705,5.0,5.0,1000,100.0,0.1,18.944989035032375,18.919605681417796,1.0063123302737105,-0.6682348831223581,0.0028657908295642133,0.0028705300306128482,0.0025120705545559835,0.002509005001032862,0.0027381907077602312,0.0027347943860096895,0.0017961008314193398,0.011546955112146144,0.013955138859884832,1.1546389733552154e-05,1.6439595378642258e-05,True,1.4242147221684103e-16,1.6112863938481381e-16,2.0935121378252557e-16
moons,29,17,1,0.058823529411764705,5.0,5.0,4000,400.0,0.1,6.993321492292344,6.920856465371483,1.0063123302737105,-0.03820705342027261,0.0013690956455420053,0.0013640732193786315,0.0009508964651087145,0.0009539507537100782,0.0011432169039406776,0.001143575322293591,0.001805796124265127,0.011546955112146144,0.013955138859884832,1.1546389733552154e-05,1.6439595378642258e-05,True,1.4242147221684103e-16,1.6112863938481381e-16,2.0935121378252557e-16
moons,29,17,1,0.058823529411764705,5.0,5.0,16000,1600.0,0.1,1.782011913270268,1.469234926499247,1.0063123302737105,0.8389236828572986,0.00022702842220115137,0.00022917743305273539,0.0002533745361244481,0.00025200161404588767,0.0002504906149818285,0.0002502778514426718,0.0018072883442792512,0.011546955112146144,0.013955138859884832,1.1546389733552154e-05,1.6439595378642258e-05,True,1.4242147221684103e-16,1.6112863938481381e-16,2.0935121378252557e-16
moons,29,17,1,0.058823529411764705,5.0,5.0,40000,4000.0,0.1,1.0242143721918764,0.1894626555960917,1.0063123302737105,0.7525478118005695,3.055499005264824e-05,3.0486441345056752e-05,0.00010353573555668556,0.00010424580534465863,5.410694014750406e-05,5.35211670460256e-05,0.0018073480885534175,0.011546955112146144,0.013955138859884832,1.1546389733552154e-05,1.6439595378642258e-05,True,1.4242147221684103e-16,1.6112863938481381e-16,2.0935121378252557e-16
moons,29,17,1,0.058823529411764705,5.0,5.0,80000,8000.0,0.1,1.010693816778297,0.09330079915903607,1.0063123302737105,0.7291289160318177,1.6233178480517202e-05,1.613824442232884e-05,8.698612926551039e-05,8.770245856570274e-05,3.259927651203551e-05,3.188408924576062e-05,0.001807349825948717,0.011546955112146144,0.013955138859884832,1.1546389733552154e-05,1.6439595378642258e-05,True,1.4242147221684103e-16,1.6112863938481381e-16,2.0935121378252557e-16
moons,29,17,1,0.058823529411764705,5.0,5.0,160000,16000.0,0.1,1.0069669503605914,0.036193930289599385,1.0063123302737105,0.7194626781715915,1.238642584126023e-05,1.282559276193287e-05,7.161797125477594e-05,7.211885336450848e-05,2.9641238322550547e-05,2.7642547954273804e-05,0.0018073502231731181,0.011546955112146144,0.013955138859884832,1.1546389733552154e-05,1.6439595378642258e-05,True,1.4242147221684103e-16,1.6112863938481381e-16,2.0935121378252557e-16
moons,29,17,2,0.11764705882352941,5.0,2.5,1000,100.0,0.1,21.753071440808473,21.731487502766978,1.0063123302737105,-0.8686522537789787,0.001888388178695796,0.0019348418716231075,0.0012147147984068881,0.001234370885553715,0.001785931128212559,0.0018157596987287553,0.001803450194947378,0.03420320730747774,0.0412149019594089,2.6371073361786124e-05,3.606810683326467e-05,True,1.4242147221684103e-16,1.6112863938481381e-16,2.0935121378252557e-16
moons,29,17,2,0.11764705882352941,5.0,2.5,4000,400.0,0.1,3.915190005647833,3.7829733114040125,1.0063123302737105,0.56696828905152,0.0010592524430624185,0.0010776138633040355,0.00042008965621664847,0.0004277773678727457,0.0006010666386347803,0.0006231788974792476,0.0018068538166326623,0.03420320730747774,0.0412149019594089,2.6371073361786124e-05,3.606810683326467e-05,True,1.4242147221684103e-16,1.6112863938481381e-16,2.0935121378252557e-16
moons,29,17,2,0.11764705882352941,5.0,2.5,16000,1600.0,0.1,1.105770300430391,0.45900284040456124,1.0063123302737105,0.626534483411972,6.859132227308996e-05,7.053131197054656e-05,4.771477076650072e-05,4.8127499354043096e-05,0.0001587355210371056,0.000165877739829052,0.001807343178116253,0.03420320730747774,0.0412149019594089,2.6371073361786124e-05,3.606810683326467e-05,True,1.4242147221684103e-16,1.6112863938481381e-16,2.0935121378252557e-16
moons,29,17,2,0.11764705882352941,5.0,2.5,40000,4000.0,0.1,1.0081761614982876,0.059856484415681636,1.0063123302737105,0.7335312603244836,6.943167413918008e-06,7.213410980921199e-06,2.8013536991156556e-05,2.8397817414442858e-05,1.4038954888130816e-05,1.3835765666320836e-05,0.001807351124016805,0.03420320730747774,0.0412149019594089,2.6371073361786124e-05,3.606810683326467e-05,True,1.4242147221684103e-16,1.6112863938481381e-16,2.0935121378252557e-16
moons,29,17,2,0.11764705882352941,5.0,2.5,80000,8000.0,0.1,1.0065908307883957,0.023006034523654302,1.0063123302737105,0.7215988571338146,4.6947779767012316e-06,4.608473408672924e-06,2.5392480010295584e-05,2.535483117712332e-05,1.2548409672949761e-05,1.2554316540726499e-05,0.0018073511933223102,0.03420320730747774,0.0412149019594089,2.6371073361786124e-05,3.606810683326467e-05,True,1.4242147221684103e-16,1.6112863938481381e-16,2.0935121378252557e-16
moons,29,17,2,0.11764705882352941,5.0,2.5,160000,16000.0,0.1,1.0063664847423606,0.010567186126566139,1.0063123302737105,0.7186525841199624,2.678071593057405e-06,2.5280908801995588e-06,1.479328517033148e-05,1.348723142786716e-05,8.771305436652812e-06,8.90002359903737e-06,0.0018073512566799668,0.03420320730747774,0.0412149019594089,2.6371073361786124e-05,3.606810683326467e-05,True,1.4242147221684103e-16,1.6112863938481381e-16,2.0935121378252557e-16
moons,29,17,4,0.23529411764705882,5.0,1.25,1000,100.0,0.1,16.136632288763956,16.106734880510547,1.0063123302737105,-0.749522264362548,0.0011654361846231464,0.0012051032547152549,0.0005112749713503226,0.0005239784340158764,0.0009900341746169855,0.0010053167685452821,0.001806367619766846,0.093034381293345,0.11077801837548965,9.941030860000089e-05,0.00012783682208103442,True,1.4242147221684103e-16,1.6112863938481381e-16,2.0935121378252557e-16
moons,29,17,4,0.23529411764705882,5.0,1.25,4000,400.0,0.1,1.988026569970753,1.7142725662086407,1.0063123302737105,0.5496135497725738,0.00031048176329975097,0.00032984754814507005,0.0001367248181301994,0.0001487583316196149,0.0002700659973518511,0.00027814551159210775,0.0018072876554884683,0.093034381293345,0.11077801837548965,9.941030860000089e-05,0.00012783682208103442,True,1.4242147221684103e-16,1.6112863938481381e-16,2.0935121378252557e-16
moons,29,17,4,0.23529411764705882,5.0,1.25,16000,1600.0,0.1,1.0090621170382583,0.0756848254635571,1.0063123302737105,0.7014728333712796,7.370485539528087e-06,6.697866521737149e-06,1.1536609793432923e-05,1.1200537920577601e-05,1.5717036460640604e-05,1.725959844283733e-05,0.001807351158136022,0.093034381293345,0.11077801837548965,9.941030860000089e-05,0.00012783682208103442,True,1.4242147221684103e-16,1.6112863938481381e-16,2.0935121378252557e-16
moons,29,17,4,0.23529411764705882,5.0,1.25,40000,4000.0,0.1,1.0063404857298526,0.00780739366234841,1.0063123302737105,0.7185092258891317,1.1312229499143028e-06,1.101986930457599e-06,6.579990209063008e-06,6.596411006404028e-06,3.3304613940196017e-06,3.3275709002234054e-06,0.0018073512251312422,0.093034381293345,0.11077801837548965,9.941030860000089e-05,0.00012783682208103442,True,1.4242147221684103e-16,1.6112863938481381e-16,2.0935121378252557e-16
moons,29,17,4,0.23529411764705882,5.0,1.25,80000,8000.0,0.1,1.0063139722997085,0.0013108015136353121,1.0063123302737105,0.7190458204630353,7.167471713885319e-07,7.033133788454176e-07,4.656918974562013e-06,4.548644174394895e-06,2.2970149748904295e-06,2.266091467955527e-06,0.0018073512327212871,0.093034381293345,0.11077801837548965,9.941030860000089e-05,0.00012783682208103442,True,1.4242147221684103e-16,1.6112863938481381e-16,2.0935121378252557e-16
moons,29,17,4,0.23529411764705882,5.0,1.25,160000,16000.0,0.1,1.0063130760669832,0.0019861238354690705,1.0063123302737105,0.7186901301481435,2.84477228236009e-07,2.896516498152256e-07,1.9832379002169435e-06,2.0332428421562734e-06,7.965511263714165e-07,7.137448318892645e-07,0.0018073512364170047,0.093034381293345,0.11077801837548965,9.941030860000089e-05,0.00012783682208103442,True,1.4242147221684103e-16,1.6112863938481381e-16,2.0935121378252557e-16
moons,29,17,6,0.35294117647058826,5.0,0.8333333333333334,1000,100.0,0.1,9.65205425362354,9.600929625166211,1.0063123302737105,-0.7017672158146778,0.0007399640310276745,0.0007731933588266337,0.0003213120102268024,0.0003278272071176125,0.0005605375643378756,0.0005736819653529186,0.0018069975681275347,0.1747494820739036,0.2037945363546112,0.0003561371393115964,0.00043556825897123064,True,1.4242147221684103e-16,1.6112863938481381e-16,2.0935121378252557e-16
moons,29,17,6,0.35294117647058826,5.0,0.8333333333333334,4000,400.0,0.1,1.1391743046460703,0.532845808328053,1.0063123302737105,0.7667002345166448,0.00011366052458158506,0.00011745799849658936,7.274728834542874e-05,7.355723856647418e-05,8.459425741748582e-05,8.801412711044858e-05,0.0018073446333797378,0.1747494820739036,0.2037945363546112,0.0003561371393115964,0.00043556825897123064,True,1.4242147221684103e-16,1.6112863938481381e-16,2.0935121378252557e-16
moons,29,17,6,0.35294117647058826,5.0,0.8333333333333334,16000,1600.0,0.1,1.0063322983543057,0.004960902509071924,1.0063123302737105,0.7202752590553015,6.474047949165799e-07,6.358339088693789e-07,3.2922781267926033e-06,3.2280794396373954e-06,1.6785846882480143e-06,1.6592221094653442e-06,0.0018073510779805027,0.1747494820739036,0.2037945363546112,0.0003561371393115964,0.00043556825897123064,True,1.4242147221684103e-16,1.6112863938481381e-16,2.0935121378252557e-16
moons,29,17,6,0.35294117647058826,5.0,0.8333333333333334,40000,4000.0,0.1,1.006313594666568,0.0011782410150262231,1.0063123302737105,0.7190100536646438,1.7424932115435128e-07,1.7190560494454417e-07,1.1697539210543652e-06,1.1482993940362196e-06,6.929092002976414e-07,6.880414599518531e-07,0.0018073510804144624,0.1747494820739036,0.2037945363546112,0.0003561371393115964,0.00043556825897123064,True,1.4242147221684103e-16,1.6112863938481381e-16,2.0935121378252557e-16
moons,29,17,6,0.35294117647058826,5.0,0.8333333333333334,80000,8000.0,0.1,1.0063125143065528,0.0003107082924114303,1.0063123302737105,0.7189314356938796,4.6176340692924625e-08,4.481768646395929e-08,3.1745409620512254e-07,3.1841037755177044e-07,1.2556495529627603e-07,1.29263412728838e-07,0.0018073510807546658,0.1747494820739036,0.2037945363546112,0.0003561371393115964,0.00043556825897123064,True,1.4242147221684103e-16,1.6112863938481381e-16,2.0935121378252557e-16
moons,29,17,6,0.35294117647058826,5.0,0.8333333333333334,160000,16000.0,0.1,1.0063123380071863,1.8303240736315194e-05,1.0063123302737105,0.7189083960531568,2.7094841818101446e-09,2.6616636598398684e-09,1.87997348359711e-08,1.8836183565158735e-08,3.6463945491027957e-09,4.5222556681359055e-09,0.001807351080767285,0.1747494820739036,0.2037945363546112,0.0003561371393115964,0.00043556825897123064,True,1.4242147221684103e-16,1.6112863938481381e-16,2.0935121378252557e-16
moons,29,17,8,0.47058823529411764,5.0,0.625,1000,100.0,0.1,4.7665064650177795,4.660383056563097,1.0063123302737105,-0.5115676321264963,0.00035755162788255607,0.00037975071492638197,0.0002068419478170785,0.0002178713641908114,0.0003695654600237642,0.0003837523217098504,0.0018072332583386847,0.2945898401696252,0.3340832684797398,0.0012117286254820225,0.0014281331307613096,True,1.4242147221684103e-16,1.6112863938481381e-16,2.0935121378252557e-16
moons,29,17,8,0.47058823529411764,5.0,0.625,4000,400.0,0.1,1.136853125332996,0.5307566241258586,1.0063123302737105,0.4672156154803288,3.248247312242072e-05,3.3039462389441555e-05,2.2557287025163285e-05,2.3054624884200374e-05,2.0867951270209568e-05,2.1854087961114485e-05,0.0018073504606938944,0.2945898401696252,0.3340832684797398,0.0012117286254820225,0.0014281331307613096,True,1.4242147221684103e-16,1.6112863938481381e-16,2.0935121378252557e-16
moons,29,17,8,0.47058823529411764,5.0,0.625,16000,1600.0,0.1,1.0063121454133175,0.00039633328073985114,1.0063123302737105,0.7188605745111908,7.23329983736095e-08,7.109062987281725e-08,5.203641736920847e-07,5.09762922998713e-07,3.1009507690225376e-07,3.062479896130736e-07,0.0018073508984822115,0.2945898401696252,0.3340832684797398,0.0012117286254820225,0.0014281331307613096,True,1.4242147221684103e-16,1.6112863938481381e-16,2.0935121378252557e-16
moons,29,17,8,0.47058823529411764,5.0,0.625,40000,4000.0,0.1,1.0063123263463374,2.4596810761696182e-05,1.0063123302737105,0.7189063405281555,3.0426809929298797e-09,2.9589369911054063e-09,2.1187209902875887e-08,2.056011018760196e-08,1.5637621391427434e-08,1.518641053696691e-08,0.0018073508985483357,0.2945898401696252,0.3340832684797398,0.0012117286254820225,0.0014281331307613096,True,1.4242147221684103e-16,1.6112863938481381e-16,2.0935121378252557e-16
moons,29,17,8,0.47058823529411764,5.0,0.625,80000,8000.0,0.1,1.0063123302257737,1.8268228920064515e-07,1.0063123302737105,0.7189070504209697,2.1644009257332518e-11,2.1742955166114233e-11,1.8197017504606468e-10,1.872259956549795e-10,1.1301198644037391e-10,1.1318665777199796e-10,0.0018073508985483357,0.2945898401696252,0.3340832684797398,0.0012117286254820225,0.0014281331307613096,True,1.4242147221684103e-16,1.6112863938481381e-16,2.0935121378252557e-16
moons,29,17,8,0.47058823529411764,5.0,0.625,160000,16000.0,0.1,1.0063123302736745,1.2680109315537893e-11,1.0063123302737105,0.7189070591664816,1.4436225432955577e-15,1.5675002997730197e-15,1.1392001907986714e-14,1.163359829682785e-14,2.4971845451441427e-15,3.244442676476907e-15,0.0018073508985483357,0.2945898401696252,0.3340832684797398,0.0012117286254820225,0.0014281331307613096,True,1.4242147221684103e-16,1.6112863938481381e-16,2.0935121378252557e-16
moons,29,17,17,1.0,5.0,0.29411764705882354,1000,100.0,0.1,1.0063133164187203,0.00019535414403489112,1.0063123302737105,0.7188517964790182,1.583385333113012e-08,1.699651555706509e-08,1.0906319394277652e-08,9.356850367573856e-09,1.3911787824005866e-08,1.6179624674483603e-08,0.0018073501456004198,0.9999999999999989,0.9999999999999993,0.14705882352941124,0.14705882352941146,True,1.4242147221684103e-16,1.6112863938481381e-16,2.0935121378252557e-16
moons,29,17,17,1.0,5.0,0.29411764705882354,4000,400.0,0.1,1.0063123302736856,4.8884441405303375e-12,1.0063123302737105,0.7189070591686096,1.835168829996089e-16,3.3753996686226514e-16,1.828447095542079e-16,1.8689183196632456e-16,6.216441530823238e-16,6.354093258525798e-16,0.0018073501456007325,0.9999999999999989,0.9999999999999993,0.14705882352941124,0.14705882352941146,True,1.4242147221684103e-16,1.6112863938481381e-16,2.0935121378252557e-16
moons,29,17,17,1.0,5.0,0.29411764705882354,16000,1600.0,0.1,1.0063123302736856,4.888444140167229e-12,1.0063123302737105,0.7189070591686096,1.8351449486145507e-16,3.3753622810172313e-16,1.8284676679763078e-16,1.8689183196632456e-16,6.216444735359802e-16,6.354093258525798e-16,0.0018073501456007325,0.9999999999999989,0.9999999999999993,0.14705882352941124,0.14705882352941146,True,1.4242147221684103e-16,1.6112863938481381e-16,2.0935121378252557e-16
moons,29,17,17,1.0,5.0,0.29411764705882354,40000,4000.0,0.1,1.0063123302736856,4.888444140350168e-12,1.0063123302737105,0.7189070591686096,1.835184106022627e-16,3.375408308016146e-16,1.828447095542079e-16,1.8689183196632456e-16,6.216441953176951e-16,6.354093258525798e-16,0.0018073501456007325,0.9999999999999989,0.9999999999999993,0.14705882352941124,0.14705882352941146,True,1.4242147221684103e-16,1.6112863938481381e-16,2.0935121378252557e-16
moons,29,17,17,1.0,5.0,0.29411764705882354,80000,8000.0,0.1,1.0063123302736856,4.888444140350168e-12,1.0063123302737105,0.7189070591686096,1.8351517775371976e-16,3.3753622810172313e-16,1.8284676679763078e-16,1.8689183196632456e-16,6.216441825435403e-16,6.354093258525798e-16,0.0018073501456007325,0.9999999999999989,0.9999999999999993,0.14705882352941124,0.14705882352941146,True,1.4242147221684103e-16,1.6112863938481381e-16,2.0935121378252557e-16
moons,29,17,17,1.0,5.0,0.29411764705882354,160000,16000.0,0.1,1.0063123302736856,4.888444140542129e-12,1.0063123302737105,0.7189070591686096,1.8351909347995653e-16,3.3753880707916526e-16,1.828447095542079e-16,1.8689183196632456e-16,6.216451433651153e-16,6.354093258525798e-16,0.0018073501456007325,0.9999999999999989,0.9999999999999993,0.14705882352941124,0.14705882352941146,True,1.4242147221684103e-16,1.6112863938481381e-16,2.0935121378252557e-16
moons,43,17,1,0.058823529411764705,5.0,5.0,1000,100.0,0.1,7.974098015257722,7.9341699411137885,0.8029508940114564,-0.025567535018345876,0.004035317523811522,0.0040371927109120465,0.0024373151405065368,0.0024429032294214672,0.0025678102094553604,0.0025707961870033895,0.0018812475783578342,0.02537653043819726,0.02559564278371558,7.947676689440408e-05,8.086840257770511e-05,True,2.0030685202099867e-16,1.7256466408425233e-16,3.5766692538090333e-16
moons,43,17,1,0.058823529411764705,5.0,5.0,4000,400.0,0.1,5.034779182986283,4.971821912636445,0.8029508940114564,-0.551473803034576,0.00201402150488295,0.0020114514814668747,0.0010086313614043269,0.0010081927920375568,0.0011409425430871484,0.001137108995549172,0.001890465237825679,0.02537653043819726,0.02559564278371558,7.947676689440408e-05,8.086840257770511e-05,True,2.0030685202099867e-16,1.7256466408425233e-16,3.5766692538090333e-16
moons,43,17,1,0.058823529411764705,5.0,5.0,16000,1600.0,0.1,2.4705766084072858,2.3344515646587056,0.8029508940114564,0.9421485858258394,0.0003871303367584826,0.00038726205594669073,0.000329975234932651,0.00033134606862301054,0.0003700215283684053,0.00037136015020485533,0.0018920067364949777,0.02537653043819726,0.02559564278371558,7.947676689440408e-05,8.086840257770511e-05,True,2.0030685202099867e-16,1.7256466408425233e-16,3.5766692538090333e-16
moons,43,17,1,0.058823529411764705,5.0,5.0,40000,4000.0,0.1,0.9670783595879607,0.5378862289738187,0.8029508940114564,0.8050770887074152,8.640905745819661e-05,8.999813294198167e-05,0.00018291095351966838,0.00018268104908951337,9.914719533789086e-05,9.93558634132845e-05,0.0018920921509910568,0.02537653043819726,0.02559564278371558,7.947676689440408e-05,8.086840257770511e-05,True,2.0030685202099867e-16,1.7256466408425233e-16,3.5766692538090333e-16
moons,43,17,1,0.058823529411764705,5.0,5.0,80000,8000.0,0.1,0.8054415437776864,0.06481883145537777,0.8029508940114564,0.7602305393607809,2.7342000656747385e-05,2.7129056055998863e-05,0.0001217386516075164,0.000121154007202139,5.8293277813842846e-05,5.861313060889071e-05,0.0018920998089900676,0.02537653043819726,0.02559564278371558,7.947676689440408e-05,8.086840257770511e-05,True,2.0030685202099867e-16,1.7256466408425233e-16,3.5766692538090333e-16
moons,43,17,1,0.058823529411764705,5.0,5.0,160000,16000.0,0.1,0.8030636568523597,0.01387441018217113,0.8029508940114564,0.7743700407328798,1.2779186187248176e-05,1.2822086898138984e-05,5.613169105887612e-05,5.6383082545704876e-05,2.3528970170760347e-05,2.3620399153498537e-05,0.001892102897532478,0.02537653043819726,0.02559564278371558,7.947676689440408e-05,8.086840257770511e-05,True,2.0030685202099867e-16,1.7256466408425233e-16,3.5766692538090333e-16
moons,43,17,2,0.11764705882352941,5.0,2.5,1000,100.0,0.1,18.357927132940084,18.342456566515935,0.8029508940114564,-0.966165113183169,0.002669304546956784,0.0027213447705859302,0.0011628458629880424,0.00117898660429248,0.0014782309862270407,0.0014760112915885508,0.0018887120266244714,0.08443642418476764,0.08515276412456488,0.00027195227731025007,0.0002770223597992616,True,2.0030685202099867e-16,1.7256466408425233e-16,3.5766692538090333e-16
moons,43,17,2,0.11764705882352941,5.0,2.5,4000,400.0,0.1,9.809996410956508,9.778675712954898,0.8029508940114564,-0.7038173368073626,0.0011959493734669641,0.0012355331480387115,0.0003973128181291208,0.00040629367062589033,0.0006916813994523434,0.0007024696137074031,0.001891629137663806,0.08443642418476764,0.08515276412456488,0.00027195227731025007,0.0002770223597992616,True,2.0030685202099867e-16,1.7256466408425233e-16,3.5766692538090333e-16
moons,43,17,2,0.11764705882352941,5.0,2.5,16000,1600.0,0.1,1.1293930223518565,0.7947092663647553,0.8029508940114564,0.5836049517684629,0.0002335563422834178,0.0002430982659316558,0.00010479636336202353,0.00010686605848772004,0.000181976903858595,0.00018818921466736164,0.0018920865187166055,0.08443642418476764,0.08515276412456488,0.00027195227731025007,0.0002770223597992616,True,2.0030685202099867e-16,1.7256466408425233e-16,3.5766692538090333e-16
moons,43,17,2,0.11764705882352941,5.0,2.5,40000,4000.0,0.1,0.8140487596103398,0.1329632914137817,0.8029508940114564,0.7903528787286148,1.7521514517756726e-05,1.9012082789007875e-05,3.0078843909920443e-05,3.0037746477665133e-05,1.4590544890600962e-05,1.449889294772936e-05,0.0018921032979492807,0.08443642418476764,0.08515276412456488,0.00027195227731025007,0.0002770223597992616,True,2.0030685202099867e-16,1.7256466408425233e-16,3.5766692538090333e-16
moons,43,17,2,0.11764705882352941,5.0,2.5,80000,8000.0,0.1,0.8029514274614891,0.002439824034128018,0.8029508940114564,0.7748931062661357,2.1593003809890278e-06,2.1461004933103157e-06,9.425257586610916e-06,9.445043710118385e-06,4.331560890108836e-06,4.331315181918204e-06,0.0018921036039210063,0.08443642418476764,0.08515276412456488,0.00027195227731025007,0.0002770223597992616,True,2.0030685202099867e-16,1.7256466408425233e-16,3.5766692538090333e-16
moons,43,17,2,0.11764705882352941,5.0,2.5,160000,16000.0,0.1,0.8029508772253711,0.00011259499750216445,0.8029508940114564,0.7752526973976568,2.049308311070797e-07,2.0745784403560214e-07,9.566459724928995e-07,9.545826287866222e-07,4.841779994139454e-07,4.745269433620256e-07,0.0018921036236737839,0.08443642418476764,0.08515276412456488,0.00027195227731025007,0.0002770223597992616,True,2.0030685202099867e-16,1.7256466408425233e-16,3.5766692538090333e-16
moons,43,17,4,0.23529411764705882,5.0,1.25,1000,100.0,0.1,12.084700170219904,12.059959575171911,0.8029508940114564,-0.9104206118830769,0.001254523390694484,0.0012948111251512631,0.00047907823440015876,0.0004913366863732317,0.0009356409738264217,0.0009627827090584791,0.0018912175223905559,0.25429773433244374,0.2563049159440576,0.0012979751116503624,0.0013332805503006862,True,2.0030685202099867e-16,1.7256466408425233e-16,3.5766692538090333e-16
moons,43,17,4,0.23529411764705882,5.0,1.25,4000,400.0,0.1,3.2951646994729553,3.1938020941034955,0.8029508940114564,0.9584715590474716,0.0003914130092358353,0.0003869054707258863,0.0001536688490277236,0.00015146131169601734,0.000370188949046167,0.0003827232894010972,0.0018920129833852324,0.25429773433244374,0.2563049159440576,0.0012979751116503624,0.0013332805503006862,True,2.0030685202099867e-16,1.7256466408425233e-16,3.5766692538090333e-16
moons,43,17,4,0.23529411764705882,5.0,1.25,16000,1600.0,0.1,0.8114195464420688,0.11605954938831639,0.8029508940114564,0.786854603002271,3.1832717764140234e-05,3.2601058909819156e-05,1.3964269505018668e-05,1.4010541011910696e-05,2.2892623784239628e-05,2.2983902144589145e-05,0.0018921032071268415,0.25429773433244374,0.2563049159440576,0.0012979751116503624,0.0013332805503006862,True,2.0030685202099867e-16,1.7256466408425233e-16,3.5766692538090333e-16
moons,43,17,4,0.23529411764705882,5.0,1.25,40000,4000.0,0.1,0.8029516475047179,0.0004872898942295096,0.8029508940114564,0.7753258993503398,1.1435614121913299e-07,1.2270538732398075e-07,1.769405931903082e-07,1.7261620803414583e-07,2.1613018877273912e-07,2.2336761094568683e-07,0.0018921035136346721,0.25429773433244374,0.2563049159440576,0.0012979751116503624,0.0013332805503006862,True,2.0030685202099867e-16,1.7256466408425233e-16,3.5766692538090333e-16
moons,43,17,4,0.23529411764705882,5.0,1.25,80000,8000.0,0.1,0.8029508933727465,3.050189767707097e-07,0.8029508940114564,0.7752551233468029,1.2094193178835966e-10,1.1952785716546802e-10,6.114964499961821e-10,6.201779107032866e-10,4.54523140834127e-10,4.5440750385740114e-10,0.0018921035136502079,0.25429773433244374,0.2563049159440576,0.0012979751116503624,0.0013332805503006862,True,2.0030685202099867e-16,1.7256466408425233e-16,3.5766692538090333e-16
moons,43,17,4,0.23529411764705882,5.0,1.25,160000,16000.0,0.1,0.8029508940114257,4.720111780743797e-12,0.8029508940114564,0.775255197521189,3.847071841189117e-15,3.676437084377627e-15,2.5928701226951174e-14,2.4941426591192744e-14,8.333080987031556e-15,8.456733957554432e-15,0.0018921035136502079,0.25429773433244374,0.2563049159440576,0.0012979751116503624,0.0013332805503006862,True,2.0030685202099867e-16,1.7256466408425233e-16,3.5766692538090333e-16
moons,43,17,6,0.35294117647058826,5.0,0.8333333333333334,1000,100.0,0.1,10.308599189349115,10.278738525923034,0.8029508940114564,-0.6377258398201544,0.0010245793393245759,0.0010491182518970537,0.00031467763778972964,0.00032728400353162823,0.0005373445472030535,0.0005639472442362988,0.0018917120483227963,0.5012429894250252,0.5050088766289498,0.002172073604205016,0.002277153062418852,True,2.0030685202099867e-16,1.7256466408425233e-16,3.5766692538090333e-16
moons,43,17,6,0.35294117647058826,5.0,0.8333333333333334,4000,400.0,0.1,2.3777369838677602,2.2363584536587244,0.8029508940114564,0.8692357199447965,0.00023864443526471917,0.00025419552673147774,9.861023301479472e-05,0.00010260687313564244,0.00014943444043576842,0.00015026306870026228,0.0018920869908618109,0.5012429894250252,0.5050088766289498,0.002172073604205016,0.002277153062418852,True,2.0030685202099867e-16,1.7256466408425233e-16,3.5766692538090333e-16
moons,43,17,6,0.35294117647058826,5.0,0.8333333333333334,16000,1600.0,0.1,0.8031356829961724,0.016597451434910728,0.8029508940114564,0.7767226846338103,2.273526733664987e-06,2.3851183268676256e-06,1.1491636530470115e-06,1.184026905441955e-06,2.4297849123685736e-06,2.435197951257646e-06,0.0018921033358741362,0.5012429894250252,0.5050088766289498,0.002172073604205016,0.002277153062418852,True,2.0030685202099867e-16,1.7256466408425233e-16,3.5766692538090333e-16
moons,43,17,6,0.35294117647058826,5.0,0.8333333333333334,40000,4000.0,0.1,0.802950884150933,4.966334798866694e-06,0.8029508940114564,0.7752540563235731,6.289137763678698e-10,6.300596136985155e-10,2.3768183492275154e-09,2.3349254695842303e-09,8.69430254228165e-10,8.630436550179856e-10,0.0018921033376729387,0.5012429894250252,0.5050088766289498,0.002172073604205016,0.002277153062418852,True,2.0030685202099867e-16,1.7256466408425233e-16,3.5766692538090333e-16
moons,43,17,6,0.35294117647058826,5.0,0.8333333333333334,80000,8000.0,0.1,0.8029508940114961,8.283106411850726e-11,0.8029508940114564,0.775255197529307,3.8857525355340396e-14,3.9470928617884794e-14,2.9605943673032034e-13,2.997062397694848e-13,1.6967935736532444e-13,1.6392604741783486e-13,0.0018921033376729387,0.5012429894250252,0.5050088766289498,0.002172073604205016,0.002277153062418852,True,2.0030685202099867e-16,1.7256466408425233e-16,3.5766692538090333e-16
moons,43,17,6,0.35294117647058826,5.0,0.8333333333333334,160000,16000.0,0.1,0.8029508940114272,2.2783760144976015e-12,0.8029508940114564,0.7752551975214025,3.7119257688371726e-16,6.239609382490936e-16,4.931231820286284e-16,3.794040915684369e-16,6.423907109734603e-16,4.518080412161643e-16,0.0018921033376729387,0.5012429894250252,0.5050088766289498,0.002172073604205016,0.002277153062418852,True,2.0030685202099867e-16,1.7256466408425233e-16,3.5766692538090333e-16
moons,43,17,8,0.47058823529411764,5.0,0.625,1000,100.0,0.1,7.297295032892969,7.254450414237808,0.8029508940114564,-0.6162745533351485,0.0007880510369335132,0.0008207783368914717,0.00022143793401670456,0.00023175752289172202,0.00034813501628056757,0.00034503208469695594,0.0018919489300464603,0.5511791031183104,0.5575897444503277,0.002678752591849687,0.00281811084522382,True,2.0030685202099867e-16,1.7256466408425233e-16,3.5766692538090333e-16
moons,43,17,8,0.47058823529411764,5.0,0.625,4000,400.0,0.1,1.2991815839690561,1.023236587325323,0.8029508940114564,0.08739207041726944,8.320278720402444e-05,8.63966294312516e-05,3.6063022835429026e-05,3.714848037596355e-05,5.330266006765554e-05,5.9686697643999046e-05,0.0018921010583603957,0.5511791031183104,0.5575897444503277,0.002678752591849687,0.00281811084522382,True,2.0030685202099867e-16,1.7256466408425233e-16,3.5766692538090333e-16
moons,43,17,8,0.47058823529411764,5.0,0.625,16000,1600.0,0.1,0.8029519896440807,0.0005429157108922768,0.8029508940114564,0.7753600288995439,5.288406052858792e-08,5.1409480218838024e-08,1.0618787386513601e-07,1.0397394252627045e-07,4.8683591694753e-08,5.320199746572728e-08,0.0018921031319614852,0.5511791031183104,0.5575897444503277,0.002678752591849687,0.00281811084522382,True,2.0030685202099867e-16,1.7256466408425233e-16,3.5766692538090333e-16
moons,43,17,8,0.47058823529411764,5.0,0.625,40000,4000.0,0.1,0.8029508940274434,6.485604656288818e-08,0.8029508940114564,0.7752551993935115,2.6108945769766367e-11,2.538463568998988e-11,1.6148052699997257e-10,1.5643250828927056e-10,6.649196483323121e-11,6.586151314432569e-11,0.001892103131964037,0.5511791031183104,0.5575897444503277,0.002678752591849687,0.00281811084522382,True,2.0030685202099867e-16,1.7256466408425233e-16,3.5766692538090333e-16
moons,43,17,8,0.47058823529411764,5.0,0.625,80000,8000.0,0.1,0.8029508940114244,1.6915752809842095e-12,0.8029508940114564,0.7752551975211642,2.773857372986971e-16,6.054176505227528e-16,3.609728326052323e-16,6.961700563376758e-16,6.002281146062664e-16,6.548402157341106e-16,0.001892103131964037,0.5511791031183104,0.5575897444503277,0.002678752591849687,0.00281811084522382,True,2.0030685202099867e-16,1.7256466408425233e-16,3.5766692538090333e-16
moons,43,17,8,0.47058823529411764,5.0,0.625,160000,16000.0,0.1,0.8029508940114244,1.4089552023643501e-12,0.8029508940114564,0.7752551975211798,3.142818314879302e-16,6.073991798162524e-16,3.939484064746588e-16,4.907075556737651e-16,4.896900289062444e-16,5.465703948197572e-16,0.001892103131964037,0.5511791031183104,0.5575897444503277,0.002678752591849687,0.00281811084522382,True,2.0030685202099867e-16,1.7256466408425233e-16,3.5766692538090333e-16
moons,43,17,17,1.0,5.0,0.29411764705882354,1000,100.0,0.1,0.8029514558575859,0.00015110684616465847,0.8029508940114564,0.7752116612001984,1.9866206875270333e-08,2.2231301900605418e-08,1.0834204442842096e-08,1.0917922248914702e-08,1.3932930411227939e-08,1.6354706493044543e-08,0.001892102279179798,0.9999999999999994,0.9999999999999996,0.14705882352941135,0.14705882352941152,True,2.0030685202099867e-16,1.7256466408425233e-16,3.5766692538090333e-16
moons,43,17,17,1.0,5.0,0.29411764705882354,4000,400.0,0.1,0.8029508940114318,2.761497873045097e-12,0.8029508940114564,0.7752551975218369,2.8386397259806327e-16,5.896375302554868e-16,1.4543564888025742e-16,1.2170602817830189e-16,4.944633836463641e-16,4.1378558122809695e-16,0.0018921022791801273,0.9999999999999994,0.9999999999999996,0.14705882352941135,0.14705882352941152,True,2.0030685202099867e-16,1.7256466408425233e-16,3.5766692538090333e-16
moons,43,17,17,1.0,5.0,0.29411764705882354,16000,1600.0,0.1,0.8029508940114318,2.7791648636276277e-12,0.8029508940114564,0.775255197521836,2.8386397259806327e-16,5.8869801980234e-16,1.4543564888025742e-16,1.5978893675697324e-16,4.944633836463641e-16,4.1378558122809695e-16,0.0018921022791801273,0.9999999999999994,0.9999999999999996,0.14705882352941135,0.14705882352941152,True,2.0030685202099867e-16,1.7256466408425233e-16,3.5766692538090333e-16
moons,43,17,17,1.0,5.0,0.29411764705882354,40000,4000.0,0.1,0.8029508940114318,2.761497873045097e-12,0.8029508940114564,0.7752551975218369,2.8386397259806327e-16,5.896375302554868e-16,1.4543564888025742e-16,1.2170602817830189e-16,4.944633836463641e-16,4.1378558122809695e-16,0.0018921022791801273,0.9999999999999994,0.9999999999999996,0.14705882352941135,0.14705882352941152,True,2.0030685202099867e-16,1.7256466408425233e-16,3.5766692538090333e-16
moons,43,17,17,1.0,5.0,0.29411764705882354,80000,8000.0,0.1,0.8029508940114318,2.7791648636276277e-12,0.8029508940114564,0.775255197521836,2.8386397259806327e-16,5.8869801980234e-16,1.4543564888025742e-16,1.5978893675697324e-16,4.944633836463641e-16,4.1378558122809695e-16,0.0018921022791801273,0.9999999999999994,0.9999999999999996,0.14705882352941135,0.14705882352941152,True,2.0030685202099867e-16,1.7256466408425233e-16,3.5766692538090333e-16
moons,43,17,17,1.0,5.0,0.29411764705882354,160000,16000.0,0.1,0.8029508940114318,2.761497873045097e-12,0.8029508940114564,0.7752551975218369,2.8386397259806327e-16,5.896375302554868e-16,1.4543564888025742e-16,1.2170602817830189e-16,4.944633836463641e-16,4.1378558122809695e-16,0.0018921022791801273,0.9999999999999994,0.9999999999999996,0.14705882352941135,0.14705882352941152,True,2.0030685202099867e-16,1.7256466408425233e-16,3.5766692538090333e-16
spirals,17,17,1,0.058823529411764705,5.0,5.0,1000,100.0,0.1,43.93948589995706,43.9154253600663,1.4670826175414733,-0.2231800525880936,0.0039005868449252224,0.003883638203483222,0.0024877946830576653,0.002483084726031902,0.0024952527737653026,0.002503073927057078,0.0018358485428067687,0.01775620794776798,0.03945822701989725,2.4745305441054022e-05,0.00011086560489675934,True,1.5953143486370553e-16,2.240481163525604e-16,1.9640998660046378e-16
spirals,17,17,1,0.058823529411764705,5.0,5.0,4000,400.0,0.1,20.884670804771453,20.834442858772807,1.4670826175414733,-0.6158738986877625,0.0016470474480674176,0.0016444613190843246,0.0009532291349883404,0.0009558041412665373,0.0011099653802328277,0.0011132639819862358,0.0018446251075245727,0.01775620794776798,0.03945822701989725,2.4745305441054022e-05,0.00011086560489675934,True,1.5953143486370553e-16,2.240481163525604e-16,1.9640998660046378e-16
spirals,17,17,1,0.058823529411764705,5.0,5.0,16000,1600.0,0.1,7.793916887159507,7.655906063623258,1.4670826175414733,-0.5250087328351187,0.0008958413177367005,0.000897577364276329,0.0003696577605869709,0.0003696598540168077,0.0003074151693892812,0.00030046037500884695,0.00184596497654909,0.01775620794776798,0.03945822701989725,2.4745305441054022e-05,0.00011086560489675934,True,1.5953143486370553e-16,2.240481163525604e-16,1.9640998660046378e-16
spirals,17,17,1,0.058823529411764705,5.0,5.0,40000,4000.0,0.1,2.2012306571577827,1.6410807916018877,1.4670826175414733,0.46950736215376554,0.0002534700239286622,0.00025738933243716955,0.00015184010942313186,0.00015119647169896408,0.0002522347756994321,0.0002514289733252027,0.0018461236519970235,0.01775620794776798,0.03945822701989725,2.4745305441054022e-05,0.00011086560489675934,True,1.5953143486370553e-16,2.240481163525604e-16,1.9640998660046378e-16
spirals,17,17,1,0.058823529411764705,5.0,5.0,80000,8000.0,0.1,1.6062279237617272,0.65437498615377,1.4670826175414733,0.5371434335459548,7.56928519019399e-05,7.4573782573739e-05,9.257739628893322e-05,9.235269022030017e-05,8.435042210527982e-05,8.399932000233433e-05,0.0018461481696023818,0.01775620794776798,0.03945822701989725,2.4745305441054022e-05,0.00011086560489675934,True,1.5953143486370553e-16,2.240481163525604e-16,1.9640998660046378e-16
spirals,17,17,1,0.058823529411764705,5.0,5.0,160000,16000.0,0.1,1.4703073550840378,0.0970326618085205,1.4670826175414733,0.6270866269968884,1.3000335250883072e-05,1.2908905798382041e-05,7.521441165908341e-05,7.45311984354507e-05,1.6974946559928583e-05,1.695244575356938e-05,0.0018461513781718735,0.01775620794776798,0.03945822701989725,2.4745305441054022e-05,0.00011086560489675934,True,1.5953143486370553e-16,2.240481163525604e-16,1.9640998660046378e-16
spirals,17,17,2,0.11764705882352941,5.0,2.5,1000,100.0,0.1,45.67506685066152,45.65201146101732,1.4670826175414733,-0.2631391275124917,0.00266304117996332,0.002681522891961907,0.0011558181008429912,0.001169459323487054,0.0016926014456350267,0.0017171503905555078,0.0018427096946089854,0.05428500170255939,0.11951305368856005,4.1171029007969207e-05,0.00014883907017240738,True,1.5953143486370553e-16,2.240481163525604e-16,1.9640998660046378e-16
spirals,17,17,2,0.11764705882352941,5.0,2.5,4000,400.0,0.1,8.739470666949213,8.61656125787265,1.4670826175414733,-0.4347266400716907,0.0011836554984295967,0.001212702103113468,0.0003989454788960431,0.0004093776379424238,0.0006811206938806972,0.0006909310723410201,0.0018456217482831789,0.05428500170255939,0.11951305368856005,4.1171029007969207e-05,0.00014883907017240738,True,1.5953143486370553e-16,2.240481163525604e-16,1.9640998660046378e-16
spirals,17,17,2,0.11764705882352941,5.0,2.5,16000,1600.0,0.1,2.552963795381807,2.089797257859608,1.4670826175414733,0.26644958703881777,0.0003667625848854056,0.0003856715238572671,0.00013915106058754343,0.00014420639375988247,0.00030581822103857906,0.0003122677036205643,0.0018460879870435842,0.05428500170255939,0.11951305368856005,4.1171029007969207e-05,0.00014883907017240738,True,1.5953143486370553e-16,2.240481163525604e-16,1.9640998660046378e-16
spirals,17,17,2,0.11764705882352941,5.0,2.5,40000,4000.0,0.1,2.510289389397906,2.0360908074215622,1.4670826175414733,0.6619447584756126,0.00012865699851292848,0.00013528360008350878,5.720707737141119e-05,5.9914526776800704e-05,0.00010435634377302033,0.0001083916233650511,0.0018461471920033132,0.05428500170255939,0.11951305368856005,4.1171029007969207e-05,0.00014883907017240738,True,1.5953143486370553e-16,2.240481163525604e-16,1.9640998660046378e-16
spirals,17,17,2,0.11764705882352941,5.0,2.5,80000,8000.0,0.1,1.4779616829394493,0.17878534481577515,1.4670826175414733,0.6268658134042149,1.7177724668845075e-05,1.7835019117899796e-05,2.465815323678363e-05,2.4696490553519513e-05,1.460668828190213e-05,1.5346239572697043e-05,0.0018461516569347417,0.05428500170255939,0.11951305368856005,4.1171029007969207e-05,0.00014883907017240738,True,1.5953143486370553e-16,2.240481163525604e-16,1.9640998660046378e-16
spirals,17,17,2,0.11764705882352941,5.0,2.5,160000,16000.0,0.1,1.4672165430307986,0.020454108991722213,1.4670826175414733,0.6207450827851724,2.11081127142884e-06,2.0490136490185806e-06,1.6565689274796966e-05,1.5404314928394157e-05,3.1972739554942233e-06,4.246449111986665e-06,0.0018461518259357845,0.05428500170255939,0.11951305368856005,4.1171029007969207e-05,0.00014883907017240738,True,1.5953143486370553e-16,2.240481163525604e-16,1.9640998660046378e-16
spirals,17,17,4,0.23529411764705882,5.0,1.25,1000,100.0,0.1,37.138863311006155,37.11005437274499,1.4670826175414733,-0.07909969849658585,0.0015161627760640832,0.0015735626239092772,0.0005169022718102933,0.000525316984932581,0.0008354141311328674,0.0008589057328029558,0.0018452696495896384,0.14298625244068436,0.3030966970763723,8.115054149757106e-05,0.00021180968322363075,True,1.5953143486370553e-16,2.240481163525604e-16,1.9640998660046378e-16
spirals,17,17,4,0.23529411764705882,5.0,1.25,4000,400.0,0.1,5.054160869344537,4.837268065033746,1.4670826175414733,-0.10408488268405781,0.0005131040124546592,0.0005325059753367746,0.0001685174373723453,0.0001816437771740166,0.0003995793082649209,0.00041976929489658785,0.001846017655430458,0.14298625244068436,0.3030966970763723,8.115054149757106e-05,0.00021180968322363075,True,1.5953143486370553e-16,2.240481163525604e-16,1.9640998660046378e-16
spirals,17,17,4,0.23529411764705882,5.0,1.25,16000,1600.0,0.1,1.8439254011686539,1.116069437136625,1.4670826175414733,0.7024168475467512,0.000132263507005303,0.00013620807423380838,5.391479155230196e-05,5.546835580530313e-05,7.19706942523277e-05,7.40797729590256e-05,0.001846147821844067,0.14298625244068436,0.3030966970763723,8.115054149757106e-05,0.00021180968322363075,True,1.5953143486370553e-16,2.240481163525604e-16,1.9640998660046378e-16
spirals,17,17,4,0.23529411764705882,5.0,1.25,40000,4000.0,0.1,1.4680704236983206,0.054950027118886365,1.4670826175414733,0.6122903563841324,6.876171086511155e-06,7.371499873393387e-06,7.0414679444452336e-06,7.1124904133395915e-06,3.996244024046953e-06,3.6704298410866974e-06,0.0018461517170030787,0.14298625244068436,0.3030966970763723,8.115054149757106e-05,0.00021180968322363075,True,1.5953143486370553e-16,2.240481163525604e-16,1.9640998660046378e-16
spirals,17,17,4,0.23529411764705882,5.0,1.25,80000,8000.0,0.1,1.4670861985396573,0.003800640195503417,1.4670826175414733,0.62268551406581,5.112019361064318e-07,4.913519419996572e-07,2.947804894062132e-06,2.903679162119284e-06,2.0299921680768674e-06,2.0781878026241035e-06,0.0018461517358938741,0.14298625244068436,0.3030966970763723,8.115054149757106e-05,0.00021180968322363075,True,1.5953143486370553e-16,2.240481163525604e-16,1.9640998660046378e-16
spirals,17,17,4,0.23529411764705882,5.0,1.25,160000,16000.0,0.1,1.4670828546171337,0.0009873331271710794,1.4670826175414733,0.6229978864358561,1.6286099608566367e-07,1.4487458250338633e-07,9.638211224211968e-07,6.412815361512021e-07,1.144200420442594e-06,1.1834414981000155e-06,0.0018461517379777031,0.14298625244068436,0.3030966970763723,8.115054149757106e-05,0.00021180968322363075,True,1.5953143486370553e-16,2.240481163525604e-16,1.9640998660046378e-16
spirals,17,17,6,0.35294117647058826,5.0,0.8333333333333334,1000,100.0,0.1,15.33982863114127,15.269338923749592,1.4670826175414733,0.154172809742248,0.0010606647385923047,0.0011085376711908158,0.0003207001230788383,0.0003311801015946332,0.0005514475935099634,0.0005741617696988457,0.0018457654383420186,0.2252116879992683,0.4322880746098043,0.00023486040067638436,0.0005071539898866689,True,1.5953143486370553e-16,2.240481163525604e-16,1.9640998660046378e-16
spirals,17,17,6,0.35294117647058826,5.0,0.8333333333333334,4000,400.0,0.1,4.24243722773823,3.9814385745157925,1.4670826175414733,-0.07447580090409678,0.0002839820055440768,0.0002953305765753059,0.00010832407269526859,0.00010918703894944208,0.0002364273818273015,0.00025080166968806936,0.0018461196326684868,0.2252116879992683,0.4322880746098043,0.00023486040067638436,0.0005071539898866689,True,1.5953143486370553e-16,2.240481163525604e-16,1.9640998660046378e-16
spirals,17,17,6,0.35294117647058826,5.0,0.8333333333333334,16000,1600.0,0.1,1.4731167274583101,0.13242379630967782,1.4670826175414733,0.6394729378991766,7.250386790004878e-06,8.456146893287425e-06,4.456880256281867e-06,4.909198671570083e-06,1.288868259234201e-05,1.2872474558182027e-05,0.0018461515176735276,0.2252116879992683,0.4322880746098043,0.00023486040067638436,0.0005071539898866689,True,1.5953143486370553e-16,2.240481163525604e-16,1.9640998660046378e-16
spirals,17,17,6,0.35294117647058826,5.0,0.8333333333333334,40000,4000.0,0.1,1.4670836039636506,0.0017712720522944146,1.4670826175414733,0.6230045884278788,2.4903572584173747e-07,2.4434164853726387e-07,1.196846075044016e-06,1.1537497764973216e-06,8.328064020883164e-07,8.288865144919858e-07,0.001846151571427024,0.2252116879992683,0.4322880746098043,0.00023486040067638436,0.0005071539898866689,True,1.5953143486370553e-16,2.240481163525604e-16,1.9640998660046378e-16
spirals,17,17,6,0.35294117647058826,5.0,0.8333333333333334,80000,8000.0,0.1,1.4670829072273877,0.0009286030265077914,1.4670826175414733,0.6230216859495351,9.019156300192643e-08,8.832114967921318e-08,8.123237142325891e-07,7.965598696601052e-07,1.0952918649045941e-07,1.080650276840862e-07,0.0018461515717692937,0.2252116879992683,0.4322880746098043,0.00023486040067638436,0.0005071539898866689,True,1.5953143486370553e-16,2.240481163525604e-16,1.9640998660046378e-16
spirals,17,17,6,0.35294117647058826,5.0,0.8333333333333334,160000,16000.0,0.1,1.4670826209358943,4.394174546368028e-05,1.4670826175414733,0.6230244774683518,4.840493674604795e-09,3.1885669647186716e-09,4.4562926886384526e-08,2.915917249081274e-08,5.505346473022965e-08,5.630534980538562e-08,0.0018461515717910167,0.2252116879992683,0.4322880746098043,0.00023486040067638436,0.0005071539898866689,True,1.5953143486370553e-16,2.240481163525604e-16,1.9640998660046378e-16
spirals,17,17,8,0.47058823529411764,5.0,0.625,1000,100.0,0.1,14.407737290075936,14.332593407243678,1.4670826175414733,0.21214415181507829,0.0005884490432901455,0.0006386713451647209,0.00018487766092072647,0.00019785582628869337,0.00037583948039616506,0.0004013265534161954,0.001846015101262772,0.31342468353510905,0.5430508224534225,0.0009950836869564439,0.0018824119558441266,True,1.5953143486370553e-16,2.240481163525604e-16,1.9640998660046378e-16
spirals,17,17,8,0.47058823529411764,5.0,0.625,4000,400.0,0.1,1.8966326337081263,1.2017809083618336,1.4670826175414733,0.5724644689882954,0.00011104340944502448,0.00012054068173872554,4.4477233706452995e-05,4.817370977596138e-05,8.270491739100167e-05,8.528803263644376e-05,0.0018461478353721998,0.31342468353510905,0.5430508224534225,0.0009950836869564439,0.0018824119558441266,True,1.5953143486370553e-16,2.240481163525604e-16,1.9640998660046378e-16
spirals,17,17,8,0.47058823529411764,5.0,0.625,16000,1600.0,0.1,1.4670853510426887,0.002652284806335635,1.4670826175414733,0.6231164135479835,2.968212229229943e-07,3.073893223327997e-07,7.796061837861926e-07,7.609936060091622e-07,1.7248541474977402e-07,1.6893401831257147e-07,0.0018461513777299036,0.31342468353510905,0.5430508224534225,0.0009950836869564439,0.0018824119558441266,True,1.5953143486370553e-16,2.240481163525604e-16,1.9640998660046378e-16
spirals,17,17,8,0.47058823529411764,5.0,0.625,40000,4000.0,0.1,1.4670826232274439,9.72539619417393e-05,1.4670826175414733,0.6230244557523891,8.356564874142463e-09,8.153907500371808e-09,7.703510837307306e-08,7.525127905031027e-08,3.3179333288575996e-09,3.2742543654055384e-09,0.0018461513777878378,0.31342468353510905,0.5430508224534225,0.0009950836869564439,0.0018824119558441266,True,1.5953143486370553e-16,2.240481163525604e-16,1.9640998660046378e-16
spirals,17,17,8,0.47058823529411764,5.0,0.625,80000,8000.0,0.1,1.4670826176211742,1.674017847924917e-06,1.4670826175414733,0.6230237473404574,1.450412680304706e-10,1.3888908488791473e-10,1.3417345195769279e-09,1.2862260570230676e-09,1.8920620024105575e-10,2.2046674711995244e-10,0.0018461513777879278,0.31342468353510905,0.5430508224534225,0.0009950836869564439,0.0018824119558441266,True,1.5953143486370553e-16,2.240481163525604e-16,1.9640998660046378e-16
spirals,17,17,8,0.47058823529411764,5.0,0.625,160000,16000.0,0.1,1.4670826175414418,3.524025449260038e-10,1.4670826175414733,0.6230237252663291,3.2233882192973686e-14,2.5330640035311502e-14,2.978118550504468e-13,2.3394383564760384e-13,1.6903153305924366e-13,1.8078392357148042e-13,0.0018461513777879278,0.31342468353510905,0.5430508224534225,0.0009950836869564439,0.0018824119558441266,True,1.5953143486370553e-16,2.240481163525604e-16,1.9640998660046378e-16
spirals,17,17,17,1.0,5.0,0.29411764705882354,1000,100.0,0.1,1.4670832519480916,0.00039917155077039845,1.4670826175414733,0.623006937772197,2.1417180967103954e-08,2.7042611249713152e-08,1.0448354259118152e-08,1.1847377680787584e-08,1.516028430851807e-08,1.6013055362938947e-08,0.0018461505821784764,0.9999999999999991,0.9999999999999993,0.14705882352941113,0.1470588235294114,True,1.5953143486370553e-16,2.240481163525604e-16,1.9640998660046378e-16
spirals,17,17,17,1.0,5.0,0.29411764705882354,4000,400.0,0.1,1.4670826175414282,5.345526739490716e-12,1.4670826175414733,0.623023725262059,2.768125013230359e-16,4.726266453505282e-16,1.4449059480460433e-16,1.255242527695961e-16,4.912503156016704e-16,4.267670769306225e-16,0.0018461505821788112,0.9999999999999991,0.9999999999999993,0.14705882352941113,0.1470588235294114,True,1.5953143486370553e-16,2.240481163525604e-16,1.9640998660046378e-16
spirals,17,17,17,1.0,5.0,0.29411764705882354,16000,1600.0,0.1,1.4670826175414282,5.345526739490716e-12,1.4670826175414733,0.623023725262059,2.768125013230359e-16,4.726266453505282e-16,1.4449059480460433e-16,1.255242527695961e-16,4.912503156016704e-16,4.267670769306225e-16,0.0018461505821788112,0.9999999999999991,0.9999999999999993,0.14705882352941113,0.1470588235294114,True,1.5953143486370553e-16,2.240481163525604e-16,1.9640998660046378e-16
spirals,17,17,17,1.0,5.0,0.29411764705882354,40000,4000.0,0.1,1.4670826175414284,5.329519327367505e-12,1.4670826175414733,0.6230237252620698,2.7478361281294836e-16,4.726266453505282e-16,1.5787967983859686e-16,1.255242527695961e-16,4.912503156016704e-16,4.267670769306225e-16,0.0018461505821788112,0.9999999999999991,0.9999999999999993,0.14705882352941113,0.1470588235294114,True,1.5953143486370553e-16,2.240481163525604e-16,1.9640998660046378e-16
spirals,17,17,17,1.0,5.0,0.29411764705882354,80000,8000.0,0.1,1.4670826175414284,5.329519327367505e-12,1.4670826175414733,0.6230237252620698,2.7478361281294836e-16,4.726266453505282e-16,1.5787967983859686e-16,1.255242527695961e-16,4.912503156016704e-16,4.267670769306225e-16,0.0018461505821788112,0.9999999999999991,0.9999999999999993,0.14705882352941113,0.1470588235294114,True,1.5953143486370553e-16,2.240481163525604e-16,1.9640998660046378e-16
spirals,17,17,17,1.0,5.0,0.29411764705882354,160000,16000.0,0.1,1.4670826175414284,5.3295193271888295e-12,1.4670826175414733,0.6230237252620698,2.747884272196262e-16,4.726266453505282e-16,1.5787967983859686e-16,1.255242527695961e-16,4.912503156016704e-16,4.267670769306225e-16,0.0018461505821788112,0.9999999999999991,0.9999999999999993,0.14705882352941113,0.1470588235294114,True,1.5953143486370553e-16,2.240481163525604e-16,1.9640998660046378e-16
spirals,29,17,1,0.058823529411764705,5.0,5.0,1000,100.0,0.1,34.88893956615298,34.86157153849051,1.3642941370509598,0.39298576554034464,0.00280637737894553,0.00280176029052871,0.0026303803147211375,0.0026272027667993,0.0029317098770265926,0.0029284286063967343,0.001795721695003158,0.00915125869675306,0.013612046404071411,7.476824329888387e-06,1.570683161796621e-05,True,2.11567263028639e-16,1.896329108982691e-16,2.524691579396733e-16
spirals,29,17,1,0.058823529411764705,5.0,5.0,4000,400.0,0.1,18.105740336759943,18.054845765510528,1.3642941370509598,-0.23962319155309575,0.0013142996153798071,0.0013115872090820125,0.0010732994964967005,0.0010731983324199295,0.0011659747043912827,0.0011633875685700906,0.0018055477172851937,0.00915125869675306,0.013612046404071411,7.476824329888387e-06,1.570683161796621e-05,True,2.11567263028639e-16,1.896329108982691e-16,2.524691579396733e-16
spirals,29,17,1,0.058823529411764705,5.0,5.0,16000,1600.0,0.1,4.657106398899949,4.453330476815046,1.3642941370509598,-0.07276518583604814,0.00029830780718692005,0.0002972968211643515,0.0002662991731945501,0.00026744364163157233,0.00022919181126687598,0.00022859662365627332,0.0018070085184377681,0.00915125869675306,0.013612046404071411,7.476824329888387e-06,1.570683161796621e-05,True,2.11567263028639e-16,1.896329108982691e-16,2.524691579396733e-16
spirals,29,17,1,0.058823529411764705,5.0,5.0,40000,4000.0,0.1,1.379361552154096,0.20409451474222454,1.3642941370509598,0.5655822496228772,2.653925732826116e-05,2.4105914484085032e-05,0.00010315901663631425,0.00010251458791469036,7.077405408638722e-05,7.272327548149534e-05,0.0018070662281718664,0.00915125869675306,0.013612046404071411,7.476824329888387e-06,1.570683161796621e-05,True,2.11567263028639e-16,1.896329108982691e-16,2.524691579396733e-16
spirals,29,17,1,0.058823529411764705,5.0,5.0,80000,8000.0,0.1,1.366684115371774,0.08110070350162715,1.3642941370509598,0.5924130763324813,1.1284567659347089e-05,1.1336655420510618e-05,6.403037039696764e-05,6.668106115696397e-05,3.733254763580684e-05,3.7513407609982894e-05,0.0018070683415130607,0.00915125869675306,0.013612046404071411,7.476824329888387e-06,1.570683161796621e-05,True,2.11567263028639e-16,1.896329108982691e-16,2.524691579396733e-16
spirals,29,17,1,0.058823529411764705,5.0,5.0,160000,16000.0,0.1,1.3653689969302167,0.05453936867387327,1.3642941370509598,0.5938278826507049,1.1249510957989493e-05,1.1422999173153348e-05,7.032902407669108e-05,6.940038277587384e-05,3.28684421104897e-05,3.307266868729438e-05,0.0018070687101829235,0.00915125869675306,0.013612046404071411,7.476824329888387e-06,1.570683161796621e-05,True,2.11567263028639e-16,1.896329108982691e-16,2.524691579396733e-16
spirals,29,17,2,0.11764705882352941,5.0,2.5,1000,100.0,0.1,23.760176253801166,23.72115029542404,1.3642941370509598,-0.03704531346477955,0.0018214117606818636,0.0018515193734053837,0.0012458502759047827,0.0012563875742940618,0.00170219556457905,0.0017310559719239309,0.0018031436657435953,0.027204757240260512,0.040216474786104586,1.7918175736986175e-05,3.4626998698827904e-05,True,2.11567263028639e-16,1.896329108982691e-16,2.524691579396733e-16
spirals,29,17,2,0.11764705882352941,5.0,2.5,4000,400.0,0.1,6.388807948715613,6.2408416067307,1.3642941370509598,0.44729553116912507,0.0007844293735644523,0.000807748256666622,0.000387110608574201,0.000400565667938802,0.0006628349181939648,0.0006689692447210448,0.0018066014778138203,0.027204757240260512,0.040216474786104586,1.7918175736986175e-05,3.4626998698827904e-05,True,2.11567263028639e-16,1.896329108982691e-16,2.524691579396733e-16
spirals,29,17,2,0.11764705882352941,5.0,2.5,16000,1600.0,0.1,2.189743759855528,1.7122446158355902,1.3642941370509598,0.5769798474329149,9.350779877513066e-05,9.548356279774766e-05,6.218950762339789e-05,6.304323344162283e-05,0.00018279169933101166,0.00018924124198555682,0.0018070608525470803,0.027204757240260512,0.040216474786104586,1.7918175736986175e-05,3.4626998698827904e-05,True,2.11567263028639e-16,1.896329108982691e-16,2.524691579396733e-16
spirals,29,17,2,0.11764705882352941,5.0,2.5,40000,4000.0,0.1,1.375710982025322,0.1767290741471066,1.3642941370509598,0.5993815628967794,1.2150596057276511e-05,1.2667738758699238e-05,3.142956778766382e-05,3.140005443568641e-05,1.375310911396574e-05,1.3576504322361028e-05,0.0018070695286820926,0.027204757240260512,0.040216474786104586,1.7918175736986175e-05,3.4626998698827904e-05,True,2.11567263028639e-16,1.896329108982691e-16,2.524691579396733e-16
spirals,29,17,2,0.11764705882352941,5.0,2.5,80000,8000.0,0.1,1.364537578922324,0.026480909177752435,1.3642941370509598,0.5945245353219974,4.50917009451805e-06,4.5029555433436905e-06,2.6106808539531714e-05,2.596962635948158e-05,1.1030401568571606e-05,1.1136953190122967e-05,0.0018070696272590766,0.027204757240260512,0.040216474786104586,1.7918175736986175e-05,3.4626998698827904e-05,True,2.11567263028639e-16,1.896329108982691e-16,2.524691579396733e-16
spirals,29,17,2,0.11764705882352941,5.0,2.5,160000,16000.0,0.1,1.3644463482233353,0.02142309509070404,1.3642941370509598,0.5938680289751576,2.7626575461967355e-06,2.664204203459978e-06,1.870354418629052e-05,1.8537195974911482e-05,8.803273104670664e-06,8.755729176462991e-06,0.001807069685425346,0.027204757240260512,0.040216474786104586,1.7918175736986175e-05,3.4626998698827904e-05,True,2.11567263028639e-16,1.896329108982691e-16,2.524691579396733e-16
spirals,29,17,4,0.23529411764705882,5.0,1.25,1000,100.0,0.1,14.709856295516524,14.646676474894555,1.3642941370509598,-0.05930497656540979,0.0010032618774094431,0.001039274666883336,0.0005015727090939727,0.0005133057575184976,0.0009191387228935562,0.0009318922659666956,0.0018060699680256466,0.0750836616208756,0.10825656023969868,7.279077501892717e-05,0.00012364426329065925,True,2.11567263028639e-16,1.896329108982691e-16,2.524691579396733e-16
spirals,29,17,4,0.23529411764705882,5.0,1.25,4000,400.0,0.1,3.607871560148091,3.3386685653292028,1.3642941370509598,0.7517832547219653,0.00028643777160420486,0.0002923214197608355,0.00013094691329414512,0.00013334618891879777,0.0003233518233792112,0.00034403726717445595,0.0018070111700730423,0.0750836616208756,0.10825656023969868,7.279077501892717e-05,0.00012364426329065925,True,2.11567263028639e-16,1.896329108982691e-16,2.524691579396733e-16
spirals,29,17,4,0.23529411764705882,5.0,1.25,16000,1600.0,0.1,1.3717870780245651,0.14345270892104528,1.3642941370509598,0.5891428198416898,8.496861130706291e-06,9.635688148127426e-06,1.2311277866539888e-05,1.2777960469000684e-05,2.936355829927222e-05,2.9929344141625432e-05,0.0018070695042101438,0.0750836616208756,0.10825656023969868,7.279077501892717e-05,0.00012364426329065925,True,2.11567263028639e-16,1.896329108982691e-16,2.524691579396733e-16
spirals,29,17,4,0.23529411764705882,5.0,1.25,40000,4000.0,0.1,1.3643274422539626,0.009628394760010088,1.3642941370509598,0.5979582391154612,9.343725803979252e-07,9.123764269777444e-07,6.507844456132321e-06,6.485013027004301e-06,3.4428882133189846e-06,3.415620358351081e-06,0.0018070696528502328,0.0750836616208756,0.10825656023969868,7.279077501892717e-05,0.00012364426329065925,True,2.11567263028639e-16,1.896329108982691e-16,2.524691579396733e-16
spirals,29,17,4,0.23529411764705882,5.0,1.25,80000,8000.0,0.1,1.3643131078043713,0.006267936291072542,1.3642941370509598,0.599343678701837,6.859764101186598e-07,7.025926237820691e-07,4.614481371559649e-06,4.664420305423374e-06,2.3730315337437258e-06,2.3297818530858623e-06,0.0018070696600257581,0.0750836616208756,0.10825656023969868,7.279077501892717e-05,0.00012364426329065925,True,2.11567263028639e-16,1.896329108982691e-16,2.524691579396733e-16
spirals,29,17,4,0.23529411764705882,5.0,1.25,160000,16000.0,0.1,1.364299867192185,0.0041167234630359265,1.3642941370509598,0.5980205269334347,3.100334299177825e-07,3.161879275357935e-07,2.1375884614957113e-06,2.2577732357397852e-06,1.3426763936983517e-06,1.317830440409017e-06,0.0018070696637389706,0.0750836616208756,0.10825656023969868,7.279077501892717e-05,0.00012364426329065925,True,2.11567263028639e-16,1.896329108982691e-16,2.524691579396733e-16
spirals,29,17,6,0.35294117647058826,5.0,0.8333333333333334,1000,100.0,0.1,6.627715070550227,6.486696524633965,1.3642941370509598,-0.36347017052452585,0.0006234824558784002,0.0006423796667269989,0.0002934284636343651,0.00029923825315324686,0.0005550222782593894,0.0005687489601388664,0.001806731187212738,0.14464089125304616,0.19968031944797837,0.000277401208736483,0.0004238082394626974,True,2.11567263028639e-16,1.896329108982691e-16,2.524691579396733e-16
spirals,29,17,6,0.35294117647058826,5.0,0.8333333333333334,4000,400.0,0.1,2.7923558820050056,2.4368673428715946,1.3642941370509598,0.1393519527958243,0.00011499945773116245,0.00012365335177418264,7.392156485953537e-05,8.0340316852167e-05,9.784634822430013e-05,9.215462124585775e-05,0.0018070631551894332,0.14464089125304616,0.19968031944797837,0.000277401208736483,0.0004238082394626974,True,2.11567263028639e-16,1.896329108982691e-16,2.524691579396733e-16
spirals,29,17,6,0.35294117647058826,5.0,0.8333333333333334,16000,1600.0,0.1,1.3645018985800494,0.024112302005818247,1.3642941370509598,0.5965687518499124,1.239352908465675e-06,1.2817096567906835e-06,3.390823296280149e-06,3.3104632480287686e-06,1.6292203858091606e-06,1.5925722250400072e-06,0.0018070695051937062,0.14464089125304616,0.19968031944797837,0.000277401208736483,0.0004238082394626974,True,2.11567263028639e-16,1.896329108982691e-16,2.524691579396733e-16
spirals,29,17,6,0.35294117647058826,5.0,0.8333333333333334,40000,4000.0,0.1,1.3642998146003118,0.003274758879109395,1.3642941370509598,0.5986016495246647,2.2861821674228894e-07,2.2369565707148616e-07,1.7171948687794887e-06,1.6961238812827822e-06,5.681478778965973e-07,5.711083746604575e-07,0.0018070695079443698,0.14464089125304616,0.19968031944797837,0.000277401208736483,0.0004238082394626974,True,2.11567263028639e-16,1.896329108982691e-16,2.524691579396733e-16
spirals,29,17,6,0.35294117647058826,5.0,0.8333333333333334,80000,8000.0,0.1,1.36429425551496,0.0001992244599806675,1.3642941370509598,0.5981655426614106,4.755295415246094e-08,4.617273504863935e-08,3.601119082663491e-07,3.311000921447481e-07,2.148195416745815e-07,2.200676248298652e-07,0.0018070695083237474,0.14464089125304616,0.19968031944797837,0.000277401208736483,0.0004238082394626974,True,2.11567263028639e-16,1.896329108982691e-16,2.524691579396733e-16
spirals,29,17,6,0.35294117647058826,5.0,0.8333333333333334,160000,16000.0,0.1,1.364294131595333,3.522757011984583e-05,1.3642941370509598,0.5981367483406369,5.5779443408011924e-09,5.570408315732833e-09,6.078424590817438e-08,5.993345491195124e-08,1.0363933970135913e-08,8.318097658371507e-09,0.0018070695083453009,0.14464089125304616,0.19968031944797837,0.000277401208736483,0.0004238082394626974,True,2.11567263028639e-16,1.896329108982691e-16,2.524691579396733e-16
spirals,29,17,8,0.47058823529411764,5.0,0.625,1000,100.0,0.1,4.798455241935727,4.600670220461028,1.3642941370509598,0.06594467436284063,0.00034325514671257985,0.00034740233584208566,0.00018190851721913318,0.00018723218374429396,0.0003476987083240254,0.0003523078860024573,0.001806964945347871,0.2521552911856956,0.32850858953461803,0.000989085628748998,0.0013953900996397373,True,2.11567263028639e-16,1.896329108982691e-16,2.524691579396733e-16
spirals,29,17,8,0.47058823529411764,5.0,0.625,4000,400.0,0.1,1.5157595103101922,0.6604292388275369,1.3642941370509598,0.5650866080245089,3.600352949372362e-05,3.781089514027728e-05,3.0086880707483466e-05,3.188313812882907e-05,2.2242346441311797e-05,2.3506358341639813e-05,0.0018070687806225555,0.2521552911856956,0.32850858953461803,0.000989085628748998,0.0013953900996397373,True,2.11567263028639e-16,1.896329108982691e-16,2.524691579396733e-16
spirals,29,17,8,0.47058823529411764,5.0,0.625,16000,1600.0,0.1,1.3642951026108472,0.0009618613155215489,1.3642941370509598,0.5983029340365793,7.929845261940977e-08,7.756121660589607e-08,5.887291705663085e-07,5.786562176975881e-07,3.9001207151229355e-07,3.820909796221648e-07,0.0018070693261567111,0.2521552911856956,0.32850858953461803,0.000989085628748998,0.0013953900996397373,True,2.11567263028639e-16,1.896329108982691e-16,2.524691579396733e-16
spirals,29,17,8,0.47058823529411764,5.0,0.625,40000,4000.0,0.1,1.3642941309863617,1.2507995130477313e-05,1.3642941370509598,0.5981367160633533,2.1912857253804953e-09,2.1663545683287386e-09,1.585515550823129e-08,1.5729314817585462e-08,3.5702232399275005e-08,3.496949994373802e-08,0.0018070693262344248,0.2521552911856956,0.32850858953461803,0.000989085628748998,0.0013953900996397373,True,2.11567263028639e-16,1.896329108982691e-16,2.524691579396733e-16
spirals,29,17,8,0.47058823529411764,5.0,0.625,80000,8000.0,0.1,1.364294135968376,2.1109887009592253e-06,1.3642941370509598,0.5981380663088718,1.1475698962579417e-10,1.1034641690573207e-10,1.261020759534503e-09,1.2067022330444219e-09,2.5958417888431937e-10,2.8413242886600155e-10,0.0018070693262345126,0.2521552911856956,0.32850858953461803,0.000989085628748998,0.0013953900996397373,True,2.11567263028639e-16,1.896329108982691e-16,2.524691579396733e-16
spirals,29,17,8,0.47058823529411764,5.0,0.625,160000,16000.0,0.1,1.3642941370510566,2.7735353908680303e-10,1.3642941370509598,0.5981383557402224,1.592667805663157e-14,1.1765750995376805e-14,1.7221540400796438e-13,1.158148776908227e-13,2.1346772201495644e-13,2.1512125179462035e-13,0.0018070693262345126,0.2521552911856956,0.32850858953461803,0.000989085628748998,0.0013953900996397373,True,2.11567263028639e-16,1.896329108982691e-16,2.524691579396733e-16
spirals,29,17,17,1.0,5.0,0.29411764705882354,1000,100.0,0.1,1.3642957003647826,0.00018658482401706663,1.3642941370509598,0.5981386678917242,1.4755061785040628e-08,1.633136786167527e-08,1.1071873274903348e-08,9.962217158377827e-09,1.4911110042135004e-08,1.6278575187685256e-08,0.0018070685737753788,0.9999999999999991,0.9999999999999993,0.14705882352941113,0.14705882352941138,True,2.11567263028639e-16,1.896329108982691e-16,2.524691579396733e-16
spirals,29,17,17,1.0,5.0,0.29411764705882354,4000,400.0,0.1,1.364294137050921,2.4424389951398463e-12,1.3642941370509598,0.5981383557039026,1.530286092063851e-16,3.401514487679213e-16,1.729989896190837e-16,1.942368692791913e-16,5.881323644127211e-16,6.603815526119096e-16,0.0018070685737756943,0.9999999999999991,0.9999999999999993,0.14705882352941113,0.14705882352941138,True,2.11567263028639e-16,1.896329108982691e-16,2.524691579396733e-16
spirals,29,17,17,1.0,5.0,0.29411764705882354,16000,1600.0,0.1,1.364294137050921,2.4424389951398463e-12,1.3642941370509598,0.5981383557039026,1.5302825008507686e-16,3.401514487679213e-16,1.729989896190837e-16,1.942368692791913e-16,5.881323644127211e-16,6.603815526119096e-16,0.0018070685737756943,0.9999999999999991,0.9999999999999993,0.14705882352941113,0.14705882352941138,True,2.11567263028639e-16,1.896329108982691e-16,2.524691579396733e-16
spirals,29,17,17,1.0,5.0,0.29411764705882354,40000,4000.0,0.1,1.364294137050921,2.4424389951398463e-12,1.3642941370509598,0.5981383557039026,1.5302919647353204e-16,3.401514487679213e-16,1.729989896190837e-16,1.942368692791913e-16,5.881323644127211e-16,6.603815526119096e-16,0.0018070685737756943,0.9999999999999991,0.9999999999999993,0.14705882352941113,0.14705882352941138,True,2.11567263028639e-16,1.896329108982691e-16,2.524691579396733e-16
spirals,29,17,17,1.0,5.0,0.29411764705882354,80000,8000.0,0.1,1.364294137050921,2.4424389951398463e-12,1.3642941370509598,0.5981383557039026,1.5302825008507686e-16,3.401514487679213e-16,1.729989896190837e-16,1.942368692791913e-16,5.881323644127211e-16,6.603815526119096e-16,0.0018070685737756943,0.9999999999999991,0.9999999999999993,0.14705882352941113,0.14705882352941138,True,2.11567263028639e-16,1.896329108982691e-16,2.524691579396733e-16
spirals,29,17,17,1.0,5.0,0.29411764705882354,160000,16000.0,0.1,1.364294137050921,2.4424389954241104e-12,1.3642941370509598,0.5981383557039026,1.5302803038691986e-16,3.401514487679213e-16,1.729989896190837e-16,1.942368692791913e-16,5.881323644127211e-16,6.603815526119096e-16,0.0018070685737756943,0.9999999999999991,0.9999999999999993,0.14705882352941113,0.14705882352941138,True,2.11567263028639e-16,1.896329108982691e-16,2.524691579396733e-16
spirals,43,17,1,0.058823529411764705,5.0,5.0,1000,100.0,0.1,7.536936471526498,7.451281929657547,1.1224236404684456,0.6928542996388876,0.01004794754726541,0.010002173001130052,0.002478130065449094,0.0024808039582911476,0.0024159354359545118,0.002400065031934939,0.001882142909097462,0.02585689493117456,0.025964855067240136,8.253888595743941e-05,8.323357318315572e-05,True,1.1197066462187634e-16,1.2572800329418965e-16,2.852179746964935e-16
spirals,43,17,1,0.058823529411764705,5.0,5.0,4000,400.0,0.1,6.811797578611812,6.719834715008659,1.1224236404684456,-0.45205906831713744,0.0047719385651006675,0.004766266235791785,0.0009963663869903886,0.0009996875723444999,0.0008729139360785402,0.0008654584778902074,0.0018909859309940104,0.02585689493117456,0.025964855067240136,8.253888595743941e-05,8.323357318315572e-05,True,1.1197066462187634e-16,1.2572800329418965e-16,2.852179746964935e-16
spirals,43,17,1,0.058823529411764705,5.0,5.0,16000,1600.0,0.1,3.589623003478133,3.410703836184047,1.1224236404684456,-0.2052213585739134,0.0010881425398861398,0.001091567765829757,0.0003342237974021142,0.00033507527731072646,0.00044397971394689054,0.0004437671924507683,0.0018923279319040655,0.02585689493117456,0.025964855067240136,8.253888595743941e-05,8.323357318315572e-05,True,1.1197066462187634e-16,1.2572800329418965e-16,2.852179746964935e-16
spirals,43,17,1,0.058823529411764705,5.0,5.0,40000,4000.0,0.1,1.6329507015446398,1.1859079153229624,1.1224236404684456,0.5590715668317376,0.00033522265297935574,0.00033363672362921883,0.00020765596391086376,0.00020811010996073899,0.00014538081103891785,0.00014492392821573692,0.0018924960645612808,0.02585689493117456,0.025964855067240136,8.253888595743941e-05,8.323357318315572e-05,True,1.1197066462187634e-16,1.2572800329418965e-16,2.852179746964935e-16
spirals,43,17,1,0.058823529411764705,5.0,5.0,80000,8000.0,0.1,1.1491243031067482,0.24558060964033884,1.1224236404684456,0.6912500903767622,8.673215926692058e-05,8.631330151297821e-05,0.00012671971956906622,0.00012700730084226877,5.00068187198123e-05,5.004343078826047e-05,0.0018925144614086607,0.02585689493117456,0.025964855067240136,8.253888595743941e-05,8.323357318315572e-05,True,1.1197066462187634e-16,1.2572800329418965e-16,2.852179746964935e-16
spirals,43,17,1,0.058823529411764705,5.0,5.0,160000,16000.0,0.1,1.1224682513729611,0.010153066073875812,1.1224236404684456,0.6706146056226262,2.3855688175950278e-05,2.3736927907423537e-05,4.662760194748477e-05,4.661700268568714e-05,2.6523015799947464e-05,2.6411561671670117e-05,0.001892517670049534,0.02585689493117456,0.025964855067240136,8.253888595743941e-05,8.323357318315572e-05,True,1.1197066462187634e-16,1.2572800329418965e-16,2.852179746964935e-16
spirals,43,17,2,0.11764705882352941,5.0,2.5,1000,100.0,0.1,15.811595260995148,15.773545373463628,1.1224236404684456,-0.9417421965622648,0.007072742939102749,0.007125873177512065,0.0011875139247408675,0.0012012110459857944,0.001442028241768176,0.0014422789388150471,0.0018893315773053703,0.08600648792747437,0.08635903903103065,0.0002831024533618831,0.0002856210562993955,True,1.1197066462187634e-16,1.2572800329418965e-16,2.852179746964935e-16
spirals,43,17,2,0.11764705882352941,5.0,2.5,4000,400.0,0.1,20.46272056375368,20.43238164792366,1.1224236404684456,-0.17637587025214552,0.003250953669084479,0.003320852955099696,0.0003875891467713354,0.0003905149476764336,0.00046965610497019865,0.00046176019760297296,0.0018920235304005308,0.08600648792747437,0.08635903903103065,0.0002831024533618831,0.0002856210562993955,True,1.1197066462187634e-16,1.2572800329418965e-16,2.852179746964935e-16
spirals,43,17,2,0.11764705882352941,5.0,2.5,16000,1600.0,0.1,4.469380967834596,4.326768494361369,1.1224236404684456,-0.052050906623578364,0.0009779051993641134,0.0009919282786539617,0.00014158884168832608,0.00014598073780556413,0.0002318370807445567,0.00024267058287241513,0.0018924607256290266,0.08600648792747437,0.08635903903103065,0.0002831024533618831,0.0002856210562993955,True,1.1197066462187634e-16,1.2572800329418965e-16,2.852179746964935e-16
spirals,43,17,2,0.11764705882352941,5.0,2.5,40000,4000.0,0.1,1.3350090279228193,0.7224902386970331,1.1224236404684456,0.6397957461218725,0.00017495524204904432,0.00018099318415507973,3.675478874866624e-05,3.756171037177248e-05,4.274635173517584e-05,4.557918853035007e-05,0.0018925166091722234,0.08600648792747437,0.08635903903103065,0.0002831024533618831,0.0002856210562993955,True,1.1197066462187634e-16,1.2572800329418965e-16,2.852179746964935e-16
spirals,43,17,2,0.11764705882352941,5.0,2.5,80000,8000.0,0.1,1.124208421981026,0.06327942886830729,1.1224236404684456,0.6707742475380294,9.732086343644961e-06,1.0401287454266717e-05,8.789984197160983e-06,8.781143387067183e-06,3.2495087770661037e-06,3.397231521776274e-06,0.0018925183258739998,0.08600648792747437,0.08635903903103065,0.0002831024533618831,0.0002856210562993955,True,1.1197066462187634e-16,1.2572800329418965e-16,2.852179746964935e-16
spirals,43,17,2,0.11764705882352941,5.0,2.5,160000,16000.0,0.1,1.1224237754974562,0.0003025684552883777,1.1224236404684456,0.6708341836678552,2.6911300375622916e-07,2.7200206825465324e-07,6.597208599766744e-07,6.768253810626986e-07,3.912085472078654e-07,3.8947215207344133e-07,0.00189251834876931,0.08600648792747437,0.08635903903103065,0.0002831024533618831,0.0002856210562993955,True,1.1197066462187634e-16,1.2572800329418965e-16,2.852179746964935e-16
spirals,43,17,4,0.23529411764705882,5.0,1.25,1000,100.0,0.1,12.95847375721555,12.9116457504899,1.1224236404684456,-0.905428183228654,0.002940871972589482,0.0029749515583194553,0.0004952180473387218,0.0005073579967659677,0.0007298272597311805,0.0007497760944181399,0.0018917197475277713,0.25869255061187113,0.25967567516832013,0.0013758338213607502,0.0013933855865150002,True,1.1197066462187634e-16,1.2572800329418965e-16,2.852179746964935e-16
spirals,43,17,4,0.23529411764705882,5.0,1.25,4000,400.0,0.1,7.726482314088415,7.645084597625997,1.1224236404684456,-0.13127512297324503,0.0013476216458317527,0.0014746302458545143,0.00016735341899973285,0.00017980893066222008,0.000376319826888607,0.0003791612418999138,0.0018923630354872995,0.25869255061187113,0.25967567516832013,0.0013758338213607502,0.0013933855865150002,True,1.1197066462187634e-16,1.2572800329418965e-16,2.852179746964935e-16
spirals,43,17,4,0.23529411764705882,5.0,1.25,16000,1600.0,0.1,1.2891905379144608,0.6356125141733968,1.1224236404684456,0.4273987170820052,0.00023480563029923456,0.00023838975548074465,3.462899463859452e-05,3.5159144223734883e-05,4.778739553258928e-05,5.335205563760324e-05,0.00189251514115426,0.25869255061187113,0.25967567516832013,0.0013758338213607502,0.0013933855865150002,True,1.1197066462187634e-16,1.2572800329418965e-16,2.852179746964935e-16
spirals,43,17,4,0.23529411764705882,5.0,1.25,40000,4000.0,0.1,1.1228009523993712,0.02920411910655498,1.1224236404684456,0.6702456206303724,7.3101271139706634e-06,7.5101824478774e-06,1.1067115227778007e-06,1.1492140706263673e-06,1.453175632434458e-06,1.6753501543440158e-06,0.0018925182363745971,0.25869255061187113,0.25967567516832013,0.0013758338213607502,0.0013933855865150002,True,1.1197066462187634e-16,1.2572800329418965e-16,2.852179746964935e-16
spirals,43,17,4,0.23529411764705882,5.0,1.25,80000,8000.0,0.1,1.122423641091802,6.694774065302956e-05,1.1224236404684456,0.6708142030640133,1.6837854540920334e-08,1.758789450225562e-08,2.97707992066302e-09,3.2468160171899846e-09,6.514403671312554e-09,6.740623568967491e-09,0.001892518238651621,0.25869255061187113,0.25967567516832013,0.0013758338213607502,0.0013933855865150002,True,1.1197066462187634e-16,1.2572800329418965e-16,2.852179746964935e-16
spirals,43,17,4,0.23529411764705882,5.0,1.25,160000,16000.0,0.1,1.1224236404683778,9.4586342966532e-10,1.1224236404684456,0.6708143238610029,1.3164081407399127e-13,1.3205999161085633e-13,2.5141291741568437e-14,2.7562159802145554e-14,4.892461971186026e-14,5.66599335032234e-14,0.001892518238651621,0.25869255061187113,0.25967567516832013,0.0013758338213607502,0.0013933855865150002,True,1.1197066462187634e-16,1.2572800329418965e-16,2.852179746964935e-16
spirals,43,17,6,0.35294117647058826,5.0,0.8333333333333334,1000,100.0,0.1,12.662085339717825,12.614243896729645,1.1224236404684456,-0.9192687514029674,0.002140241272479898,0.0021546067281523968,0.00029915506326748815,0.0003125466591650993,0.0005106410896814365,0.0005396618924000518,0.0018921390230625104,0.509892227145944,0.5118304316559782,0.002408024697421851,0.0024627627850705436,True,1.1197066462187634e-16,1.2572800329418965e-16,2.852179746964935e-16
spirals,43,17,6,0.35294117647058826,5.0,0.8333333333333334,4000,400.0,0.1,3.6667366104866113,3.490123113026874,1.1224236404684456,0.4942321245216556,0.000562333765391374,0.000527427305811285,8.258942875855602e-05,8.150676471028414e-05,0.0002221501762397743,0.00023511963853694272,0.001892473918688458,0.509892227145944,0.5118304316559782,0.002408024697421851,0.0024627627850705436,True,1.1197066462187634e-16,1.2572800329418965e-16,2.852179746964935e-16
spirals,43,17,6,0.35294117647058826,5.0,0.8333333333333334,16000,1600.0,0.1,1.1226780775511942,0.02557083203938533,1.1224236404684456,0.6637402767174588,2.2453851142888944e-05,2.2253089499262634e-05,4.418935990970174e-06,4.668666213069171e-06,9.609255220545961e-06,1.0045245858702237e-05,0.0018925180124321653,0.509892227145944,0.5118304316559782,0.002408024697421851,0.0024627627850705436,True,1.1197066462187634e-16,1.2572800329418965e-16,2.852179746964935e-16
spirals,43,17,6,0.35294117647058826,5.0,0.8333333333333334,40000,4000.0,0.1,1.1224236701504569,0.0003053671576430155,1.1224236404684456,0.670812481883636,3.880814126451781e-08,3.7184407005592765e-08,7.432469453980604e-09,7.281829202875707e-09,1.7324349968884026e-08,1.7562590262079655e-08,0.001892518062534937,0.509892227145944,0.5118304316559782,0.002408024697421851,0.0024627627850705436,True,1.1197066462187634e-16,1.2572800329418965e-16,2.852179746964935e-16
spirals,43,17,6,0.35294117647058826,5.0,0.8333333333333334,80000,8000.0,0.1,1.1224236404683352,5.7397218108505056e-09,1.1224236404684456,0.6708143238332259,1.077783042923106e-12,1.054458349755246e-12,2.4504703190962464e-13,2.4867208562056096e-13,4.0775679726402676e-13,4.0931601107311813e-13,0.0018925180625349422,0.509892227145944,0.5118304316559782,0.002408024697421851,0.0024627627850705436,True,1.1197066462187634e-16,1.2572800329418965e-16,2.852179746964935e-16
spirals,43,17,6,0.35294117647058826,5.0,0.8333333333333334,160000,16000.0,0.1,1.1224236404684005,7.189723002840858e-13,1.1224236404684456,0.6708143238651708,5.643561859535174e-16,1.268596769730202e-15,1.628626129292612e-16,1.6922371160164009e-16,2.9583726549553855e-16,4.849072736788631e-16,0.0018925180625349422,0.509892227145944,0.5118304316559782,0.002408024697421851,0.0024627627850705436,True,1.1197066462187634e-16,1.2572800329418965e-16,2.852179746964935e-16
spirals,43,17,8,0.47058823529411764,5.0,0.625,1000,100.0,0.1,9.006763641639196,8.938551444040275,1.1224236404684456,-0.8894746729883348,0.0014558546598605062,0.0014600858611262927,0.00021589005266080632,0.00022240823037288042,0.0003851313223007313,0.0004154959128133011,0.0018923407524861114,0.561901601665744,0.5623210714581683,0.0029947326507655525,0.0030678889275136956,True,1.1197066462187634e-16,1.2572800329418965e-16,2.852179746964935e-16
spirals,43,17,8,0.47058823529411764,5.0,0.625,4000,400.0,0.1,1.8044550965093669,1.4122265353554695,1.1224236404684456,0.6377227013027598,0.00035984592803810483,0.00039337740644742345,5.112489936699444e-05,5.511416789842132e-05,7.485027995283438e-05,7.815855315711822e-05,0.0018925098714199981,0.561901601665744,0.5623210714581683,0.0029947326507655525,0.0030678889275136956,True,1.1197066462187634e-16,1.2572800329418965e-16,2.852179746964935e-16
spirals,43,17,8,0.47058823529411764,5.0,0.625,16000,1600.0,0.1,1.1224288168891852,0.0035729891162495486,1.1224236404684456,0.6706967675830907,1.139523192814951e-06,1.2150479732044694e-06,1.9967759270153516e-07,2.1287545418570354e-07,2.769030627465831e-07,2.9983100919767093e-07,0.0018925178565793728,0.561901601665744,0.5623210714581683,0.0029947326507655525,0.0030678889275136956,True,1.1197066462187634e-16,1.2572800329418965e-16,2.852179746964935e-16
spirals,43,17,8,0.47058823529411764,5.0,0.625,40000,4000.0,0.1,1.1224236404707275,8.287221503082387e-08,1.1224236404684456,0.6708143241646279,2.4847766925946142e-11,2.4712277166858706e-11,4.288290980751835e-11,4.198332403871194e-11,2.1840121484708482e-11,2.1442493171277876e-11,0.0018925178566557722,0.561901601665744,0.5623210714581683,0.0029947326507655525,0.0030678889275136956,True,1.1197066462187634e-16,1.2572800329418965e-16,2.852179746964935e-16
spirals,43,17,8,0.47058823529411764,5.0,0.625,80000,8000.0,0.1,1.1224236404684034,1.3980383993670471e-12,1.1224236404684456,0.6708143238655757,5.578762798341661e-16,1.2337976747253228e-15,1.3424016700545978e-16,1.825926506588702e-16,3.747104929641811e-16,2.572478119809906e-16,0.0018925178566557722,0.561901601665744,0.5623210714581683,0.0029947326507655525,0.0030678889275136956,True,1.1197066462187634e-16,1.2572800329418965e-16,2.852179746964935e-16
spirals,43,17,8,0.47058823529411764,5.0,0.625,160000,16000.0,0.1,1.1224236404684023,1.0383004655309998e-12,1.1224236404684456,0.670814323865355,5.4476049914114535e-16,1.2364636259455637e-15,1.9085555476613402e-16,2.0272113480586842e-16,3.789082262643886e-16,2.800025846244558e-16,0.0018925178566557722,0.561901601665744,0.5623210714581683,0.0029947326507655525,0.0030678889275136956,True,1.1197066462187634e-16,1.2572800329418965e-16,2.852179746964935e-16
spirals,43,17,17,1.0,5.0,0.29411764705882354,1000,100.0,0.1,1.1224243620348915,0.00014265393987908373,1.1224236404684456,0.6707699189973673,3.550140795441348e-08,5.6036222549010835e-08,1.0800868817296456e-08,1.0092883596775128e-08,1.592962278574429e-08,1.6541764854012225e-08,0.0018925170031103352,0.9999999999999989,0.9999999999999994,0.1470588235294114,0.1470588235294115,True,1.1197066462187634e-16,1.2572800329418965e-16,2.852179746964935e-16
spirals,43,17,17,1.0,5.0,0.29411764705882354,4000,400.0,0.1,1.1224236404684058,2.221355719946362e-12,1.1224236404684456,0.6708143238657823,5.806633704366844e-16,1.2249434695926061e-15,8.475437993728053e-17,6.416865006845925e-17,2.8815450548263944e-16,2.1816554662600973e-16,0.0018925170031106778,0.9999999999999989,0.9999999999999994,0.1470588235294114,0.1470588235294115,True,1.1197066462187634e-16,1.2572800329418965e-16,2.852179746964935e-16
spirals,43,17,17,1.0,5.0,0.29411764705882354,16000,1600.0,0.1,1.1224236404684058,2.2213546355398294e-12,1.1224236404684456,0.6708143238657823,5.801580078791816e-16,1.2249867721762894e-15,8.475437993728053e-17,6.416865006845925e-17,2.8815450548263944e-16,2.1816554662600973e-16,0.0018925170031106778,0.9999999999999989,0.9999999999999994,0.1470588235294114,0.1470588235294115,True,1.1197066462187634e-16,1.2572800329418965e-16,2.852179746964935e-16
spirals,43,17,17,1.0,5.0,0.29411764705882354,40000,4000.0,0.1,1.1224236404684058,2.2213546359331025e-12,1.1224236404684456,0.6708143238657823,5.801550037101794e-16,1.2249434695926061e-15,8.475437993728053e-17,6.416865006845925e-17,2.8815450548263944e-16,2.1816554662600973e-16,0.0018925170031106778,0.9999999999999989,0.9999999999999994,0.1470588235294114,0.1470588235294115,True,1.1197066462187634e-16,1.2572800329418965e-16,2.852179746964935e-16
spirals,43,17,17,1.0,5.0,0.29411764705882354,80000,8000.0,0.1,1.1224236404684058,2.221355719946362e-12,1.1224236404684456,0.6708143238657823,5.80662884417543e-16,1.2249873301800856e-15,8.475437993728053e-17,6.416865006845925e-17,2.8815450548263944e-16,2.1816554662600973e-16,0.0018925170031106778,0.9999999999999989,0.9999999999999994,0.1470588235294114,0.1470588235294115,True,1.1197066462187634e-16,1.2572800329418965e-16,2.852179746964935e-16
spirals,43,17,17,1.0,5.0,0.29411764705882354,160000,16000.0,0.1,1.1224236404684058,2.221355719964208e-12,1.1224236404684456,0.6708143238657823,5.806630540180187e-16,1.2249423559244333e-15,8.475437993728053e-17,6.416865006845925e-17,2.8815450548263944e-16,2.1816554662600973e-16,0.0018925170031106778,0.9999999999999989,0.9999999999999994,0.1470588235294114,0.1470588235294115,True,1.1197066462187634e-16,1.2572800329418965e-16,2.852179746964935e-16
